fips,county,n_gcds,primary_gcd,primary_act,max_coverage,total_coverage
48327,Menard,4,Menard County UWCD,SB 1465,86.5,100
48151,Fisher,1,Clear Fork GCD,HB 3674,100,100
48375,Potter,2,Panhandle GCD,P-TBWE,94.1,99.9
48413,Schleicher,2,Plateau UWC and Supply District,HB 1059,100,100
48045,Briscoe,1,Mesquite GCD,HB 1148,0.3,0.3
48265,Kerr,4,Headwaters UWCD,HB 1463,99.2,100
48269,King,1,Gateway GCD,SB 1950,100,100
48165,Gaines,2,Llano Estacado UWCD,HB 0530,99.9,100
48393,Roberts,3,Panhandle GCD,P-TBWE,99.9,100
48399,Runnels,1,Lipan-Kickapoo WCD,SB 1525,99.1,99.1
48301,Loving,1,Reeves County GGD,SB 890,1.1,1.1
48193,Hamilton,1,Middle Trinity GCD,HB 3665,0.1,0.1
48335,Mitchell,2,Lone Wolf GCD,SB 1911,99.9,100
48493,Wilson,3,Evergreen UWCD,HB 0116,99.7,100
48233,Hutchinson,2,North Plains GCD,P-TBWE,30.6,34.9
48325,Medina,3,Edwards Aquifer Authority,SB 1477,99.9,100
48009,Archer,1,Rolling Plains GCD,HB 2862,0,0
48195,Hansford,1,North Plains GCD,P-TBWE,100,100
48155,Foard,2,Gateway GCD,SB 1950,98.8,100
48095,Concho,2,Lipan-Kickapoo WCD,SB 1525,88.2,99.6
48107,Crosby,2,High Plains UWCD No.1,P-TBWE,74.9,74.9
48117,Deaf Smith,1,High Plains UWCD No.1,P-TBWE,58.7,58.7
48127,Dimmit,1,Wintergarden GCD,HB 3602,100,100
48131,Duval,3,Duval County GCD,SB 1847,99.6,100
48023,Baylor,1,Rolling Plains GCD,HB 2862,99.9,99.9
48047,Brooks,2,Brush Country GCD,SB 2456,71.5,99.5
48191,Hall,1,Mesquite GCD,HB 1148,99.8,99.8
48507,Zavala,3,Wintergarden GCD,HB 3602,99.5,100
48011,Armstrong,2,Panhandle GCD,P-TBWE,92.2,99.9
48359,Oldham,1,High Plains UWCD No.1,P-TBWE,0.1,0.1
48187,Guadalupe,3,Guadalupe County GCD,HB 3817,60.6,100
48235,Irion,2,Irion County WCD,SB 206,100,100
48311,McMullen,1,McMullen GCD,SB 1911,100,100
48463,Uvalde,4,Edwards Aquifer Authority,SB 1477,99.9,100
48469,Victoria,4,Victoria County GCD,HB 3423,98.8,100
48261,Kenedy,1,Kenedy County GCD,HB 3374,99.5,99.5
48433,Stonewall,1,Gateway GCD,SB 1950,0.1,0.1
48227,Howard,1,Permian Basin UWCD,SB 1870,94.7,94.7
48021,Bastrop,1,Lost Pines GCD,P-TBWE,99.9,99.9
48035,Bosque,2,Middle Trinity GCD,HB 3665,99.1,100
48347,Nacogdoches,3,Pineywoods GCD,HB 2572,98.6,99.5
48171,Gillespie,2,Hill Country UWCD,HB 0792,99.9,100
48069,Castro,1,High Plains UWCD No.1,P-TBWE,96.3,96.3
48441,Taylor,1,Wes-Tex GCD,HB 3659,0,0
48303,Lubbock,1,High Plains UWCD No.1,P-TBWE,100,100
48103,Crane,1,Middle Pecos GCD,SB 1911,0.1,0.1
48243,Jeff Davis,4,Jeff Davis County UWCD,HB 2866,99.9,100
48255,Karnes,4,Evergreen UWCD,HB 0116,99.9,100
48435,Sutton,2,Sutton County UWCD,HB 1161,99.8,99.8
48281,Lampasas,2,Saratoga UWCD,HB 3122,98.5,98.6
48431,Sterling,3,Sterling County UWCD,HB 2587,99.9,100
48207,Haskell,1,Rolling Plains GCD,HB 2862,99.9,99.9
48051,Burleson,3,Post Oak Savannah GCD,HB 1784,97.5,99.9
48025,Bee,4,Bee GCD,SB 16,98.3,99.2
48161,Freestone,2,Mid-East Texas GCD,HB 1784,99.2,100
48391,Refugio,4,Refugio GCD,SB 1911,96.1,99.4
48053,Burnet,2,Central Texas GCD,SB 0967,98.9,98.9
48129,Donley,2,Panhandle GCD,P-TBWE,100,100
48471,Walker,3,Bluebonnet GCD,HB 3655,99.1,99.9
48239,Jackson,3,Texana GCD,SB 1911,99.2,100
48383,Reagan,3,Santa Rita UWCD,SB 1634,96.9,100
48179,Gray,1,Panhandle GCD,P-TBWE,100,100
48279,Lamb,1,High Plains UWCD No.1,P-TBWE,100,100
48253,Jones,1,Clear Fork GCD,HB 3674,0,0
48213,Henderson,2,Neches & Trinity Valleys GCD,SB 1821,98.3,98.3
48385,Real,1,Real-Edwards C and R District,SB 447,100,100
48115,Dawson,3,Mesa UWCD,SB 1727,100,100
48481,Wharton,5,Coastal Bend GCD,HB 1038,99.4,100
48405,San Augustine,1,Pineywoods GCD,HB 2572,1.3,1.3
48297,Live Oak,3,Live Oak UWCD,SB 1675,99.8,100
48339,Montgomery,4,Lone Star GCD,HB 2362,99.1,100
48075,Childress,2,Gateway GCD,SB 1950,94,100
48489,Willacy,1,Kenedy County GCD,HB 3374,9.3,9.3
48163,Frio,4,Evergreen UWCD,HB 0116,99.4,100
48217,Hill,3,Prairielands GCD,SB 0726,98.6,100
48005,Angelina,2,Pineywoods GCD,HB 2572,98.5,99.2
48007,Aransas,3,Refugio GCD,SB 1911,1.1,1.4
48341,Moore,1,North Plains GCD,P-TBWE,76.6,76.6
48501,Yoakum,2,Sandy Land UWCD,SB 1777,99.9,100
48029,Bexar,5,Edwards Aquifer Authority,SB 1477,99.1,100
48271,Kinney,2,Kinney County GCD,HB 3243,99.3,99.5
48381,Randall,2,High Plains UWCD No.1,P-TBWE,47.3,47.4
48427,Starr,2,Starr County GCD,SB 1848,99.1,99.1
48483,Wheeler,2,Panhandle GCD,P-TBWE,99.9,100
48181,Grayson,2,Red River GCD,SB 2529,98.8,98.9
48031,Blanco,1,Blanco-Pedernales GCD,P-TCEQ,100,100
48057,Calhoun,4,Calhoun County GCD,SB 1290,98.2,99.6
48479,Webb,2,Wintergarden GCD,HB 3602,0,0.1
48299,Llano,4,Central Texas GCD,SB 0967,0.7,0.8
48289,Leon,3,Mid-East Texas GCD,HB 1784,97.3,98.8
48317,Martin,1,Permian Basin UWCD,SB 1870,99.9,99.9
48017,Bailey,1,High Plains UWCD No.1,P-TBWE,99.8,99.8
48079,Cochran,1,High Plains UWCD No.1,P-TBWE,99.9,99.9
48415,Scurry,3,Garza County UWCD,HB 0846,0.1,0.2
48221,Hood,1,Upper Trinity GCD,SB 1983,100,100
48275,Knox,2,Rolling Plains GCD,HB 2862,99.4,100
48345,Motley,2,Gateway GCD,SB 1950,99.9,100
48039,Brazoria,5,Brazoria County GCD,HB 3675,98.4,99.6
48225,Houston,3,Neches & Trinity Valleys GCD,SB 1821,0.8,1.5
48267,Kimble,2,Kimble County GCD,SB 0002,97.3,100
48013,Atascosa,3,Evergreen UWCD,HB 0116,99.8,100
48055,Caldwell,6,Plum Creek CD,HB 0214,50.1,100
48331,Milam,2,Post Oak Savannah GCD,HB 1784,99.2,100
48421,Sherman,1,North Plains GCD,P-TBWE,100,100
48169,Garza,2,Garza County UWCD,HB 0846,100,100
48389,Reeves,1,Reeves County GGD,SB 890,98.8,98.8
48019,Bandera,3,Bandera County River Authority & Ground Water District,SB 1636,99.9,100
48173,Glasscock,1,Glasscock GCD,HB 2381,99.8,99.8
48145,Falls,3,Southern Trinity GCD,HB 3986,0.3,0.3
48199,Hardin,1,Southeast Texas GCD,SB 1888,99.7,99.7
48295,Lipscomb,1,North Plains GCD,P-TBWE,100,100
48465,Val Verde,3,Kinney County GCD,HB 3243,0.1,0.2
48357,Ochiltree,1,North Plains GCD,P-TBWE,100,100
48411,San Saba,3,Hickory UWCD No. 1,P-TWC,55.3,56.5
48475,Ward,2,Reeves County GGD,SB 890,0.5,0.8
48263,Kent,1,Garza County UWCD,HB 0846,0,0
48257,Kaufman,2,Neches & Trinity Valleys GCD,SB 1821,0.3,0.5
48101,Cottle,2,Gateway GCD,SB 1950,100,100
48313,Madison,3,Mid-East Texas GCD,HB 1784,98.9,99
48157,Fort Bend,4,Fort Bend Subsidence District,HB 2819,98,100
48111,Dallam,1,North Plains GCD,P-TBWE,99.9,99.9
48477,Washington,5,Bluebonnet GCD,HB 3655,1.8,4.3
48487,Wilbarger,1,Gateway GCD,SB 1950,0,0
48205,Hartley,1,North Plains GCD,P-TBWE,83.7,83.7
48027,Bell,3,Clearwater UWCD,HB 3172,99.6,99.7
48231,Hunt,2,Red River GCD,SB 2529,0.1,0.1
48307,McCulloch,2,Hickory UWCD No. 1,P-TWC,74.8,74.9
48349,Navarro,3,Neches & Trinity Valleys GCD,SB 1821,0.7,0.8
48149,Fayette,2,Fayette County GCD,HB 1081,99.5,99.6
48089,Colorado,4,Colorado County GCD,HB 4032,98.9,100
48321,Matagorda,4,Coastal Plains GCD,HB 3640,99.2,99.7
48491,Williamson,1,Post Oak Savannah GCD,HB 1784,0.1,0.1
48091,Comal,4,Comal Trinity GCD,HB 2407,98.5,100
48497,Wise,1,Upper Trinity GCD,SB 1983,99.9,99.9
48121,Denton,2,North Texas GCD,SB 2497,99.9,100
48071,Chambers,1,Harris-Galveston Coastal Subsidence District,HB 0552,2.2,2.2
48337,Montague,1,Upper Trinity GCD,SB 1983,99.6,99.6
48365,Panola,2,Panola County GCD,HB 1498,99.1,99.4
48285,Lavaca,2,Colorado County GCD,HB 4032,0.3,0.5
48241,Jasper,1,Southeast Texas GCD,SB 1888,100,100
48283,La Salle,2,Wintergarden GCD,HB 3602,100,100
48309,McLennan,2,Southern Trinity GCD,HB 3986,100,100
48369,Parmer,1,High Plains UWCD No.1,P-TBWE,99.9,99.9
48443,Terrell,2,Terrell County GCD,SB 2859,99.3,99.7
48183,Gregg,1,Rusk County GCD,HB 3569,1.1,1.1
48087,Collingsworth,3,Mesquite GCD,HB 1148,99.8,100
48153,Floyd,1,High Plains UWCD No.1,P-TBWE,93.1,93.1
48093,Comanche,1,Middle Trinity GCD,HB 3665,99.9,99.9
48453,Travis,3,Southwestern Travis County GCD,HB 4345,20.7,32.6
48203,Harrison,1,Panola County GCD,HB 1498,0.2,0.2
48001,Anderson,2,Neches & Trinity Valleys GCD,SB 1821,99.1,99.9
48277,Lamar,1,Red River GCD,SB 2529,0.1,0.1
48373,Polk,2,Lower Trinity GCD,SB 1017,99.9,100
48113,Dallas,1,North Texas GCD,SB 2497,0,0
48377,Presidio,3,Presidio County UWCD,HB 2817,99.4,99.5
48457,Tyler,2,Southeast Texas GCD,SB 1888,99.8,100
48367,Parker,1,Upper Trinity GCD,SB 1983,100,100
48073,Cherokee,3,Neches & Trinity Valleys GCD,SB 1821,99.2,99.6
48197,Hardeman,1,Gateway GCD,SB 1950,99.1,99.1
48455,Trinity,3,Pineywoods GCD,HB 2572,0.9,2.3
48041,Brazos,4,Brazos Valley GCD,SB 1911,98.1,99.7
48473,Waller,2,Bluebonnet GCD,HB 3655,98.5,98.8
48407,San Jacinto,3,Lower Trinity GCD,SB 1017,99.2,99.6
48043,Brewster,2,Brewster County GCD,HB 0787,99.4,99.5
48287,Lee,3,Lost Pines GCD,P-TBWE,98.6,100
48177,Gonzales,4,Gonzales County UWCD,P-TWC,84.9,85.1
48097,Cooke,2,North Texas GCD,SB 2497,98,98.1
48219,Hockley,2,High Plains UWCD No.1,P-TBWE,93.5,95.2
48077,Clay,1,Upper Trinity GCD,SB 1983,0.1,0.1
48319,Mason,1,Hickory UWCD No. 1,P-TWC,100,100
48245,Jefferson,1,Southeast Texas GCD,SB 1888,0.8,0.8
48109,Culberson,2,Culberson County GCD,SB 1942,45.2,45.2
48425,Somervell,3,Prairielands GCD,SB 0726,99.5,100
48123,DeWitt,3,Pecan Valley GCD,HB 3231,99.6,100
48201,Harris,5,Harris-Galveston Coastal Subsidence District,HB 0552,98.4,99.7
48209,Hays,4,Hays Trinity GCD,SB 1911,54.4,100
48451,Tom Green,4,Lipan-Kickapoo WCD,SB 1525,70.2,74.6
48251,Johnson,3,Prairielands GCD,SB 0726,99.6,100
48291,Liberty,2,Harris-Galveston Coastal Subsidence District,HB 0552,0.2,0.3
48125,Dickens,1,High Plains UWCD No.1,P-TBWE,0,0
48259,Kendall,4,Cow Creek GCD,SB 1911,99.4,100
48305,Lynn,2,High Plains UWCD No.1,P-TBWE,99.9,100
48139,Ellis,2,Prairielands GCD,SB 0726,99.4,99.5
48395,Robertson,3,Brazos Valley GCD,SB 1911,99,99.8
48409,San Patricio,5,San Patricio County GCD,HB 3590,97.8,100
48439,Tarrant,3,Northern Trinity GCD,HB 4028,99.4,100
48147,Fannin,1,Red River GCD,SB 2529,98.2,98.2
48081,Coke,3,Coke County UWCD,HB 2418,99.9,100
48099,Coryell,2,Middle Trinity GCD,HB 3665,99.9,100
48351,Newton,1,Southeast Texas GCD,SB 1888,97.5,97.5
48445,Terry,3,South Plains UWCD,HB 0281,99.8,99.9
48353,Nolan,3,Wes-Tex GCD,HB 3659,99.9,100
48211,Hemphill,3,Hemphill County UWCD,HB 1493,99.9,100
48363,Palo Pinto,1,Middle Trinity GCD,HB 3665,0,0
48437,Swisher,1,High Plains UWCD No.1,P-TBWE,100,100
48273,Kleberg,2,Kenedy County GCD,HB 3374,68.2,68.6
48065,Carson,1,Panhandle GCD,P-TBWE,100,100
48401,Rusk,2,Rusk County GCD,HB 3569,99.3,99.8
48085,Collin,2,North Texas GCD,SB 2497,99.9,100
48419,Shelby,2,Rusk County GCD,HB 3569,0.3,0.3
48189,Hale,1,High Plains UWCD No.1,P-TBWE,100,100
48167,Galveston,1,Harris-Galveston Coastal Subsidence District,HB 0552,96.5,96.5
48215,Hidalgo,4,Kenedy County GCD,HB 3374,7.3,16.2
48083,Coleman,1,Lipan-Kickapoo WCD,SB 1525,0.4,0.4
48355,Nueces,4,Corpus Christi ASRCD,HB 3513,34.5,39.4
48371,Pecos,6,Middle Pecos GCD,SB 1911,99.4,99.6
48143,Erath,2,Middle Trinity GCD,HB 3665,99.9,100
48175,Goliad,3,Goliad County GCD,HB 3651,98.3,100
48423,Smith,2,Neches & Trinity Valleys GCD,SB 1821,0.9,0.9
48185,Grimes,3,Bluebonnet GCD,HB 3655,98.1,99.9
48247,Jim Hogg,2,Brush Country GCD,SB 2456,99.9,100
48293,Limestone,1,Southern Trinity GCD,HB 3986,0,0
48229,Hudspeth,2,Hudspeth County UWCD No. 1,HB 3442,19.6,19.7
48137,Edwards,1,Real-Edwards C and R District,SB 447,100,100
48015,Austin,3,Bluebonnet GCD,HB 3655,98.7,99.7
48249,Jim Wells,5,Brush Country GCD,SB 2456,93,98.6
48105,Crockett,7,Crockett County GCD,SB 1635,99.1,100
48159,Franklin,0,,,0,0
48499,Wood,0,,,0,0
48429,Stephens,0,,,0,0
48237,Jack,0,,,0,0
48403,Sabine,0,,,0,0
48449,Titus,0,,,0,0
48447,Throckmorton,0,,,0,0
48417,Shackelford,0,,,0,0
48003,Andrews,0,,,0,0
48467,Van Zandt,0,,,0,0
48059,Callahan,0,,,0,0
48067,Cass,0,,,0,0
48135,Ector,0,,,0,0
48397,Rockwall,0,,,0,0
48503,Young,0,,,0,0
48387,Red River,0,,,0,0
48315,Marion,0,,,0,0
48133,Eastland,0,,,0,0
48495,Winkler,0,,,0,0
48459,Upshur,0,,,0,0
48223,Hopkins,0,,,0,0
48505,Zapata,0,,,0,0
48037,Bowie,0,,,0,0
48049,Brown,0,,,0,0
48333,Mills,0,,,0,0
48033,Borden,0,,,0,0
48141,El Paso,0,,,0,0
48063,Camp,0,,,0,0
48485,Wichita,0,,,0,0
48323,Maverick,0,,,0,0
48361,Orange,0,,,0,0
48329,Midland,0,,,0,0
48379,Rains,0,,,0,0
48343,Morris,0,,,0,0
48461,Upton,0,,,0,0
48061,Cameron,0,,,0,0
48119,Delta,0,,,0,0
