fips,county,gcd_name,gcd_short,gcd_enabling,gcd_est_date,county_area_km2,coverage_km2,coverage_pct
48327,Menard,MENARD COUNTY UNDERGROUND WATER DISTRICT,Menard County UWCD,SB 1465,1999-08-14,2327.59884747242,2012.92316330286,86.4806736559752
48327,Menard,LIPAN-KICKAPOO WATER CONSERVATION DISTRICT,Lipan-Kickapoo WCD,SB 1525,1987-11-03,2327.59884747242,2.59793131619074,0.111614220767117
48327,Menard,HICKORY UNDERGROUND WATER CONSERVATION DISTRICT NO. 1,Hickory UWCD No. 1,P-TWC,1982-08-14,2327.59884747242,313.753285785488,13.4796975916275
48327,Menard,KIMBLE COUNTY GROUNDWATER CONSERVATION DISTRICT,Kimble County GCD,SB 0002,2002-05-03,2327.59884747242,0.744828949104711,0.0319998847702445
48151,Fisher,CLEAR FORK GROUNDWATER CONSERVATION DISTRICT,Clear Fork GCD,HB 3674,2002-11-05,2325.47023050341,2324.89251308377,99.9751569634362
48159,Franklin,,,,,766.510575497906,0,0
48375,Potter,HIGH PLAINS UNDERGROUND WATER CONSERVATION DISTRICT NO. 1,High Plains UWCD No.1,P-TBWE,1951-09-29,2390.71655097168,140.005609842563,5.85621954161228
48375,Potter,PANHANDLE GROUNDWATER CONSERVATION DISTRICT,Panhandle GCD,P-TBWE,1956-01-21,2390.71655097168,2249.00147349271,94.0722760537473
48413,Schleicher,CROCKETT COUNTY GROUNDWATER CONSERVATION DISTRICT,Crockett County GCD,SB 1635,1991-01-26,3372.83431735192,1.52096981287669,0.0450947087751061
48413,Schleicher,PLATEAU UNDERGROUND WATER CONSERVATION AND SUPPLY DISTRICT,Plateau UWC and Supply District,HB 1059,1974-03-04,3372.83431735192,3371.2989685116,99.9544789724055
48499,Wood,,,,,1792.20353303242,0,0
48045,Briscoe,MESQUITE GROUNDWATER CONSERVATION DISTRICT,Mesquite GCD,HB 1148,1986-11-04,2331.29950679042,7.46154797051972,0.320059604044283
48265,Kerr,HEADWATERS GROUNDWATER CONSERVATION DISTRICT,Headwaters UWCD,HB 1463,1991-11-05,2877.758697969,2855.93934553551,99.2417935371411
48265,Kerr,HILL COUNTRY UNDERGROUND WATER CONSERVATION DISTRICT,Hill Country UWCD,HB 0792,1987-08-08,2877.758697969,0.707135977478117,0.0245724555702736
48265,Kerr,COW CREEK GROUNDWATER CONSERVATION DISTRICT,Cow Creek GCD,SB 1911,2002-11-05,2877.758697969,4.01163328666217,0.139401308716169
48265,Kerr,BANDERA COUNTY RIVER AUTHORITY,Bandera County River Authority & Ground Water District,SB 1636,1989-11-07,2877.758697969,16.5267532880805,0.574292531884079
48269,King,GATEWAY GROUNDWATER CONSERVATION DISTRICT,Gateway GCD,SB 1950,2003-05-03,2358.89126367279,2358.41430773372,99.9797805033912
48165,Gaines,LLANO ESTACADO UNDERGROUND WATER CONSERVATION DISTRICT,Llano Estacado UWCD,HB 0530,1998-11-03,3878.15400230373,3875.43168547552,99.9298037977196
48165,Gaines,SOUTH PLAINS UNDERGROUND WATER CONSERVATION DISTRICT,South Plains UWCD,HB 0281,1992-02-08,3878.15400230373,1.26848929758912,0.0327085849823294
48393,Roberts,HEMPHILL COUNTY UNDERGROUND WATER CONSERVATION DISTRICT,Hemphill County UWCD,HB 1493,1997-11-04,2400.98642782853,1.68473675016952,0.0701685245132021
48393,Roberts,NORTH PLAINS GROUNDWATER CONSERVATION DISTRICT,North Plains GCD,P-TBWE,1955-01-02,2400.98642782853,0.953349903698251,0.0397065927840529
48393,Roberts,PANHANDLE GROUNDWATER CONSERVATION DISTRICT,Panhandle GCD,P-TBWE,1956-01-21,2400.98642782853,2398.647648869,99.9025909129507
48399,Runnels,LIPAN-KICKAPOO WATER CONSERVATION DISTRICT,Lipan-Kickapoo WCD,SB 1525,1987-11-03,2722.2764152552,2697.8049583567,99.1010664177462
48301,Loving,REEVES COUNTY GROUNDWATER CONSERVATION DISTRICT,Reeves County GGD,SB 890,2015-11-02,1747.96727835168,18.4451099699784,1.05523199423802
48193,Hamilton,MIDDLE TRINITY GROUNDWATER CONSERVATION DISTRICT,Middle Trinity GCD,HB 3665,2002-05-04,2157.33703201253,1.53985036811708,0.0713773668771907
48335,Mitchell,LONE WOLF GROUNDWATER CONSERVATION DISTRICT,Lone Wolf GCD,SB 1911,2002-02-02,2363.10315917296,2360.6102714653,99.8945078763072
48335,Mitchell,PERMIAN BASIN UNDERGROUND WATER CONSERVATION DISTRICT,Permian Basin UWCD,SB 1870,1985-09-21,2363.10315917296,1.93451897070694,0.081863500676965
48493,Wilson,EVERGREEN UNDERGROUND WATER CONSERVATION DISTRICT,Evergreen UWCD,HB 0116,1965-08-30,2089.16953358651,2083.29909665038,99.7190061963974
48493,Wilson,GUADALUPE COUNTY GROUNDWATER CONSERVATION DISTRICT,Guadalupe County GCD,HB 3817,1999-11-14,2089.16953358651,2.8039260438388,0.134212470494209
48493,Wilson,EDWARDS AQUIFER AUTHORITY,Edwards Aquifer Authority,SB 1477,1996-07-28,2089.16953358651,4.40264866257334,0.210736782812223
48233,Hutchinson,NORTH PLAINS GROUNDWATER CONSERVATION DISTRICT,North Plains GCD,P-TBWE,1955-01-02,2325.02524998387,711.394727386589,30.5972903903528
48233,Hutchinson,PANHANDLE GROUNDWATER CONSERVATION DISTRICT,Panhandle GCD,P-TBWE,1956-01-21,2325.02524998387,99.0084424935159,4.25838138722162
48325,Medina,EDWARDS AQUIFER AUTHORITY,Edwards Aquifer Authority,SB 1477,1996-07-28,3447.27689068718,3442.44392334778,99.8598033319442
48325,Medina,MEDINA COUNTY GROUNDWATER CONSERVATION DISTRICT,Medina County GCD,SB 1058,1991-08-26,3447.27689068718,3442.38476483597,99.8580872379463
48325,Medina,BANDERA COUNTY RIVER AUTHORITY,Bandera County River Authority & Ground Water District,SB 1636,1989-11-07,3447.27689068718,4.83296591356633,0.140196626694612
48009,Archer,ROLLING PLAINS GROUNDWATER CONSERVATION DISTRICT,Rolling Plains GCD,HB 2862,1999-01-26,2390.27390388622,0.592783622760773,0.0247998198782573
48195,Hansford,NORTH PLAINS GROUNDWATER CONSERVATION DISTRICT,North Plains GCD,P-TBWE,1955-01-02,2391.77434206305,2391.60148781551,99.9927729700707
48155,Foard,GATEWAY GROUNDWATER CONSERVATION DISTRICT,Gateway GCD,SB 1950,2003-05-03,1814.2507580576,1792.0087772343,98.774040428286
48155,Foard,ROLLING PLAINS GROUNDWATER CONSERVATION DISTRICT,Rolling Plains GCD,HB 2862,1999-01-26,1814.2507580576,22.0506122726665,1.21541149561236
48095,Concho,LIPAN-KICKAPOO WATER CONSERVATION DISTRICT,Lipan-Kickapoo WCD,SB 1525,1987-11-03,2553.01731387829,2250.75820750708,88.1607106725004
48095,Concho,HICKORY UNDERGROUND WATER CONSERVATION DISTRICT NO. 1,Hickory UWCD No. 1,P-TWC,1982-08-14,2553.01731387829,290.981459037788,11.3975513388022
48107,Crosby,GARZA COUNTY UNDERGROUND CONSERVATION DISTRICT,Garza County UWCD,HB 0846,1996-11-05,2329.42996429007,1.45288068458156,0.0623706532007431
48107,Crosby,HIGH PLAINS UNDERGROUND WATER CONSERVATION DISTRICT NO. 1,High Plains UWCD No.1,P-TBWE,1951-09-29,2329.42996429007,1744.27617774783,74.879957950546
48117,Deaf Smith,HIGH PLAINS UNDERGROUND WATER CONSERVATION DISTRICT NO. 1,High Plains UWCD No.1,P-TBWE,1951-09-29,3867.21564251644,2268.56128522176,58.6613598755921
48127,Dimmit,WINTERGARDEN GROUNDWATER CONSERVATION DISTRICT,Wintergarden GCD,HB 3602,1998-01-17,3452.33707386095,3451.76813986986,99.9835203232211
48131,Duval,MCMULLEN GROUNDWATER CONSERVATION DISTRICT,McMullen GCD,SB 1911,2001-11-06,4659.04740826944,1.68428022594756,0.0361507423804723
48131,Duval,BRUSH COUNTRY GROUNDWATER CONSERVATION DISTRICT,Brush Country GCD,SB 2456,2009-11-03,4659.04740826944,16.2452965453214,0.348682791175023
48131,Duval,DUVAL COUNTY GROUNDWATER CONSERVATION DISTRICT,Duval County GCD,SB 1847,2009-07-25,4659.04740826944,4640.94205958937,99.6113937658601
48023,Baylor,ROLLING PLAINS GROUNDWATER CONSERVATION DISTRICT,Rolling Plains GCD,HB 2862,1999-01-26,2327.61911887183,2326.34854200192,99.9454130248542
48047,Brooks,KENEDY COUNTY GROUNDWATER CONSERVATION DISTRICT,Kenedy County GCD,HB 3374,2004-11-02,2441.60080314846,684.593637399733,28.0387210111065
48047,Brooks,BRUSH COUNTRY GROUNDWATER CONSERVATION DISTRICT,Brush Country GCD,SB 2456,2009-11-03,2441.60080314846,1745.97149640946,71.5092939909761
48191,Hall,MESQUITE GROUNDWATER CONSERVATION DISTRICT,Mesquite GCD,HB 1148,1986-11-04,2336.98054361175,2332.94915267145,99.8274957422596
48507,Zavala,UVALDE COUNTY UNDERGROUND WATER CONSERVATION DISTRICT,Uvalde County UWCD,SB 1477,1993-09-01,3362.3093038391,16.1698182311825,0.480914061437468
48507,Zavala,WINTERGARDEN GROUNDWATER CONSERVATION DISTRICT,Wintergarden GCD,HB 3602,1998-01-17,3362.3093038391,3344.61262021279,99.4736747268879
48507,Zavala,EDWARDS AQUIFER AUTHORITY,Edwards Aquifer Authority,SB 1477,1996-07-28,3362.3093038391,16.1726237597305,0.480997501962849
48011,Armstrong,HIGH PLAINS UNDERGROUND WATER CONSERVATION DISTRICT NO. 1,High Plains UWCD No.1,P-TBWE,1951-09-29,2369.44459993266,182.532004226567,7.70357763299274
48011,Armstrong,PANHANDLE GROUNDWATER CONSERVATION DISTRICT,Panhandle GCD,P-TBWE,1956-01-21,2369.44459993266,2183.66658728524,92.1594278822685
48429,Stephens,,,,,2375.41883380787,0,0
48359,Oldham,HIGH PLAINS UNDERGROUND WATER CONSERVATION DISTRICT NO. 1,High Plains UWCD No.1,P-TBWE,1951-09-29,3909.61664091465,4.77205365449765,0.122059375452762
48187,Guadalupe,GUADALUPE COUNTY GROUNDWATER CONSERVATION DISTRICT,Guadalupe County GCD,HB 3817,1999-11-14,1829.51891575311,1108.66444357436,60.5986871208702
48187,Guadalupe,EDWARDS AQUIFER AUTHORITY,Edwards Aquifer Authority,SB 1477,1996-07-28,1829.51891575311,974.331972057106,53.2561846542062
48187,Guadalupe,"COMAL TRINITY GROUNDWATER CONSERVATION DISTRICT",Comal Trinity GCD,HB 2407,2015-06-17,1829.51891575311,2.51005566611099,0.137197579347123
48235,Irion,SANTA RITA UNDERGROUND WATER CONSERVATION DISTRICT,Santa Rita UWCD,SB 1634,1989-08-19,2707.98274485371,1.74564630624218,0.0644629774528525
48235,Irion,IRION COUNTY WATER CONSERVATION DISTRICT,Irion County WCD,SB 206,1985-08-02,2707.98274485371,2707.7955512237,99.9930873403695
48237,Jack,,,,,2378.97644108585,0,0
48311,McMullen,MCMULLEN GROUNDWATER CONSERVATION DISTRICT,McMullen GCD,SB 1911,2001-11-06,2991.44276477974,2990.69873042678,99.9751279094585
48403,Sabine,,,,,1494.83392760305,0,0
48463,Uvalde,UVALDE COUNTY UNDERGROUND WATER CONSERVATION DISTRICT,Uvalde County UWCD,SB 1477,1993-09-01,4022.82912228271,4018.61613421468,99.895273004645
48463,Uvalde,REAL-EDWARDS CONSERVATION AND RECLAMATION DISTRICT,Real-Edwards C and R District,SB 447,1959-05-30,4022.82912228271,2.73733016777429,0.068044902842431
48463,Uvalde,KINNEY COUNTY GROUNDWATER CONSERVATION DISTRICT,Kinney County GCD,HB 3243,2002-01-12,4022.82912228271,1.22854747561825,0.0305393900231369
48463,Uvalde,EDWARDS AQUIFER AUTHORITY,Edwards Aquifer Authority,SB 1477,1996-07-28,4022.82912228271,4018.65736757885,99.8962979888766
48469,Victoria,TEXANA GROUNDWATER CONSERVATION DISTRICT,Texana GCD,SB 1911,2001-11-06,2255.94618026092,18.9299987654725,0.839115708127535
48469,Victoria,REFUGIO GROUNDWATER CONSERVATION DISTRICT,Refugio GCD,SB 1911,2001-11-06,2255.94618026092,2.58568984465189,0.114616645879062
48469,Victoria,GOLIAD COUNTY GROUNDWATER CONSERVATION DISTRICT,Goliad County GCD,HB 3651,2001-11-06,2255.94618026092,4.39657987681675,0.194888509100347
48469,Victoria,VICTORIA COUNTY GROUNDWATER CONSERVATION DISTRICT,Victoria County GCD,HB 3423,2005-08-05,2255.94618026092,2229.45048721153,98.8255175020917
48261,Kenedy,KENEDY COUNTY GROUNDWATER CONSERVATION DISTRICT,Kenedy County GCD,HB 3374,2004-11-02,4613.57699488333,4590.35502062843,99.4966600908437
48433,Stonewall,GATEWAY GROUNDWATER CONSERVATION DISTRICT,Gateway GCD,SB 1950,2003-05-03,2379.67434947038,3.24080823939137,0.13618704761484
48227,Howard,PERMIAN BASIN UNDERGROUND WATER CONSERVATION DISTRICT,Permian Basin UWCD,SB 1870,1985-09-21,2332.63327598106,2209.77186990284,94.7329309178894
48021,Bastrop,LOST PINES GROUNDWATER CONSERVATION DISTRICT,Lost Pines GCD,P-TBWE,2002-11-05,2293.21594223751,2290.26246700138,99.8712081500162
48035,Bosque,MIDDLE TRINITY GROUNDWATER CONSERVATION DISTRICT,Middle Trinity GCD,HB 3665,2002-05-04,2564.98681089761,2542.42687165507,99.1204656824472
48035,Bosque,PRAIRIELANDS GROUNDWATER CONSERVATION DISTRICT,Prairielands GCD,SB 0726,2009-09-01,2564.98681089761,22.4762137515901,0.876270149074358
48347,Nacogdoches,PINEYWOODS GROUNDWATER CONSERVATION DISTRICT,Pineywoods GCD,HB 2572,2001-11-06,2532.30691040601,2497.33143919758,98.6188296898492
48347,Nacogdoches,NECHES & TRINITY VALLEYS GROUNDWATER CONSERVATION DISTRICT,Neches & Trinity Valleys GCD,SB 1821,2001-11-06,2532.30691040601,20.373995726068,0.804562655590646
48347,Nacogdoches,RUSK COUNTY GROUNDWATER CONSERVATION DISTRICT,Rusk County GCD,HB 3569,2004-06-05,2532.30691040601,2.54400159781385,0.100461819511679
48171,Gillespie,HILL COUNTRY UNDERGROUND WATER CONSERVATION DISTRICT,Hill Country UWCD,HB 0792,1987-08-08,2737.18795449006,2734.58155330969,99.9047781437115
48171,Gillespie,HICKORY UNDERGROUND WATER CONSERVATION DISTRICT NO. 1,Hickory UWCD No. 1,P-TWC,1982-08-14,2737.18795449006,2.55729426450511,0.0934277918441863
48069,Castro,HIGH PLAINS UNDERGROUND WATER CONSERVATION DISTRICT NO. 1,High Plains UWCD No.1,P-TBWE,1951-09-29,2329.41071079832,2244.14803864101,96.3397321149911
48441,Taylor,WES-TEX GROUNDWATER CONSERVATION DISTRICT,Wes-Tex GCD,HB 3659,2002-11-05,2371.06745605002,0.651949764594753,0.0274960445739845
48303,Lubbock,HIGH PLAINS UNDERGROUND WATER CONSERVATION DISTRICT NO. 1,High Plains UWCD No.1,P-TBWE,1951-09-29,2327.84737448463,2327.84404970692,99.9998571737243
48449,Titus,,,,,1089.83472782594,0,0
48103,Crane,MIDDLE PECOS GROUNDWATER CONSERVATION DISTRICT,Middle Pecos GCD,SB 1911,2002-11-05,1995.31761815567,1.74743470539153,0.0875767692066359
48243,Jeff Davis,BREWSTER COUNTY GROUNDWATER CONSERVATION DISTRICT,Brewster County GCD,HB 0787,2001-11-06,5834.11071881178,1.45667601401377,0.0249682613892944
48243,Jeff Davis,PRESIDIO COUNTY UNDERGROUND WATER CONSERVATION DISTRICT,Presidio County UWCD,HB 2817,1999-08-31,5834.11071881178,1.0114054586414,0.0173360689810046
48243,Jeff Davis,JEFF DAVIS COUNTY UNDERGROUND WATER CONSERVATION DISTRICT,Jeff Davis County UWCD,HB 2866,1993-11-02,5834.11071881178,5829.54321530314,99.9217103732037
48243,Jeff Davis,REEVES COUNTY GROUNDWATER CONSERVATION DISTRICT,Reeves County GGD,SB 890,2015-11-02,5834.11071881178,1.75112220372391,0.0300152377649863
48255,Karnes,EVERGREEN UNDERGROUND WATER CONSERVATION DISTRICT,Evergreen UWCD,HB 0116,1965-08-30,1937.97444001177,1936.15775617858,99.9062586277874
48255,Karnes,PECAN VALLEY GROUNDWATER CONSERVATION DISTRICT,Pecan Valley GCD,HB 3231,2001-11-06,1937.97444001177,0.565064580277242,0.0291574836391448
48255,Karnes,BEE GROUNDWATER CONSERVATION DISTRICT,Bee GCD,SB 16,2001-01-20,1937.97444001177,0.527904063540376,0.0272399910257417
48255,Karnes,GONZALES COUNTY UNDERGROUND WATER CONSERVATION DISTRICT,Gonzales County UWCD,P-TWC,1994-11-02,1937.97444001177,0.527527101113958,0.0272205396636064
48435,Sutton,CROCKETT COUNTY GROUNDWATER CONSERVATION DISTRICT,Crockett County GCD,SB 1635,1991-01-26,3754.85853738745,1.43407150151763,0.0381924242215375
48435,Sutton,SUTTON COUNTY UNDERGROUND WATER CONSERVATION DISTRICT,Sutton County UWCD,HB 1161,1986-04-05,3754.85853738745,3747.58587334763,99.8063132347756
48281,Lampasas,SARATOGA UNDERGROUND WATER CONSERVATION DISTRICT,Saratoga UWCD,HB 3122,1989-11-07,1845.09034267587,1817.81563595939,98.5217684963366
48281,Lampasas,CLEARWATER UNDERGROUND WATER CONSERVATION DISTRICT,Clearwater UWCD,HB 3172,1999-08-21,1845.09034267587,1.11291911018276,0.0603178654422273
48447,Throckmorton,,,,,2364.21607275618,0,0
48431,Sterling,GLASSCOCK GROUNDWATER CONSERVATION DISTRICT,Glasscock GCD,HB 2381,1981-08-22,2381.5381155357,1.55859759251022,0.0654449988577922
48431,Sterling,LONE WOLF GROUNDWATER CONSERVATION DISTRICT,Lone Wolf GCD,SB 1911,2002-02-02,2381.5381155357,0.909798865567029,0.0382021542981848
48431,Sterling,STERLING COUNTY UNDERGROUND WATER CONSERVATION DISTRICT,Sterling County UWCD,HB 2587,1987-11-03,2381.5381155357,2378.62181085352,99.8775453282419
48417,Shackelford,,,,,2362.95774476637,0,0
48207,Haskell,ROLLING PLAINS GROUNDWATER CONSERVATION DISTRICT,Rolling Plains GCD,HB 2862,1999-01-26,2351.60728411175,2350.10197960312,99.9359882698613
48051,Burleson,BRAZOS VALLEY GROUNDWATER CONSERVATION DISTRICT,Brazos Valley GCD,SB 1911,2002-11-05,1741.19756055663,27.991437563593,1.60759687456974
48051,Burleson,POST OAK SAVANNAH GROUNDWATER CONSERVATION DISTRICT,Post Oak Savannah GCD,HB 1784,2002-11-05,1741.19756055663,1698.25215965894,97.5335710392353
48051,Burleson,LOST PINES GROUNDWATER CONSERVATION DISTRICT,Lost Pines GCD,P-TBWE,2002-11-05,1741.19756055663,13.0082585114069,0.747086878943726
48025,Bee,GOLIAD COUNTY GROUNDWATER CONSERVATION DISTRICT,Goliad County GCD,HB 3651,2001-11-06,2272.26804517167,7.09648471781072,0.312308432664448
48025,Bee,EVERGREEN UNDERGROUND WATER CONSERVATION DISTRICT,Evergreen UWCD,HB 0116,1965-08-30,2272.26804517167,12.0984045037026,0.5324373825267
48025,Bee,BEE GROUNDWATER CONSERVATION DISTRICT,Bee GCD,SB 16,2001-01-20,2272.26804517167,2233.82504626407,98.3081661959165
48025,Bee,LIVE OAK UNDERGROUND WATER CONSERVATION DISTRICT,Live Oak UWCD,SB 1675,1989-11-07,2272.26804517167,0.954843720933046,0.0420216146137332
48161,Freestone,NECHES & TRINITY VALLEYS GROUNDWATER CONSERVATION DISTRICT,Neches & Trinity Valleys GCD,SB 1821,2001-11-06,2299.53909343012,18.7433815614841,0.815092972980314
48161,Freestone,MID-EAST TEXAS GROUNDWATER CONSERVATION DISTRICT,Mid-East Texas GCD,HB 1784,2002-11-05,2299.53909343012,2280.57464064013,99.175293307943
48391,Refugio,REFUGIO GROUNDWATER CONSERVATION DISTRICT,Refugio GCD,SB 1911,2001-11-06,2130.72781798521,2047.57145539481,96.0972789725422
48391,Refugio,VICTORIA COUNTY GROUNDWATER CONSERVATION DISTRICT,Victoria County GCD,HB 3423,2005-08-05,2130.72781798521,19.1836255047846,0.900332052872167
48391,Refugio,SAN PATRICIO GROUNDWATER CONSERVATION DISTRICT,San Patricio County GCD,HB 3590,2007-05-12,2130.72781798521,9.81629525072969,0.460701510904938
48391,Refugio,CALHOUN GROUNDWATER CONSERVATION DISTRICT,Calhoun County GCD,SB 1290,2014-11-04,2130.72781798521,40.5617171816088,1.90365549457947
48053,Burnet,SARATOGA UNDERGROUND WATER CONSERVATION DISTRICT,Saratoga UWCD,HB 3122,1989-11-07,2613.8641705223,1.99862990295255,0.0764626534726625
48053,Burnet,CENTRAL TEXAS GROUNDWATER CONSERVATION DISTRICT,Central Texas GCD,SB 0967,2005-09-24,2613.8641705223,2584.2843793455,98.8683501036362
48129,Donley,PANHANDLE GROUNDWATER CONSERVATION DISTRICT,Panhandle GCD,P-TBWE,1956-01-21,2416.67046150637,2415.55961987949,99.9540342117566
48129,Donley,MESQUITE GROUNDWATER CONSERVATION DISTRICT,Mesquite GCD,HB 1148,1986-11-04,2416.67046150637,0.561680138551092,0.0232419002713751
48471,Walker,LONE STAR GROUNDWATER CONSERVATION DISTRICT,Lone Star GCD,HB 2362,2001-11-06,2070.19508664954,5.88901551014652,0.284466693410883
48471,Walker,BLUEBONNET GROUNDWATER CONSERVATION DISTRICT,Bluebonnet GCD,HB 3655,2002-11-05,2070.19508664954,2050.62939946862,99.0548867926939
48471,Walker,MID-EAST TEXAS GROUNDWATER CONSERVATION DISTRICT,Mid-East Texas GCD,HB 1784,2002-11-05,2070.19508664954,12.0218765354662,0.580712253303756
48239,Jackson,TEXANA GROUNDWATER CONSERVATION DISTRICT,Texana GCD,SB 1911,2001-11-06,2206.05754874939,2187.82830147485,99.1736730855064
48239,Jackson,VICTORIA COUNTY GROUNDWATER CONSERVATION DISTRICT,Victoria County GCD,HB 3423,2005-08-05,2206.05754874939,10.0669199967019,0.456330797100412
48239,Jackson,CALHOUN GROUNDWATER CONSERVATION DISTRICT,Calhoun County GCD,SB 1290,2014-11-04,2206.05754874939,8.0161615920428,0.363370465860565
48383,Reagan,GLASSCOCK GROUNDWATER CONSERVATION DISTRICT,Glasscock GCD,HB 2381,1981-08-22,3034.23627543179,249.338852154304,8.2175160244837
48383,Reagan,SANTA RITA UNDERGROUND WATER CONSERVATION DISTRICT,Santa Rita UWCD,SB 1634,1989-08-19,3034.23627543179,2938.68323670173,96.8508372435019
48383,Reagan,IRION COUNTY WATER CONSERVATION DISTRICT,Irion County WCD,SB 206,1985-08-02,3034.23627543179,0.61905259789753,0.0204022541985276
48179,Gray,PANHANDLE GROUNDWATER CONSERVATION DISTRICT,Panhandle GCD,P-TBWE,1956-01-21,2407.57568244367,2407.57568244366,99.9999999999996
48279,Lamb,HIGH PLAINS UNDERGROUND WATER CONSERVATION DISTRICT NO. 1,High Plains UWCD No.1,P-TBWE,1951-09-29,2630.38317128083,2630.38317128082,99.9999999999999
48253,Jones,CLEAR FORK GROUNDWATER CONSERVATION DISTRICT,Clear Fork GCD,HB 3674,2002-11-05,2417.68922189422,0.644790468559265,0.0266697002542818
48213,Henderson,PRAIRIELANDS GROUNDWATER CONSERVATION DISTRICT,Prairielands GCD,SB 0726,2009-09-01,2434.56454539695,0.689668382152171,0.0283282028178769
48213,Henderson,NECHES & TRINITY VALLEYS GROUNDWATER CONSERVATION DISTRICT,Neches & Trinity Valleys GCD,SB 1821,2001-11-06,2434.56454539695,2393.34419395655,98.3068696404727
48003,Andrews,,,,,3874.95286776086,0,0
48467,Van Zandt,,,,,2220.45190388934,0,0
48059,Callahan,,,,,2324.6019882315,0,0
48385,Real,REAL-EDWARDS CONSERVATION AND RECLAMATION DISTRICT,Real-Edwards C and R District,SB 447,1959-05-30,1753.84130119545,1753.49994042308,99.9805363933365
48115,Dawson,MESA UNDERGROUND WATER CONSERVATION DISTRICT,Mesa UWCD,SB 1727,1990-01-20,2328.74725640442,2327.684965555,99.9543835920151
48115,Dawson,LLANO ESTACADO UNDERGROUND WATER CONSERVATION DISTRICT,Llano Estacado UWCD,HB 0530,1998-11-03,2328.74725640442,0.934320800507012,0.0401211766514156
48115,Dawson,HIGH PLAINS UNDERGROUND WATER CONSERVATION DISTRICT NO. 1,High Plains UWCD No.1,P-TBWE,1951-09-29,2328.74725640442,0.521601575483244,0.0223983763823557
48481,Wharton,TEXANA GROUNDWATER CONSERVATION DISTRICT,Texana GCD,SB 1911,2001-11-06,2815.31948655617,1.04232416143511,0.0370232993595382
48481,Wharton,FORT BEND SUBSIDENCE DISTRICT,Fort Bend Subsidence District,HB 2819,1989-08-28,2815.31948655617,9.58753795407838,0.340548843563268
48481,Wharton,BLUEBONNET GROUNDWATER CONSERVATION DISTRICT,Bluebonnet GCD,HB 3655,2002-11-05,2815.31948655617,2.95068079043406,0.104808026390052
48481,Wharton,COASTAL BEND GROUNDWATER CONSERVATION DISTRICT,Coastal Bend GCD,HB 1038,2001-11-06,2815.31948655617,2799.78440029282,99.4481945534945
48481,Wharton,COLORADO COUNTY UNDERGROUND WATER CONSERVATION DISTRICT,Colorado County GCD,HB 4032,2007-11-06,2815.31948655617,1.87765201909072,0.0666941009024716
48405,San Augustine,PINEYWOODS GROUNDWATER CONSERVATION DISTRICT,Pineywoods GCD,HB 2572,2001-11-06,1513.21489222832,19.1671070474652,1.26664805811158
48297,Live Oak,MCMULLEN GROUNDWATER CONSERVATION DISTRICT,McMullen GCD,SB 1911,2001-11-06,2794.36054726757,1.50783137553024,0.0539598004632815
48297,Live Oak,LIVE OAK UNDERGROUND WATER CONSERVATION DISTRICT,Live Oak UWCD,SB 1675,1989-11-07,2794.36054726757,2787.93635444506,99.7701015057348
48297,Live Oak,SAN PATRICIO GROUNDWATER CONSERVATION DISTRICT,San Patricio County GCD,HB 3590,2007-05-12,2794.36054726757,4.45451430902066,0.159410864620761
48067,Cass,,,,,2470.80237577803,0,0
48339,Montgomery,LONE STAR GROUNDWATER CONSERVATION DISTRICT,Lone Star GCD,HB 2362,2001-11-06,2755.6880679101,2729.57144419895,99.0522648765917
48339,Montgomery,BLUEBONNET GROUNDWATER CONSERVATION DISTRICT,Bluebonnet GCD,HB 3655,2002-11-05,2755.6880679101,13.4111655549228,0.486672120516664
48339,Montgomery,LOWER  TRINITY GROUNDWATER CONSERVATION DISTRICT,Lower Trinity GCD,SB 1017,2006-11-07,2755.6880679101,6.31436417086193,0.229139293535887
48339,Montgomery,HARRIS-GALVESTON COASTAL SUBSIDENCE DISTRICT,Harris-Galveston Coastal Subsidence District,HB 0552,1975-04-23,2755.6880679101,6.39108941088644,0.231923543354216
48075,Childress,GATEWAY GROUNDWATER CONSERVATION DISTRICT,Gateway GCD,SB 1950,2003-05-03,1847.16961676575,1736.07898555081,93.9858998217255
48075,Childress,MESQUITE GROUNDWATER CONSERVATION DISTRICT,Mesquite GCD,HB 1148,1986-11-04,1847.16961676575,111.739358602492,6.04922025504833
48489,Willacy,KENEDY COUNTY GROUNDWATER CONSERVATION DISTRICT,Kenedy County GCD,HB 3374,2004-11-02,1890.52366390866,176.13309880697,9.31663021042614
48163,Frio,EVERGREEN UNDERGROUND WATER CONSERVATION DISTRICT,Evergreen UWCD,HB 0116,1965-08-30,2932.91624771054,2916.52376946206,99.4410860432417
48163,Frio,WINTERGARDEN GROUNDWATER CONSERVATION DISTRICT,Wintergarden GCD,HB 3602,1998-01-17,2932.91624771054,2.33624311930216,0.0796559779409266
48163,Frio,EDWARDS AQUIFER AUTHORITY,Edwards Aquifer Authority,SB 1477,1996-07-28,2932.91624771054,14.0562336744347,0.479257929216598
48163,Frio,MEDINA COUNTY GROUNDWATER CONSERVATION DISTRICT,Medina County GCD,SB 1058,1991-08-26,2932.91624771054,14.0562336744347,0.479257929216598
48217,Hill,SOUTHERN TRINITY GROUNDWATER CONSERVATION DISTRICT,Southern Trinity GCD,HB 3986,2009-06-19,2561.63424267423,2.04134445701881,0.0796891462103404
48217,Hill,MIDDLE TRINITY GROUNDWATER CONSERVATION DISTRICT,Middle Trinity GCD,HB 3665,2002-05-04,2561.63424267423,34.00783175942,1.32758343064299
48217,Hill,PRAIRIELANDS GROUNDWATER CONSERVATION DISTRICT,Prairielands GCD,SB 0726,2009-09-01,2561.63424267423,2524.57851385122,98.5534340459033
48005,Angelina,PINEYWOODS GROUNDWATER CONSERVATION DISTRICT,Pineywoods GCD,HB 2572,2001-11-06,2246.32155850469,2213.06600058322,98.5195548787054
48005,Angelina,LOWER  TRINITY GROUNDWATER CONSERVATION DISTRICT,Lower Trinity GCD,SB 1017,2006-11-07,2246.32155850469,14.8350835437367,0.660416737201771
48007,Aransas,REFUGIO GROUNDWATER CONSERVATION DISTRICT,Refugio GCD,SB 1911,2001-11-06,1192.26997143698,13.0678483861756,1.09604776596241
48007,Aransas,CORPUS CHRISTI AQUIFER STORAGE & RECOVERY CONSERVATION DISTRICT,Corpus Christi ASRCD,HB 3513,2005-06-17,1192.26997143698,3.40306639806604,0.28542750212559
48007,Aransas,CALHOUN GROUNDWATER CONSERVATION DISTRICT,Calhoun County GCD,SB 1290,2014-11-04,1192.26997143698,0.728189568215638,0.0610758960353578
48341,Moore,NORTH PLAINS GROUNDWATER CONSERVATION DISTRICT,North Plains GCD,P-TBWE,1955-01-02,2360.55587088082,1807.03582897193,76.5512840116616
48501,Yoakum,SANDY LAND UNDERGROUND WATER CONSERVATION DISTRICT,Sandy Land UWCD,SB 1777,1989-11-07,2061.65559079674,2060.14623160599,99.9267889749636
48501,Yoakum,HIGH PLAINS UNDERGROUND WATER CONSERVATION DISTRICT NO. 1,High Plains UWCD No.1,P-TBWE,1951-09-29,2061.65559079674,1.74130622562313,0.0844615479615678
48029,Bexar,COW CREEK GROUNDWATER CONSERVATION DISTRICT,Cow Creek GCD,SB 1911,2002-11-05,3276.55805753769,6.55953699321621,0.200195964119301
48029,Bexar,TRINITY-GLEN ROSE GROUNDWATER CONSERVATION DISTRICT,Trinity Glen Rose GCD,HB 2005,2002-11-05,3276.55805753769,775.370719318505,23.6641837471725
48029,Bexar,GUADALUPE COUNTY GROUNDWATER CONSERVATION DISTRICT,Guadalupe County GCD,HB 3817,1999-11-14,3276.55805753769,8.56889271085765,0.261521162158107
48029,Bexar,EDWARDS AQUIFER AUTHORITY,Edwards Aquifer Authority,SB 1477,1996-07-28,3276.55805753769,3247.63459164251,99.117260692859
48029,Bexar,"COMAL TRINITY GROUNDWATER CONSERVATION DISTRICT",Comal Trinity GCD,HB 2407,2015-06-17,3276.55805753769,23.4167518590029,0.714675322328957
48271,Kinney,REAL-EDWARDS CONSERVATION AND RECLAMATION DISTRICT,Real-Edwards C and R District,SB 447,1959-05-30,3535.07507411809,6.8583498192177,0.194008604496997
48271,Kinney,KINNEY COUNTY GROUNDWATER CONSERVATION DISTRICT,Kinney County GCD,HB 3243,2002-01-12,3535.07507411809,3509.15035519386,99.2666430448949
48381,Randall,HIGH PLAINS UNDERGROUND WATER CONSERVATION DISTRICT NO. 1,High Plains UWCD No.1,P-TBWE,1951-09-29,2391.53157166704,1132.03144270592,47.3349988817762
48381,Randall,PANHANDLE GROUNDWATER CONSERVATION DISTRICT,Panhandle GCD,P-TBWE,1956-01-21,2391.53157166704,1.31755821912121,0.055092654210824
48427,Starr,BRUSH COUNTRY GROUNDWATER CONSERVATION DISTRICT,Brush Country GCD,SB 2456,2009-11-03,3195.84603640074,1.85447681199348,0.0580277269577746
48427,Starr,STARR COUNTY GROUNDWATER CONSERVATION DISTRICT,Starr County GCD,SB 1848,2007-11-06,3195.84603640074,3166.22579293503,99.0731642535863
48483,Wheeler,HEMPHILL COUNTY UNDERGROUND WATER CONSERVATION DISTRICT,Hemphill County UWCD,HB 1493,1997-11-04,2373.6515055846,2.15012877014074,0.0905831696473573
48483,Wheeler,PANHANDLE GROUNDWATER CONSERVATION DISTRICT,Panhandle GCD,P-TBWE,1956-01-21,2373.6515055846,2371.49681976686,99.909224845658
48181,Grayson,RED RIVER GROUNDWATER CONSERVATION DISTRICT,Red River GCD,SB 2529,2009-09-01,2537.46563333794,2506.15779426457,98.7661768237552
48181,Grayson,NORTH TEXAS GROUNDWATER CONSERVATION DISTRICT,North Texas GCD,SB 2497,2009-12-01,2537.46563333794,2.83594837205903,0.111763025863268
48135,Ector,,,,,2326.07424675615,0,0
48031,Blanco,BLANCO-PEDERNALES GROUNDWATER CONSERVATION DISTRICT,Blanco-Pedernales GCD,P-TCEQ,2001-01-23,1842.3605814298,1841.66908204892,99.9624666643516
48057,Calhoun,TEXANA GROUNDWATER CONSERVATION DISTRICT,Texana GCD,SB 1911,2001-11-06,2376.60779425849,4.91361722196946,0.20674918401934
48057,Calhoun,REFUGIO GROUNDWATER CONSERVATION DISTRICT,Refugio GCD,SB 1911,2001-11-06,2376.60779425849,8.89240722014803,0.374163849905344
48057,Calhoun,VICTORIA COUNTY GROUNDWATER CONSERVATION DISTRICT,Victoria County GCD,HB 3423,2005-08-05,2376.60779425849,19.4466814890766,0.818253711700214
48057,Calhoun,CALHOUN GROUNDWATER CONSERVATION DISTRICT,Calhoun County GCD,SB 1290,2014-11-04,2376.60779425849,2333.17242507676,98.1723795871303
48479,Webb,WINTERGARDEN GROUNDWATER CONSERVATION DISTRICT,Wintergarden GCD,HB 3602,1998-01-17,8760.55676141725,3.68429934727204,0.0420555387929022
48479,Webb,DUVAL COUNTY GROUNDWATER CONSERVATION DISTRICT,Duval County GCD,SB 1847,2009-07-25,8760.55676141725,3.13580888168468,0.0357946300341918
48299,Llano,BLANCO-PEDERNALES GROUNDWATER CONSERVATION DISTRICT,Blanco-Pedernales GCD,P-TCEQ,2001-01-23,2489.74165717248,0.773942587993575,0.0310852568082312
48299,Llano,HILL COUNTRY UNDERGROUND WATER CONSERVATION DISTRICT,Hill Country UWCD,HB 0792,1987-08-08,2489.74165717248,0.674947863028832,0.0271091525132511
48299,Llano,CENTRAL TEXAS GROUNDWATER CONSERVATION DISTRICT,Central Texas GCD,SB 0967,2005-09-24,2489.74165717248,16.3077256734978,0.654996699216496
48299,Llano,HICKORY UNDERGROUND WATER CONSERVATION DISTRICT NO. 1,Hickory UWCD No. 1,P-TWC,1982-08-14,2489.74165717248,1.47810823768242,0.0593679361641506
48397,Rockwall,,,,,384.441261637276,0,0
48289,Leon,BRAZOS VALLEY GROUNDWATER CONSERVATION DISTRICT,Brazos Valley GCD,SB 1911,2002-11-05,2847.56527364323,24.9148425545813,0.874952465012497
48289,Leon,NECHES & TRINITY VALLEYS GROUNDWATER CONSERVATION DISTRICT,Neches & Trinity Valleys GCD,SB 1821,2001-11-06,2847.56527364323,18.1675243118738,0.638002032123039
48289,Leon,MID-EAST TEXAS GROUNDWATER CONSERVATION DISTRICT,Mid-East Texas GCD,HB 1784,2002-11-05,2847.56527364323,2769.59317344081,97.2617976162258
48317,Martin,PERMIAN BASIN UNDERGROUND WATER CONSERVATION DISTRICT,Permian Basin UWCD,SB 1870,1985-09-21,2362.61640307164,2361.27717070915,99.9433157087729
48017,Bailey,HIGH PLAINS UNDERGROUND WATER CONSERVATION DISTRICT NO. 1,High Plains UWCD No.1,P-TBWE,1951-09-29,2141.06098529407,2137.12508512409,99.8161705716457
48079,Cochran,HIGH PLAINS UNDERGROUND WATER CONSERVATION DISTRICT NO. 1,High Plains UWCD No.1,P-TBWE,1951-09-29,2002.16481668306,2000.50006301293,99.9168523162398
48415,Scurry,CLEAR FORK GROUNDWATER CONSERVATION DISTRICT,Clear Fork GCD,HB 3674,2002-11-05,2342.90833873442,1.45082494291687,0.0619241017213918
48415,Scurry,LONE WOLF GROUNDWATER CONSERVATION DISTRICT,Lone Wolf GCD,SB 1911,2002-02-02,2342.90833873442,1.25774010931748,0.0536828559838958
48415,Scurry,GARZA COUNTY UNDERGROUND CONSERVATION DISTRICT,Garza County UWCD,HB 0846,1996-11-05,2342.90833873442,2.09216707299709,0.0892978627634759
48503,Young,,,,,2408.45543859242,0,0
48221,Hood,UPPER TRINITY GROUNDWATER CONSERVATION DISTRICT,Upper Trinity GCD,SB 1983,2007-11-06,1127.42427635283,1127.38983501915,99.996945131092
48275,Knox,GATEWAY GROUNDWATER CONSERVATION DISTRICT,Gateway GCD,SB 1950,2003-05-03,2200.54238363757,12.6304543468685,0.573970055781881
48275,Knox,ROLLING PLAINS GROUNDWATER CONSERVATION DISTRICT,Rolling Plains GCD,HB 2862,1999-01-26,2200.54238363757,2187.89355419933,99.4251949186577
48345,Motley,GATEWAY GROUNDWATER CONSERVATION DISTRICT,Gateway GCD,SB 1950,2003-05-03,2559.73467995388,2557.89898195259,99.9282856142996
48345,Motley,MESQUITE GROUNDWATER CONSERVATION DISTRICT,Mesquite GCD,HB 1148,1986-11-04,2559.73467995388,1.76215834164885,0.0688414449922833
48039,Brazoria,BRAZORIA COUNTY GROUNDWATER CONSERVATION DISTRICT,Brazoria County GCD,HB 3675,2005-11-08,3865.42683563426,3802.2223035817,98.36487573714
48039,Brazoria,COASTAL PLAINS GROUNDWATER CONSERVATION DISTRICT,Coastal Plains GCD,HB 3640,2001-11-06,3865.42683563426,26.6366599622185,0.689100094112837
48039,Brazoria,FORT BEND SUBSIDENCE DISTRICT,Fort Bend Subsidence District,HB 2819,1989-08-28,3865.42683563426,6.24275588983239,0.161502368439165
48039,Brazoria,COASTAL BEND GROUNDWATER CONSERVATION DISTRICT,Coastal Bend GCD,HB 1038,2001-11-06,3865.42683563426,1.60324815271547,0.0414766136028132
48039,Brazoria,HARRIS-GALVESTON COASTAL SUBSIDENCE DISTRICT,Harris-Galveston Coastal Subsidence District,HB 0552,1975-04-23,3865.42683563426,15.051684480547,0.389392559232783
48225,Houston,PINEYWOODS GROUNDWATER CONSERVATION DISTRICT,Pineywoods GCD,HB 2572,2001-11-06,3173.0264147342,1.54516707664412,0.0486969496840309
48225,Houston,NECHES & TRINITY VALLEYS GROUNDWATER CONSERVATION DISTRICT,Neches & Trinity Valleys GCD,SB 1821,2001-11-06,3173.0264147342,24.9151154142803,0.785216136196819
48225,Houston,MID-EAST TEXAS GROUNDWATER CONSERVATION DISTRICT,Mid-East Texas GCD,HB 1784,2002-11-05,3173.0264147342,20.2001133735129,0.636619767163364
48267,Kimble,HICKORY UNDERGROUND WATER CONSERVATION DISTRICT NO. 1,Hickory UWCD No. 1,P-TWC,1982-08-14,3226.62420306456,85.3510276484139,2.64521128823585
48267,Kimble,KIMBLE COUNTY GROUNDWATER CONSERVATION DISTRICT,Kimble County GCD,SB 0002,2002-05-03,3226.62420306456,3140.68091406233,97.3364332629561
48013,Atascosa,EVERGREEN UNDERGROUND WATER CONSERVATION DISTRICT,Evergreen UWCD,HB 0116,1965-08-30,3153.98778780872,3146.3174035204,99.7568036148407
48013,Atascosa,MCMULLEN GROUNDWATER CONSERVATION DISTRICT,McMullen GCD,SB 1911,2001-11-06,3153.98778780872,7.24580727125567,0.22973479159505
48013,Atascosa,EDWARDS AQUIFER AUTHORITY,Edwards Aquifer Authority,SB 1477,1996-07-28,3153.98778780872,17.9015051640185,0.567583211108621
48055,Caldwell,LOST PINES GROUNDWATER CONSERVATION DISTRICT,Lost Pines GCD,P-TBWE,2002-11-05,1388.72319011435,1.62243883266379,0.116829534079444
48055,Caldwell,PLUM CREEK CONSERVATION DISTRICT,Plum Creek CD,HB 0214,1993-05-01,1388.72319011435,696.022274573977,50.1195831918574
48055,Caldwell,BARTON SPRINGS/EDWARDS AQUIFER CONSERVATION DISTRICT,Barton Springs/Edwards Aquifer CD,SB 988,1987-08-13,1388.72319011435,61.6705137939486,4.44080679525994
48055,Caldwell,GUADALUPE COUNTY GROUNDWATER CONSERVATION DISTRICT,Guadalupe County GCD,HB 3817,1999-11-14,1388.72319011435,2.10894214061713,0.151861951728729
48055,Caldwell,GONZALES COUNTY UNDERGROUND WATER CONSERVATION DISTRICT,Gonzales County UWCD,P-TWC,1994-11-02,1388.72319011435,292.376144471843,21.0535941613942
48055,Caldwell,EDWARDS AQUIFER AUTHORITY,Edwards Aquifer Authority,SB 1477,1996-07-28,1388.72319011435,503.355057284821,36.2458883719925
48331,Milam,BRAZOS VALLEY GROUNDWATER CONSERVATION DISTRICT,Brazos Valley GCD,SB 1911,2002-11-05,2639.86288776115,20.2997625193989,0.76897033605465
48331,Milam,POST OAK SAVANNAH GROUNDWATER CONSERVATION DISTRICT,Post Oak Savannah GCD,HB 1784,2002-11-05,2639.86288776115,2619.22477015837,99.2182125178371
48421,Sherman,NORTH PLAINS GROUNDWATER CONSERVATION DISTRICT,North Plains GCD,P-TBWE,1955-01-02,2396.99428465535,2396.92350019685,99.9970469492164
48169,Garza,GARZA COUNTY UNDERGROUND CONSERVATION DISTRICT,Garza County UWCD,HB 0846,1996-11-05,2312.61170479158,2312.45370079834,99.9931677249185
48169,Garza,HIGH PLAINS UNDERGROUND WATER CONSERVATION DISTRICT NO. 1,High Plains UWCD No.1,P-TBWE,1951-09-29,2312.61170479158,1.32156555634964,0.0571460203894776
48387,Red River,,,,,2742.64215872261,0,0
48389,Reeves,REEVES COUNTY GROUNDWATER CONSERVATION DISTRICT,Reeves County GGD,SB 890,2015-11-02,6864.92024603328,6781.55353405742,98.7856128113938
48315,Marion,,,,,1068.5035879804,0,0
48019,Bandera,EDWARDS AQUIFER AUTHORITY,Edwards Aquifer Authority,SB 1477,1996-07-28,2039.43825547575,2.62222579298795,0.128575885342322
48019,Bandera,MEDINA COUNTY GROUNDWATER CONSERVATION DISTRICT,Medina County GCD,SB 1058,1991-08-26,2039.43825547575,2.30118104941003,0.112834063165752
48019,Bandera,BANDERA COUNTY RIVER AUTHORITY,Bandera County River Authority & Ground Water District,SB 1636,1989-11-07,2039.43825547575,2036.47359856437,99.8546336520157
48173,Glasscock,GLASSCOCK GROUNDWATER CONSERVATION DISTRICT,Glasscock GCD,HB 2381,1981-08-22,2325.66802202345,2321.7047675672,99.829586406197
48145,Falls,POST OAK SAVANNAH GROUNDWATER CONSERVATION DISTRICT,Post Oak Savannah GCD,HB 1784,2002-11-05,1998.70276838364,0.686487799780145,0.0343466677806881
48145,Falls,CLEARWATER UNDERGROUND WATER CONSERVATION DISTRICT,Clearwater UWCD,HB 3172,1999-08-21,1998.70276838364,0.557737174510956,0.0279049583226425
48145,Falls,SOUTHERN TRINITY GROUNDWATER CONSERVATION DISTRICT,Southern Trinity GCD,HB 3986,2009-06-19,1998.70276838364,5.57598223471451,0.278980062614504
48199,Hardin,SOUTHEAST TEXAS GROUNDWATER CONSERVATION DISTRICT,Southeast Texas GCD,SB 1888,2004-11-02,2307.14499632602,2300.2701109445,99.7020176281738
48295,Lipscomb,NORTH PLAINS GROUNDWATER CONSERVATION DISTRICT,North Plains GCD,P-TBWE,1955-01-02,2422.99967037437,2422.99213007083,99.9996888029482
48465,Val Verde,KINNEY COUNTY GROUNDWATER CONSERVATION DISTRICT,Kinney County GCD,HB 3243,2002-01-12,8389.41954222179,8.52693524163726,0.101639156305432
48465,Val Verde,CROCKETT COUNTY GROUNDWATER CONSERVATION DISTRICT,Crockett County GCD,SB 1635,1991-01-26,8389.41954222179,4.03342218521861,0.0480774881375217
48465,Val Verde,TERRELL GROUNDWATER CONSERVATION DISTRICT,Terrell County GCD,SB 2859,2012-11-06,8389.41954222179,2.626825831392,0.0313111749647501
48133,Eastland,,,,,2397.09426032232,0,0
48357,Ochiltree,NORTH PLAINS GROUNDWATER CONSERVATION DISTRICT,North Plains GCD,P-TBWE,1955-01-02,2385.80960962218,2385.43553904603,99.9843210214829
48411,San Saba,SARATOGA UNDERGROUND WATER CONSERVATION DISTRICT,Saratoga UWCD,HB 3122,1989-11-07,2953.62294699846,19.45542848554,0.658697092846974
48411,San Saba,CENTRAL TEXAS GROUNDWATER CONSERVATION DISTRICT,Central Texas GCD,SB 0967,2005-09-24,2953.62294699846,15.3192453685437,0.518659478323444
48411,San Saba,HICKORY UNDERGROUND WATER CONSERVATION DISTRICT NO. 1,Hickory UWCD No. 1,P-TWC,1982-08-14,2953.62294699846,1634.6823303032,55.3449901912635
48475,Ward,MIDDLE PECOS GROUNDWATER CONSERVATION DISTRICT,Middle Pecos GCD,SB 1911,2002-11-05,2102.63830454585,5.28433304059821,0.251319165506194
48475,Ward,REEVES COUNTY GROUNDWATER CONSERVATION DISTRICT,Reeves County GGD,SB 890,2015-11-02,2102.63830454585,11.4906438425544,0.546486945363449
48263,Kent,GARZA COUNTY UNDERGROUND CONSERVATION DISTRICT,Garza County UWCD,HB 0846,1996-11-05,2325.61668244225,0.957334794566215,0.0411647715547375
48257,Kaufman,PRAIRIELANDS GROUNDWATER CONSERVATION DISTRICT,Prairielands GCD,SB 0726,2009-09-01,2081.46780442453,4.62815635202123,0.222350609612278
48257,Kaufman,NECHES & TRINITY VALLEYS GROUNDWATER CONSERVATION DISTRICT,Neches & Trinity Valleys GCD,SB 1821,2001-11-06,2081.46780442453,5.4900653562636,0.263759321407397
48495,Winkler,,,,,2164.23661457552,0,0
48101,Cottle,GATEWAY GROUNDWATER CONSERVATION DISTRICT,Gateway GCD,SB 1950,2003-05-03,2353.69808562879,2352.79500176866,99.9616312786402
48101,Cottle,MESQUITE GROUNDWATER CONSERVATION DISTRICT,Mesquite GCD,HB 1148,1986-11-04,2353.69808562879,0.910903731468044,0.0387009590155102
48313,Madison,BRAZOS VALLEY GROUNDWATER CONSERVATION DISTRICT,Brazos Valley GCD,SB 1911,2002-11-05,1197.28295664218,0.603148713708895,0.050376455320173
48313,Madison,BLUEBONNET GROUNDWATER CONSERVATION DISTRICT,Bluebonnet GCD,HB 3655,2002-11-05,1197.28295664218,0.927277466524705,0.0774484812784176
48313,Madison,MID-EAST TEXAS GROUNDWATER CONSERVATION DISTRICT,Mid-East Texas GCD,HB 1784,2002-11-05,1197.28295664218,1184.26363321435,98.9125942739264
48157,Fort Bend,BRAZORIA COUNTY GROUNDWATER CONSERVATION DISTRICT,Brazoria County GCD,HB 3675,2005-11-08,2304.50512969867,15.4199455107045,0.669121769875202
48157,Fort Bend,FORT BEND SUBSIDENCE DISTRICT,Fort Bend Subsidence District,HB 2819,1989-08-28,2304.50512969867,2259.38107620213,98.0419200237392
48157,Fort Bend,BLUEBONNET GROUNDWATER CONSERVATION DISTRICT,Bluebonnet GCD,HB 3655,2002-11-05,2304.50512969867,11.2000198899189,0.48600542240422
48157,Fort Bend,COASTAL BEND GROUNDWATER CONSERVATION DISTRICT,Coastal Bend GCD,HB 1038,2001-11-06,2304.50512969867,18.4410141079866,0.800215797757757
48459,Upshur,,,,,1521.15313502522,0,0
48223,Hopkins,,,,,2033.72227819512,0,0
48111,Dallam,NORTH PLAINS GROUNDWATER CONSERVATION DISTRICT,North Plains GCD,P-TBWE,1955-01-02,3913.21518455104,3908.91831508724,99.8901959319599
48477,Washington,FAYETTE COUNTY GROUNDWATER CONSERVATION DISTRICT,Fayette County GCD,HB 1081,2001-11-06,1633.38867935576,4.24782518044678,0.260062117127089
48477,Washington,BRAZOS VALLEY GROUNDWATER CONSERVATION DISTRICT,Brazos Valley GCD,SB 1911,2002-11-05,1633.38867935576,2.70715157985038,0.165738358179275
48477,Washington,POST OAK SAVANNAH GROUNDWATER CONSERVATION DISTRICT,Post Oak Savannah GCD,HB 1784,2002-11-05,1633.38867935576,17.0118808649173,1.04150843457708
48477,Washington,LOST PINES GROUNDWATER CONSERVATION DISTRICT,Lost Pines GCD,P-TBWE,2002-11-05,1633.38867935576,17.098952598117,1.04683917638398
48477,Washington,BLUEBONNET GROUNDWATER CONSERVATION DISTRICT,Bluebonnet GCD,HB 3655,2002-11-05,1633.38867935576,29.6222245916734,1.81354413472224
48487,Wilbarger,GATEWAY GROUNDWATER CONSERVATION DISTRICT,Gateway GCD,SB 1950,2003-05-03,2516.05034942236,0.663699935574302,0.0263786428489667
48205,Hartley,NORTH PLAINS GROUNDWATER CONSERVATION DISTRICT,North Plains GCD,P-TBWE,1955-01-02,3796.96228482495,3176.62398436106,83.6622475039282
48027,Bell,POST OAK SAVANNAH GROUNDWATER CONSERVATION DISTRICT,Post Oak Savannah GCD,HB 1784,2002-11-05,2812.9502158217,0.873218202044308,0.0310427890665399
48027,Bell,CLEARWATER UNDERGROUND WATER CONSERVATION DISTRICT,Clearwater UWCD,HB 3172,1999-08-21,2812.9502158217,2801.22815296237,99.5832822495969
48027,Bell,CENTRAL TEXAS GROUNDWATER CONSERVATION DISTRICT,Central Texas GCD,SB 0967,2005-09-24,2812.9502158217,1.35745995102382,0.0482575177971035
48231,Hunt,RED RIVER GROUNDWATER CONSERVATION DISTRICT,Red River GCD,SB 2529,2009-09-01,2282.31109234704,1.66931505606191,0.0731414337712065
48231,Hunt,NORTH TEXAS GROUNDWATER CONSERVATION DISTRICT,North Texas GCD,SB 2497,2009-12-01,2282.31109234704,1.32673437175369,0.0581311801096024
48307,McCulloch,LIPAN-KICKAPOO WATER CONSERVATION DISTRICT,Lipan-Kickapoo WCD,SB 1525,1987-11-03,2706.80125474437,1.93906055377388,0.0716366061370474
48307,McCulloch,HICKORY UNDERGROUND WATER CONSERVATION DISTRICT NO. 1,Hickory UWCD No. 1,P-TWC,1982-08-14,2706.80125474437,2024.25885268557,74.7841700286465
48505,Zapata,,,,,2755.33071807121,0,0
48349,Navarro,PRAIRIELANDS GROUNDWATER CONSERVATION DISTRICT,Prairielands GCD,SB 0726,2009-09-01,2788.14981233348,3.70443449003259,0.132863538165916
48349,Navarro,NECHES & TRINITY VALLEYS GROUNDWATER CONSERVATION DISTRICT,Neches & Trinity Valleys GCD,SB 1821,2001-11-06,2788.14981233348,18.7214798641833,0.671466066183683
48349,Navarro,MID-EAST TEXAS GROUNDWATER CONSERVATION DISTRICT,Mid-East Texas GCD,HB 1784,2002-11-05,2788.14981233348,0.588233579428673,0.0210976317279151
48149,Fayette,FAYETTE COUNTY GROUNDWATER CONSERVATION DISTRICT,Fayette County GCD,HB 1081,2001-11-06,2466.55424238172,2455.15609620709,99.5378919312301
48149,Fayette,LOST PINES GROUNDWATER CONSERVATION DISTRICT,Lost Pines GCD,P-TBWE,2002-11-05,2466.55424238172,0.918778186712265,0.0372494620602824
48089,Colorado,FAYETTE COUNTY GROUNDWATER CONSERVATION DISTRICT,Fayette County GCD,HB 1081,2001-11-06,2517.42801074169,16.3088619400368,0.647838264706994
48089,Colorado,BLUEBONNET GROUNDWATER CONSERVATION DISTRICT,Bluebonnet GCD,HB 3655,2002-11-05,2517.42801074169,6.906453600665,0.274345624629409
48089,Colorado,COASTAL BEND GROUNDWATER CONSERVATION DISTRICT,Coastal Bend GCD,HB 1038,2001-11-06,2517.42801074169,4.89861712044001,0.19458817092437
48089,Colorado,COLORADO COUNTY UNDERGROUND WATER CONSERVATION DISTRICT,Colorado County GCD,HB 4032,2007-11-06,2517.42801074169,2490.95706392906,98.9484924017812
48321,Matagorda,BRAZORIA COUNTY GROUNDWATER CONSERVATION DISTRICT,Brazoria County GCD,HB 3675,2005-11-08,3572.23502179609,14.6107278726573,0.409008023926465
48321,Matagorda,COASTAL PLAINS GROUNDWATER CONSERVATION DISTRICT,Coastal Plains GCD,HB 3640,2001-11-06,3572.23502179609,3544.75452122385,99.2307196921657
48321,Matagorda,COASTAL BEND GROUNDWATER CONSERVATION DISTRICT,Coastal Bend GCD,HB 1038,2001-11-06,3572.23502179609,3.19050354917526,0.0893139317460446
48321,Matagorda,CALHOUN GROUNDWATER CONSERVATION DISTRICT,Calhoun County GCD,SB 1290,2014-11-04,3572.23502179609,0.73642067175293,0.0206151237883185
48491,Williamson,POST OAK SAVANNAH GROUNDWATER CONSERVATION DISTRICT,Post Oak Savannah GCD,HB 1784,2002-11-05,2913.95009857749,2.05466417594314,0.0705113027483266
48091,Comal,COW CREEK GROUNDWATER CONSERVATION DISTRICT,Cow Creek GCD,SB 1911,2002-11-05,1476.1144857171,2.60177356663322,0.176258250414044
48091,Comal,TRINITY-GLEN ROSE GROUNDWATER CONSERVATION DISTRICT,Trinity Glen Rose GCD,HB 2005,2002-11-05,1476.1144857171,19.8466706387791,1.34452109445545
48091,Comal,EDWARDS AQUIFER AUTHORITY,Edwards Aquifer Authority,SB 1477,1996-07-28,1476.1144857171,615.857124278146,41.7215012952711
48091,Comal,"COMAL TRINITY GROUNDWATER CONSERVATION DISTRICT",Comal Trinity GCD,HB 2407,2015-06-17,1476.1144857171,1453.42248021161,98.4627204918686
48497,Wise,UPPER TRINITY GROUNDWATER CONSERVATION DISTRICT,Upper Trinity GCD,SB 1983,2007-11-06,2381.83260837744,2380.63593758694,99.9497584008929
48121,Denton,NORTH TEXAS GROUNDWATER CONSERVATION DISTRICT,North Texas GCD,SB 2497,2009-12-01,2457.66361444251,2454.94598803166,99.8894223605346
48121,Denton,UPPER TRINITY GROUNDWATER CONSERVATION DISTRICT,Upper Trinity GCD,SB 1983,2007-11-06,2457.66361444251,2.52483724801207,0.102733231398097
48071,Chambers,HARRIS-GALVESTON COASTAL SUBSIDENCE DISTRICT,Harris-Galveston Coastal Subsidence District,HB 0552,1975-04-23,2229.29700877059,49.7473698865304,2.23152723440674
48337,Montague,UPPER TRINITY GROUNDWATER CONSERVATION DISTRICT,Upper Trinity GCD,SB 1983,2007-11-06,2420.47607274957,2411.43568360864,99.6265036765824
48365,Panola,RUSK COUNTY GROUNDWATER CONSERVATION DISTRICT,Rusk County GCD,HB 3569,2004-06-05,2114.9700182492,7.849963469499,0.371161926730163
48365,Panola,PANOLA COUNTY UNDERGROUND WATER CONSERVATION DISTRICT,Panola County GCD,HB 1498,2007-11-06,2114.9700182492,2095.27306168519,99.0686886152497
48285,Lavaca,PECAN VALLEY GROUNDWATER CONSERVATION DISTRICT,Pecan Valley GCD,HB 3231,2001-11-06,2532.88154173293,3.2235647216835,0.127268672796993
48285,Lavaca,COLORADO COUNTY UNDERGROUND WATER CONSERVATION DISTRICT,Colorado County GCD,HB 4032,2007-11-06,2532.88154173293,8.32798765473923,0.328794991693194
48241,Jasper,SOUTHEAST TEXAS GROUNDWATER CONSERVATION DISTRICT,Southeast Texas GCD,SB 1888,2004-11-02,2471.07740942583,2469.85567453357,99.9505586151367
48283,La Salle,EVERGREEN UNDERGROUND WATER CONSERVATION DISTRICT,Evergreen UWCD,HB 0116,1965-08-30,3853.73344389208,1.26865034511209,0.0329200336137108
48283,La Salle,WINTERGARDEN GROUNDWATER CONSERVATION DISTRICT,Wintergarden GCD,HB 3602,1998-01-17,3853.73344389208,3852.24336433956,99.9613341302866
48309,McLennan,SOUTHERN TRINITY GROUNDWATER CONSERVATION DISTRICT,Southern Trinity GCD,HB 3986,2009-06-19,2730.93839340801,2730.33228216585,99.9778057519123
48309,McLennan,MIDDLE TRINITY GROUNDWATER CONSERVATION DISTRICT,Middle Trinity GCD,HB 3665,2002-05-04,2730.93839340801,0.558722306529999,0.0204589861081691
48369,Parmer,HIGH PLAINS UNDERGROUND WATER CONSERVATION DISTRICT NO. 1,High Plains UWCD No.1,P-TBWE,1951-09-29,2289.53938190139,2287.32218654559,99.9031597633423
48037,Bowie,,,,,2420.34918781811,0,0
48049,Brown,,,,,2453.39631285655,0,0
48443,Terrell,CROCKETT COUNTY GROUNDWATER CONSERVATION DISTRICT,Crockett County GCD,SB 1635,1991-01-26,6084.99454072979,20.5496668366533,0.337710522155847
48443,Terrell,TERRELL GROUNDWATER CONSERVATION DISTRICT,Terrell County GCD,SB 2859,2012-11-06,6084.99454072979,6044.3942476296,99.3327801228344
48183,Gregg,RUSK COUNTY GROUNDWATER CONSERVATION DISTRICT,Rusk County GCD,HB 3569,2004-06-05,723.238755399204,8.06992532796714,1.11580377402657
48087,Collingsworth,GATEWAY GROUNDWATER CONSERVATION DISTRICT,Gateway GCD,SB 1950,2003-05-03,2382.86784348089,1.40233164122807,0.0588505839744579
48087,Collingsworth,PANHANDLE GROUNDWATER CONSERVATION DISTRICT,Panhandle GCD,P-TBWE,1956-01-21,2382.86784348089,3.09862000126787,0.130037425690441
48087,Collingsworth,MESQUITE GROUNDWATER CONSERVATION DISTRICT,Mesquite GCD,HB 1148,1986-11-04,2382.86784348089,2378.25360329451,99.8063576962944
48153,Floyd,HIGH PLAINS UNDERGROUND WATER CONSERVATION DISTRICT NO. 1,High Plains UWCD No.1,P-TBWE,1951-09-29,2566.84996269782,2390.94386199429,93.1470049570545
48093,Comanche,MIDDLE TRINITY GROUNDWATER CONSERVATION DISTRICT,Middle Trinity GCD,HB 3665,2002-05-04,2453.14127055236,2450.87862157006,99.9077652392273
48453,Travis,CENTRAL TEXAS GROUNDWATER CONSERVATION DISTRICT,Central Texas GCD,SB 0967,2005-09-24,2662.47272428689,12.1911538652649,0.457888404041026
48453,Travis,BARTON SPRINGS/EDWARDS AQUIFER CONSERVATION DISTRICT,Barton Springs/Edwards Aquifer CD,SB 988,1987-08-13,2662.47272428689,304.572186466968,11.4394481373905
48453,Travis,SOUTHWESTERN TRAVIS COUNTY GROUNDWATER CONSERVATION DISTRICT,Southwestern Travis County GCD,HB 4345,2019-11-05,2662.47272428689,551.305101784542,20.7065070284317
48203,Harrison,PANOLA COUNTY UNDERGROUND WATER CONSERVATION DISTRICT,Panola County GCD,HB 1498,2007-11-06,2360.28591364149,5.81689724845468,0.246448839728924
48001,Anderson,NECHES & TRINITY VALLEYS GROUNDWATER CONSERVATION DISTRICT,Neches & Trinity Valleys GCD,SB 1821,2001-11-06,2764.294713406,2738.62648629363,99.0714366674474
48001,Anderson,MID-EAST TEXAS GROUNDWATER CONSERVATION DISTRICT,Mid-East Texas GCD,HB 1784,2002-11-05,2764.294713406,23.4918888110217,0.849833004313652
48277,Lamar,RED RIVER GROUNDWATER CONSERVATION DISTRICT,Red River GCD,SB 2529,2009-09-01,2427.04638506642,2.38699581498326,0.098349822635052
48373,Polk,SOUTHEAST TEXAS GROUNDWATER CONSERVATION DISTRICT,Southeast Texas GCD,SB 1888,2004-11-02,2807.67711401203,1.03075953856699,0.0367121822314564
48373,Polk,LOWER  TRINITY GROUNDWATER CONSERVATION DISTRICT,Lower Trinity GCD,SB 1017,2006-11-07,2807.67711401203,2806.10879034168,99.9441415943977
48113,Dallas,NORTH TEXAS GROUNDWATER CONSERVATION DISTRICT,North Texas GCD,SB 2497,2009-12-01,2343.04147993,0.583018071152918,0.0248829598684841
48377,Presidio,BREWSTER COUNTY GROUNDWATER CONSERVATION DISTRICT,Brewster County GCD,HB 0787,2001-11-06,9970.89108323598,5.55206921729645,0.0556827787100305
48377,Presidio,PRESIDIO COUNTY UNDERGROUND WATER CONSERVATION DISTRICT,Presidio County UWCD,HB 2817,1999-08-31,9970.89108323598,9908.65215843242,99.3757937552021
48377,Presidio,JEFF DAVIS COUNTY UNDERGROUND WATER CONSERVATION DISTRICT,Jeff Davis County UWCD,HB 2866,1993-11-02,9970.89108323598,4.3882970729897,0.0440110822228089
48457,Tyler,PINEYWOODS GROUNDWATER CONSERVATION DISTRICT,Pineywoods GCD,HB 2572,2001-11-06,2420.05208113052,4.52107094662743,0.186817092982372
48457,Tyler,SOUTHEAST TEXAS GROUNDWATER CONSERVATION DISTRICT,Southeast Texas GCD,SB 1888,2004-11-02,2420.05208113052,2415.35455073917,99.8058913513481
48367,Parker,UPPER TRINITY GROUNDWATER CONSERVATION DISTRICT,Upper Trinity GCD,SB 1983,2007-11-06,2349.72636416412,2348.84657212905,99.9625576812478
48073,Cherokee,PINEYWOODS GROUNDWATER CONSERVATION DISTRICT,Pineywoods GCD,HB 2572,2001-11-06,2727.13205390983,9.42645345046189,0.345654455454308
48073,Cherokee,NECHES & TRINITY VALLEYS GROUNDWATER CONSERVATION DISTRICT,Neches & Trinity Valleys GCD,SB 1821,2001-11-06,2727.13205390983,2705.54640832893,99.2084855021983
48073,Cherokee,RUSK COUNTY GROUNDWATER CONSERVATION DISTRICT,Rusk County GCD,HB 3569,2004-06-05,2727.13205390983,0.587191299589362,0.0215314582492446
48197,Hardeman,GATEWAY GROUNDWATER CONSERVATION DISTRICT,Gateway GCD,SB 1950,2003-05-03,1800.2492810768,1783.37318149947,99.062568736745
48455,Trinity,PINEYWOODS GROUNDWATER CONSERVATION DISTRICT,Pineywoods GCD,HB 2572,2001-11-06,1871.51776078214,15.9085546244118,0.8500349266129
48455,Trinity,BLUEBONNET GROUNDWATER CONSERVATION DISTRICT,Bluebonnet GCD,HB 3655,2002-11-05,1871.51776078214,13.3796516877692,0.714909148507236
48455,Trinity,LOWER  TRINITY GROUNDWATER CONSERVATION DISTRICT,Lower Trinity GCD,SB 1017,2006-11-07,1871.51776078214,13.3265235561569,0.712070376002604
48041,Brazos,BRAZOS VALLEY GROUNDWATER CONSERVATION DISTRICT,Brazos Valley GCD,SB 1911,2002-11-05,1477.54051633905,1448.82645712525,98.0566313480896
48041,Brazos,POST OAK SAVANNAH GROUNDWATER CONSERVATION DISTRICT,Post Oak Savannah GCD,HB 1784,2002-11-05,1477.54051633905,8.24517927489037,0.558034056170567
48041,Brazos,BLUEBONNET GROUNDWATER CONSERVATION DISTRICT,Bluebonnet GCD,HB 3655,2002-11-05,1477.54051633905,4.13176212064367,0.279637822107313
48041,Brazos,MID-EAST TEXAS GROUNDWATER CONSERVATION DISTRICT,Mid-East Texas GCD,HB 1784,2002-11-05,1477.54051633905,12.4408443956111,0.841996835825263
48473,Waller,FORT BEND SUBSIDENCE DISTRICT,Fort Bend Subsidence District,HB 2819,1989-08-28,1348.06677700371,4.65874650350339,0.345587220379259
48473,Waller,BLUEBONNET GROUNDWATER CONSERVATION DISTRICT,Bluebonnet GCD,HB 3655,2002-11-05,1348.06677700371,1327.35840782935,98.4638469304624
48407,San Jacinto,LONE STAR GROUNDWATER CONSERVATION DISTRICT,Lone Star GCD,HB 2362,2001-11-06,1653.43348893607,5.11770937153747,0.309520123172935
48407,San Jacinto,BLUEBONNET GROUNDWATER CONSERVATION DISTRICT,Bluebonnet GCD,HB 3655,2002-11-05,1653.43348893607,0.536942214244843,0.032474376371217
48407,San Jacinto,LOWER  TRINITY GROUNDWATER CONSERVATION DISTRICT,Lower Trinity GCD,SB 1017,2006-11-07,1653.43348893607,1640.69498493968,99.2295726388982
48333,Mills,,,,,1928.06074968086,0,0
48033,Borden,,,,,2337.32322626079,0,0
48043,Brewster,BREWSTER COUNTY GROUNDWATER CONSERVATION DISTRICT,Brewster County GCD,HB 0787,2001-11-06,16010.9659711731,15920.8208138525,99.4369786464922
48043,Brewster,PRESIDIO COUNTY UNDERGROUND WATER CONSERVATION DISTRICT,Presidio County UWCD,HB 2817,1999-08-31,16010.9659711731,3.5529351869812,0.0221906360514292
48287,Lee,FAYETTE COUNTY GROUNDWATER CONSERVATION DISTRICT,Fayette County GCD,HB 1081,2001-11-06,1643.24217640074,0.526526109733105,0.0320419057698712
48287,Lee,POST OAK SAVANNAH GROUNDWATER CONSERVATION DISTRICT,Post Oak Savannah GCD,HB 1784,2002-11-05,1643.24217640074,22.231984282568,1.35293413240303
48287,Lee,LOST PINES GROUNDWATER CONSERVATION DISTRICT,Lost Pines GCD,P-TBWE,2002-11-05,1643.24217640074,1620.42949920538,98.6117276246328
48141,El Paso,,,,,2610.6734765454,0,0
48177,Gonzales,PECAN VALLEY GROUNDWATER CONSERVATION DISTRICT,Pecan Valley GCD,HB 3231,2001-11-06,2749.7668884528,3.25172942307959,0.118254730491326
48177,Gonzales,GUADALUPE COUNTY GROUNDWATER CONSERVATION DISTRICT,Guadalupe County GCD,HB 3817,1999-11-14,2749.7668884528,0.553217057634354,0.0201186893317211
48177,Gonzales,GONZALES COUNTY UNDERGROUND WATER CONSERVATION DISTRICT,Gonzales County UWCD,P-TWC,1994-11-02,2749.7668884528,2335.451154471,84.9326960870154
48177,Gonzales,EDWARDS AQUIFER AUTHORITY,Edwards Aquifer Authority,SB 1477,1996-07-28,2749.7668884528,0.732649368762136,0.0266440537864783
48097,Cooke,NORTH TEXAS GROUNDWATER CONSERVATION DISTRICT,North Texas GCD,SB 2497,2009-12-01,2337.64855058252,2290.55212595932,97.9853077310762
48097,Cooke,UPPER TRINITY GROUNDWATER CONSERVATION DISTRICT,Upper Trinity GCD,SB 1983,2007-11-06,2337.64855058252,1.60568775394751,0.0686881590283273
48219,Hockley,SOUTH PLAINS UNDERGROUND WATER CONSERVATION DISTRICT,South Plains UWCD,HB 0281,1992-02-08,2346.6274872123,39.6540681683611,1.68983225435021
48219,Hockley,HIGH PLAINS UNDERGROUND WATER CONSERVATION DISTRICT NO. 1,High Plains UWCD No.1,P-TBWE,1951-09-29,2346.6274872123,2194.3027710495,93.508781560223
48063,Camp,,,,,509.104288599138,0,0
48077,Clay,UPPER TRINITY GROUNDWATER CONSERVATION DISTRICT,Upper Trinity GCD,SB 1983,2007-11-06,2900.02549455639,1.6119324313399,0.055583388296608
48319,Mason,HICKORY UNDERGROUND WATER CONSERVATION DISTRICT NO. 1,Hickory UWCD No. 1,P-TWC,1982-08-14,2400.89792964146,2400.86083795353,99.9984550910114
48485,Wichita,,,,,1637.12111694692,0,0
48245,Jefferson,SOUTHEAST TEXAS GROUNDWATER CONSERVATION DISTRICT,Southeast Texas GCD,SB 1888,2004-11-02,2545.22871704958,20.8663144191054,0.819820799574095
48109,Culberson,JEFF DAVIS COUNTY UNDERGROUND WATER CONSERVATION DISTRICT,Jeff Davis County UWCD,HB 2866,1993-11-02,9874.69451006485,4.34088591458531,0.0439596982991306
48109,Culberson,CULBERSON COUNTY GROUNDWATER CONSERVATION DISTRICT,Culberson County GCD,SB 1942,1998-05-02,9874.69451006485,4458.83552186663,45.1541616535269
48425,Somervell,MIDDLE TRINITY GROUNDWATER CONSERVATION DISTRICT,Middle Trinity GCD,HB 3665,2002-05-04,493.661321161827,0.526716085918157,0.106695838490756
48425,Somervell,PRAIRIELANDS GROUNDWATER CONSERVATION DISTRICT,Prairielands GCD,SB 0726,2009-09-01,493.661321161827,490.960528372683,99.4529057324588
48425,Somervell,UPPER TRINITY GROUNDWATER CONSERVATION DISTRICT,Upper Trinity GCD,SB 1983,2007-11-06,493.661321161827,2.1740781864624,0.440398729506644
48323,Maverick,,,,,3354.809723572,0,0
48123,DeWitt,GOLIAD COUNTY GROUNDWATER CONSERVATION DISTRICT,Goliad County GCD,HB 3651,2001-11-06,2353.46956270334,6.90579645669326,0.293430455448969
48123,DeWitt,PECAN VALLEY GROUNDWATER CONSERVATION DISTRICT,Pecan Valley GCD,HB 3231,2001-11-06,2353.46956270334,2343.78201383171,99.5883716099349
48123,DeWitt,VICTORIA COUNTY GROUNDWATER CONSERVATION DISTRICT,Victoria County GCD,HB 3423,2005-08-05,2353.46956270334,2.49339861880493,0.105945649704552
48201,Harris,BRAZORIA COUNTY GROUNDWATER CONSERVATION DISTRICT,Brazoria County GCD,HB 3675,2005-11-08,4605.73964243345,2.85474552592015,0.0619823469746076
48201,Harris,LONE STAR GROUNDWATER CONSERVATION DISTRICT,Lone Star GCD,HB 2362,2001-11-06,4605.73964243345,38.2355021251145,0.830170723782223
48201,Harris,FORT BEND SUBSIDENCE DISTRICT,Fort Bend Subsidence District,HB 2819,1989-08-28,4605.73964243345,1.27959424416966,0.0277826004835476
48201,Harris,BLUEBONNET GROUNDWATER CONSERVATION DISTRICT,Bluebonnet GCD,HB 3655,2002-11-05,4605.73964243345,16.1371341411862,0.350370090235064
48201,Harris,HARRIS-GALVESTON COASTAL SUBSIDENCE DISTRICT,Harris-Galveston Coastal Subsidence District,HB 0552,1975-04-23,4605.73964243345,4533.1843846017,98.4246773924587
48209,Hays,PLUM CREEK CONSERVATION DISTRICT,Plum Creek CD,HB 0214,1993-05-01,1766.15671634033,163.698581668086,9.26863285423999
48209,Hays,BARTON SPRINGS/EDWARDS AQUIFER CONSERVATION DISTRICT,Barton Springs/Edwards Aquifer CD,SB 988,1987-08-13,1766.15671634033,743.837521623633,42.116167537213
48209,Hays,EDWARDS AQUIFER AUTHORITY,Edwards Aquifer Authority,SB 1477,1996-07-28,1766.15671634033,490.977830734882,27.7992222429866
48209,Hays,HAYS TRINITY GROUNDWATER CONSERVATION DISTRICT,Hays Trinity GCD,SB 1911,2003-05-03,1766.15671634033,961.005589391081,54.4122489527651
48451,Tom Green,COKE COUNTY UNDERGROUND WATER CONSERVATION DISTRICT,Coke County UWCD,HB 2418,1986-11-04,3985.44010507104,6.27428067034239,0.15743005803447
48451,Tom Green,STERLING COUNTY UNDERGROUND WATER CONSERVATION DISTRICT,Sterling County UWCD,HB 2587,1987-11-03,3985.44010507104,33.7997107120085,0.848079755834294
48451,Tom Green,IRION COUNTY WATER CONSERVATION DISTRICT,Irion County WCD,SB 206,1985-08-02,3985.44010507104,134.889789040467,3.38456445171097
48451,Tom Green,LIPAN-KICKAPOO WATER CONSERVATION DISTRICT,Lipan-Kickapoo WCD,SB 1525,1987-11-03,3985.44010507104,2797.64708606428,70.1966912638977
48251,Johnson,MIDDLE TRINITY GROUNDWATER CONSERVATION DISTRICT,Middle Trinity GCD,HB 3665,2002-05-04,1895.92501000795,7.28029212623656,0.383996839949173
48251,Johnson,PRAIRIELANDS GROUNDWATER CONSERVATION DISTRICT,Prairielands GCD,SB 0726,2009-09-01,1895.92501000795,1887.72614021058,99.5675530543621
48251,Johnson,UPPER TRINITY GROUNDWATER CONSERVATION DISTRICT,Upper Trinity GCD,SB 1983,2007-11-06,1895.92501000795,0.670057359915868,0.0353419758892815
48291,Liberty,LOWER  TRINITY GROUNDWATER CONSERVATION DISTRICT,Lower Trinity GCD,SB 1017,2006-11-07,3045.34129253119,4.56228359177375,0.149811898028077
48291,Liberty,HARRIS-GALVESTON COASTAL SUBSIDENCE DISTRICT,Harris-Galveston Coastal Subsidence District,HB 0552,1975-04-23,3045.34129253119,5.65153175862252,0.185579585857359
48125,Dickens,HIGH PLAINS UNDERGROUND WATER CONSERVATION DISTRICT NO. 1,High Plains UWCD No.1,P-TBWE,1951-09-29,2342.24407159212,0.892555170026302,0.0381068386873787
48361,Orange,,,,,1021.29163115484,0,0
48259,Kendall,BLANCO-PEDERNALES GROUNDWATER CONSERVATION DISTRICT,Blanco-Pedernales GCD,P-TCEQ,2001-01-23,1698.67214249146,0.844511521562539,0.049715981114748
48259,Kendall,HILL COUNTRY UNDERGROUND WATER CONSERVATION DISTRICT,Hill Country UWCD,HB 0792,1987-08-08,1698.67214249146,1.07281875991047,0.0631563168120808
48259,Kendall,COW CREEK GROUNDWATER CONSERVATION DISTRICT,Cow Creek GCD,SB 1911,2002-11-05,1698.67214249146,1688.22363597547,99.3849015207453
48259,Kendall,TRINITY-GLEN ROSE GROUNDWATER CONSERVATION DISTRICT,Trinity Glen Rose GCD,HB 2005,2002-11-05,1698.67214249146,8.50375688470364,0.500612017586342
48305,Lynn,SOUTH PLAINS UNDERGROUND WATER CONSERVATION DISTRICT,South Plains UWCD,HB 0281,1992-02-08,2308.12068550843,3.20566375184424,0.138886314392963
48305,Lynn,HIGH PLAINS UNDERGROUND WATER CONSERVATION DISTRICT NO. 1,High Plains UWCD No.1,P-TBWE,1951-09-29,2308.12068550843,2304.74915973386,99.8539276652326
48329,Midland,,,,,2326.61481227113,0,0
48139,Ellis,PRAIRIELANDS GROUNDWATER CONSERVATION DISTRICT,Prairielands GCD,SB 0726,2009-09-01,2459.60098246226,2444.75637844525,99.3964629172434
48139,Ellis,NECHES & TRINITY VALLEYS GROUNDWATER CONSERVATION DISTRICT,Neches & Trinity Valleys GCD,SB 1821,2001-11-06,2459.60098246226,1.76605441763971,0.0718024765086793
48379,Rains,,,,,658.725039260535,0,0
48343,Morris,,,,,678.018470922333,0,0
48395,Robertson,BRAZOS VALLEY GROUNDWATER CONSERVATION DISTRICT,Brazos Valley GCD,SB 1911,2002-11-05,2216.33321765689,2195.22049940234,99.0474032475647
48395,Robertson,POST OAK SAVANNAH GROUNDWATER CONSERVATION DISTRICT,Post Oak Savannah GCD,HB 1784,2002-11-05,2216.33321765689,15.602923834604,0.703997201788071
48395,Robertson,MID-EAST TEXAS GROUNDWATER CONSERVATION DISTRICT,Mid-East Texas GCD,HB 1784,2002-11-05,2216.33321765689,1.19371387558923,0.0538598558230891
48409,San Patricio,REFUGIO GROUNDWATER CONSERVATION DISTRICT,Refugio GCD,SB 1911,2001-11-06,1811.83771628776,12.397027225592,0.684223929888821
48409,San Patricio,LIVE OAK UNDERGROUND WATER CONSERVATION DISTRICT,Live Oak UWCD,SB 1675,1989-11-07,1811.83771628776,0.516133382790408,0.0284867335606581
48409,San Patricio,BRUSH COUNTRY GROUNDWATER CONSERVATION DISTRICT,Brush Country GCD,SB 2456,2009-11-03,1811.83771628776,2.2821842523461,0.125959639311517
48409,San Patricio,CORPUS CHRISTI AQUIFER STORAGE & RECOVERY CONSERVATION DISTRICT,Corpus Christi ASRCD,HB 3513,2005-06-17,1811.83771628776,60.75280336832,3.35310402373095
48409,San Patricio,SAN PATRICIO GROUNDWATER CONSERVATION DISTRICT,San Patricio County GCD,HB 3590,2007-05-12,1811.83771628776,1771.33929337084,97.7647875108868
48439,Tarrant,NORTHERN TRINITY GROUNDWATER CONSERVATION DISTRICT,Northern Trinity GCD,HB 4028,2007-05-15,2332.35596154149,2318.28705549285,99.3967942166368
48439,Tarrant,NORTH TEXAS GROUNDWATER CONSERVATION DISTRICT,North Texas GCD,SB 2497,2009-12-01,2332.35596154149,12.5835958111004,0.539522955268959
48439,Tarrant,PRAIRIELANDS GROUNDWATER CONSERVATION DISTRICT,Prairielands GCD,SB 0726,2009-09-01,2332.35596154149,0.531288361131113,0.0227790427315382
48147,Fannin,RED RIVER GROUNDWATER CONSERVATION DISTRICT,Red River GCD,SB 2529,2009-09-01,2346.09557012791,2303.48808603399,98.1838981908314
48081,Coke,WES-TEX GROUNDWATER CONSERVATION DISTRICT,Wes-Tex GCD,HB 3659,2002-11-05,2391.70966689427,0.881541793376297,0.0368582276343355
48081,Coke,COKE COUNTY UNDERGROUND WATER CONSERVATION DISTRICT,Coke County UWCD,HB 2418,1986-11-04,2391.70966689427,2390.02965336409,99.9297567947552
48081,Coke,STERLING COUNTY UNDERGROUND WATER CONSERVATION DISTRICT,Sterling County UWCD,HB 2587,1987-11-03,2391.70966689427,1.79880187299464,0.0752098759265566
48099,Coryell,SARATOGA UNDERGROUND WATER CONSERVATION DISTRICT,Saratoga UWCD,HB 3122,1989-11-07,2726.7054011205,1.09306316781651,0.0400873217681432
48099,Coryell,MIDDLE TRINITY GROUNDWATER CONSERVATION DISTRICT,Middle Trinity GCD,HB 3665,2002-05-04,2726.7054011205,2724.69654507747,99.9263266195825
48351,Newton,SOUTHEAST TEXAS GROUNDWATER CONSERVATION DISTRICT,Southeast Texas GCD,SB 1888,2004-11-02,2482.6358108705,2419.66284329157,97.4634633358953
48445,Terry,SANDY LAND UNDERGROUND WATER CONSERVATION DISTRICT,Sandy Land UWCD,SB 1777,1989-11-07,2301.52565537354,0.611883642230988,0.0265860013683697
48445,Terry,SOUTH PLAINS UNDERGROUND WATER CONSERVATION DISTRICT,South Plains UWCD,HB 0281,1992-02-08,2301.52565537354,2296.79228713259,99.7943378024097
48445,Terry,HIGH PLAINS UNDERGROUND WATER CONSERVATION DISTRICT NO. 1,High Plains UWCD No.1,P-TBWE,1951-09-29,2301.52565537354,1.30058674903433,0.0565097654244157
48353,Nolan,WES-TEX GROUNDWATER CONSERVATION DISTRICT,Wes-Tex GCD,HB 3659,2002-11-05,2357.10624158004,2354.95545186432,99.9087529582764
48353,Nolan,COKE COUNTY UNDERGROUND WATER CONSERVATION DISTRICT,Coke County UWCD,HB 2418,1986-11-04,2357.10624158004,0.532487584677516,0.0225907333018885
48353,Nolan,LONE WOLF GROUNDWATER CONSERVATION DISTRICT,Lone Wolf GCD,SB 1911,2002-02-02,2357.10624158004,1.42173314641953,0.0603168886212991
48211,Hemphill,HEMPHILL COUNTY UNDERGROUND WATER CONSERVATION DISTRICT,Hemphill County UWCD,HB 1493,1997-11-04,2369.72915664779,2366.22021364848,99.8519264115284
48211,Hemphill,NORTH PLAINS GROUNDWATER CONSERVATION DISTRICT,North Plains GCD,P-TBWE,1955-01-02,2369.72915664779,3.18529282248686,0.134415902068436
48211,Hemphill,PANHANDLE GROUNDWATER CONSERVATION DISTRICT,Panhandle GCD,P-TBWE,1956-01-21,2369.72915664779,0.8841263851372,0.0373091744538385
48363,Palo Pinto,MIDDLE TRINITY GROUNDWATER CONSERVATION DISTRICT,Middle Trinity GCD,HB 3665,2002-05-04,2544.00845775106,0.68888116939079,0.0270785722937325
48437,Swisher,HIGH PLAINS UNDERGROUND WATER CONSERVATION DISTRICT NO. 1,High Plains UWCD No.1,P-TBWE,1951-09-29,2331.75350828725,2331.01391467875,99.9682816555922
48273,Kleberg,KENEDY COUNTY GROUNDWATER CONSERVATION DISTRICT,Kenedy County GCD,HB 3374,2004-11-02,2626.99437819322,1792.36160721629,68.2286046020786
48273,Kleberg,CORPUS CHRISTI AQUIFER STORAGE & RECOVERY CONSERVATION DISTRICT,Corpus Christi ASRCD,HB 3513,2005-06-17,2626.99437819322,10.1566772924152,0.386627294550997
48065,Carson,PANHANDLE GROUNDWATER CONSERVATION DISTRICT,Panhandle GCD,P-TBWE,1956-01-21,2394.10738090117,2393.85871449949,99.9896133981434
48401,Rusk,RUSK COUNTY GROUNDWATER CONSERVATION DISTRICT,Rusk County GCD,HB 3569,2004-06-05,2414.64338046584,2396.63100301822,99.2540357059209
48401,Rusk,PANOLA COUNTY UNDERGROUND WATER CONSERVATION DISTRICT,Panola County GCD,HB 1498,2007-11-06,2414.64338046584,13.6472043376572,0.565185088947769
48085,Collin,RED RIVER GROUNDWATER CONSERVATION DISTRICT,Red River GCD,SB 2529,2009-09-01,2286.71728123913,1.3928286839247,0.060909527179064
48085,Collin,NORTH TEXAS GROUNDWATER CONSERVATION DISTRICT,North Texas GCD,SB 2497,2009-12-01,2286.71728123913,2285.31930918894,99.9388655492458
48419,Shelby,PINEYWOODS GROUNDWATER CONSERVATION DISTRICT,Pineywoods GCD,HB 2572,2001-11-06,2152.58643995266,1.46730937219161,0.0681649454329873
48419,Shelby,RUSK COUNTY GROUNDWATER CONSERVATION DISTRICT,Rusk County GCD,HB 3569,2004-06-05,2152.58643995266,5.46221745737755,0.253751364219208
48461,Upton,,,,,3184.83537332705,0,0
48189,Hale,HIGH PLAINS UNDERGROUND WATER CONSERVATION DISTRICT NO. 1,High Plains UWCD No.1,P-TBWE,1951-09-29,2598.04668556207,2598.04668556208,100
48167,Galveston,HARRIS-GALVESTON COASTAL SUBSIDENCE DISTRICT,Harris-Galveston Coastal Subsidence District,HB 0552,1975-04-23,1758.05253188583,1695.79822808863,96.4589053701132
48215,Hidalgo,RED SANDS GROUNDWATER CONSERVATION DISTRICT,Red Sands GCD,SB 1911,2002-11-05,4163.60778065013,295.280720487019,7.09194371908182
48215,Hidalgo,KENEDY COUNTY GROUNDWATER CONSERVATION DISTRICT,Kenedy County GCD,HB 3374,2004-11-02,4163.60778065013,304.027236781729,7.30201432984778
48215,Hidalgo,BRUSH COUNTRY GROUNDWATER CONSERVATION DISTRICT,Brush Country GCD,SB 2456,2009-11-03,4163.60778065013,66.2498934196986,1.59116556865868
48215,Hidalgo,STARR COUNTY GROUNDWATER CONSERVATION DISTRICT,Starr County GCD,SB 1848,2007-11-06,4163.60778065013,6.9416783329773,0.166722676550801
48061,Cameron,,,,,3065.3590295598,0,0
48083,Coleman,LIPAN-KICKAPOO WATER CONSERVATION DISTRICT,Lipan-Kickapoo WCD,SB 1525,1987-11-03,3386.21022327909,12.6503468501589,0.373584214092553
48355,Nueces,KENEDY COUNTY GROUNDWATER CONSERVATION DISTRICT,Kenedy County GCD,HB 3374,2004-11-02,2873.50464734619,96.9127558219856,3.37263264604388
48355,Nueces,BRUSH COUNTRY GROUNDWATER CONSERVATION DISTRICT,Brush Country GCD,SB 2456,2009-11-03,2873.50464734619,6.11336922910916,0.212749585588982
48355,Nueces,CORPUS CHRISTI AQUIFER STORAGE & RECOVERY CONSERVATION DISTRICT,Corpus Christi ASRCD,HB 3513,2005-06-17,2873.50464734619,991.820688008646,34.5160634740799
48355,Nueces,SAN PATRICIO GROUNDWATER CONSERVATION DISTRICT,San Patricio County GCD,HB 3590,2007-05-12,2873.50464734619,38.7231435361884,1.3475928626721
48371,Pecos,BREWSTER COUNTY GROUNDWATER CONSERVATION DISTRICT,Brewster County GCD,HB 0787,2001-11-06,12320.5987087617,1.9008184691391,0.0154279715951413
48371,Pecos,MIDDLE PECOS GROUNDWATER CONSERVATION DISTRICT,Middle Pecos GCD,SB 1911,2002-11-05,12320.5987087617,12247.1064480726,99.4035008977538
48371,Pecos,CROCKETT COUNTY GROUNDWATER CONSERVATION DISTRICT,Crockett County GCD,SB 1635,1991-01-26,12320.5987087617,15.88493715265,0.128929912645832
48371,Pecos,JEFF DAVIS COUNTY UNDERGROUND WATER CONSERVATION DISTRICT,Jeff Davis County UWCD,HB 2866,1993-11-02,12320.5987087617,0.790468572188763,0.00641582922124254
48371,Pecos,TERRELL GROUNDWATER CONSERVATION DISTRICT,Terrell County GCD,SB 2859,2012-11-06,12320.5987087617,1.73664315651897,0.0140954445280648
48371,Pecos,REEVES COUNTY GROUNDWATER CONSERVATION DISTRICT,Reeves County GGD,SB 890,2015-11-02,12320.5987087617,3.33830965218735,0.0270953525157291
48143,Erath,MIDDLE TRINITY GROUNDWATER CONSERVATION DISTRICT,Middle Trinity GCD,HB 3665,2002-05-04,2810.76647980805,2809.07891912759,99.9399608365696
48143,Erath,PRAIRIELANDS GROUNDWATER CONSERVATION DISTRICT,Prairielands GCD,SB 0726,2009-09-01,2810.76647980805,1.13079487822151,0.0402308369032042
48119,Delta,,,,,735.192775138918,0,0
48175,Goliad,GOLIAD COUNTY GROUNDWATER CONSERVATION DISTRICT,Goliad County GCD,HB 3651,2001-11-06,2240.17317175053,2202.62554549568,98.323896262649
48175,Goliad,BEE GROUNDWATER CONSERVATION DISTRICT,Bee GCD,SB 16,2001-01-20,2240.17317175053,22.2625957548552,0.993789053256926
48175,Goliad,VICTORIA COUNTY GROUNDWATER CONSERVATION DISTRICT,Victoria County GCD,HB 3423,2005-08-05,2240.17317175053,15.1202898210342,0.674960758021167
48423,Smith,NECHES & TRINITY VALLEYS GROUNDWATER CONSERVATION DISTRICT,Neches & Trinity Valleys GCD,SB 1821,2001-11-06,2496.40602298596,22.2179559671909,0.889997691185503
48423,Smith,RUSK COUNTY GROUNDWATER CONSERVATION DISTRICT,Rusk County GCD,HB 3569,2004-06-05,2496.40602298596,0.782501346435547,0.0313451153069882
48185,Grimes,BRAZOS VALLEY GROUNDWATER CONSERVATION DISTRICT,Brazos Valley GCD,SB 1911,2002-11-05,2081.94741803871,34.5662195532804,1.66028302414301
48185,Grimes,BLUEBONNET GROUNDWATER CONSERVATION DISTRICT,Bluebonnet GCD,HB 3655,2002-11-05,2081.94741803871,2043.01188603112,98.1298503665252
48185,Grimes,MID-EAST TEXAS GROUNDWATER CONSERVATION DISTRICT,Mid-East Texas GCD,HB 1784,2002-11-05,2081.94741803871,3.06029277626419,0.146991838014196
48247,Jim Hogg,BRUSH COUNTRY GROUNDWATER CONSERVATION DISTRICT,Brush Country GCD,SB 2456,2009-11-03,2935.88115703661,2931.80064893737,99.8610124905958
48247,Jim Hogg,DUVAL COUNTY GROUNDWATER CONSERVATION DISTRICT,Duval County GCD,SB 1847,2009-07-25,2935.88115703661,3.47177560627818,0.118253274590396
48293,Limestone,SOUTHERN TRINITY GROUNDWATER CONSERVATION DISTRICT,Southern Trinity GCD,HB 3986,2009-06-19,2405.19173063172,0.88882282521826,0.0369543439676142
48229,Hudspeth,HUDSPETH COUNTY UNDERGROUND WATER CONSERVATION DISTRICT NO. 1,Hudspeth County UWCD No. 1,HB 3442,1957-10-05,11801.5150089857,2315.89727329275,19.6237285766227
48229,Hudspeth,CULBERSON COUNTY GROUNDWATER CONSERVATION DISTRICT,Culberson County GCD,SB 1942,1998-05-02,11801.5150089857,5.37138649114418,0.0455143808829153
48137,Edwards,REAL-EDWARDS CONSERVATION AND RECLAMATION DISTRICT,Real-Edwards C and R District,SB 447,1959-05-30,5524.22296141557,5523.5460700893,99.9877468499914
48015,Austin,FORT BEND SUBSIDENCE DISTRICT,Fort Bend Subsidence District,HB 2819,1989-08-28,1663.96055199254,5.02930434885423,0.30224901322521
48015,Austin,BLUEBONNET GROUNDWATER CONSERVATION DISTRICT,Bluebonnet GCD,HB 3655,2002-11-05,1663.96055199254,1643.05929819217,98.7438852576553
48015,Austin,COLORADO COUNTY UNDERGROUND WATER CONSERVATION DISTRICT,Colorado County GCD,HB 4032,2007-11-06,1663.96055199254,11.6840211919303,0.702181381520077
48249,Jim Wells,LIVE OAK UNDERGROUND WATER CONSERVATION DISTRICT,Live Oak UWCD,SB 1675,1989-11-07,2248.25809106067,0.962472461111784,0.0428096963128337
48249,Jim Wells,KENEDY COUNTY GROUNDWATER CONSERVATION DISTRICT,Kenedy County GCD,HB 3374,2004-11-02,2248.25809106067,116.191820487002,5.16808194526216
48249,Jim Wells,BRUSH COUNTRY GROUNDWATER CONSERVATION DISTRICT,Brush Country GCD,SB 2456,2009-11-03,2248.25809106067,2091.93805498335,93.0470600017468
48249,Jim Wells,SAN PATRICIO GROUNDWATER CONSERVATION DISTRICT,San Patricio County GCD,HB 3590,2007-05-12,2248.25809106067,6.77117694270661,0.301174361147841
48249,Jim Wells,DUVAL COUNTY GROUNDWATER CONSERVATION DISTRICT,Duval County GCD,SB 1847,2009-07-25,2248.25809106067,0.706492409986859,0.0314239905461011
48105,Crockett,MIDDLE PECOS GROUNDWATER CONSERVATION DISTRICT,Middle Pecos GCD,SB 1911,2002-11-05,7256.30787124313,29.7346213459973,0.409776181959369
48105,Crockett,SANTA RITA UNDERGROUND WATER CONSERVATION DISTRICT,Santa Rita UWCD,SB 1634,1989-08-19,7256.30787124313,2.53454578092599,0.0349288622519785
48105,Crockett,CROCKETT COUNTY GROUNDWATER CONSERVATION DISTRICT,Crockett County GCD,SB 1635,1991-01-26,7256.30787124313,7193.78560034514,99.1383735088505
48105,Crockett,SUTTON COUNTY UNDERGROUND WATER CONSERVATION DISTRICT,Sutton County UWCD,HB 1161,1986-04-05,7256.30787124313,2.25694980870056,0.0311032807420547
48105,Crockett,IRION COUNTY WATER CONSERVATION DISTRICT,Irion County WCD,SB 206,1985-08-02,7256.30787124313,1.31440808110253,0.0181140065226773
48105,Crockett,TERRELL GROUNDWATER CONSERVATION DISTRICT,Terrell County GCD,SB 2859,2012-11-06,7256.30787124313,21.6294291293085,0.298077610723028
48105,Crockett,PLATEAU UNDERGROUND WATER CONSERVATION AND SUPPLY DISTRICT,Plateau UWC and Supply District,HB 1059,1974-03-04,7256.30787124313,2.68193829343796,0.0369600951479267
