site_id,name,operator,county_fips,lat,lon,status,status_date,mw,cooling,water_source,power_source,confidence,source_url,notes,assign_pattern
COMP-001,1102 McKinzie LLC Data Center,1102 McKinzie LLC,,,,operating,02/23/2024,,unknown,unknown,unknown,high,https://comptroller.texas.gov/taxes/data-centers/data-center-lists.php,owner=1102 McKinzie LLC; occupant=1102 McKinzie LLC; operator=1102 McKinzie LLC; addr_guess=1102 McKinzie LLC Data Center; verify county/MW,
COMP-002,1242 McKinzie LLC Data Center,1102 McKinzie LLC,,,,operating,06/11/2024,,unknown,unknown,unknown,high,https://comptroller.texas.gov/taxes/data-centers/data-center-lists.php,owner=1242 McKinzie LLC; occupant=1242 McKinzie LLC; operator=1102 McKinzie LLC; addr_guess=1242 McKinzie LLC Data Center; verify county/MW,
COMP-003,3301 Hibbetts Road Data Center,"Core Scientific, Inc. Coreweave Compute Acquisition Co. II. LLC CCAC IV.II, LLC",,,,operating,02/20/2024,,unknown,unknown,unknown,high,https://comptroller.texas.gov/taxes/data-centers/data-center-lists.php,"owner=; occupant=Coreweave, Inc.; operator=Core Scientific, Inc. Coreweave Compute Acquisition Co. II. LLC CCAC IV.II, LLC; addr_guess=3301 Hibbetts Road Data Center; verify county/MW",
COMP-011,Canadian Breaks Data Center,Zephyr Infrastructure LLC,,,,operating,09/05/2024,,unknown,unknown,unknown,high,https://comptroller.texas.gov/taxes/data-centers/data-center-lists.php,owner=Zephyr Infrastructure LLC; occupant=American Bitcoin Operating LLC; operator=Zephyr Infrastructure LLC; addr_guess=NA; verify county/MW,
COMP-021,Dory Creek LLC Data Center,Dory Creek LLC,,,,operating,04/03/2023,,unknown,unknown,unknown,high,https://comptroller.texas.gov/taxes/data-centers/data-center-lists.php,owner=Bitdeer Inc.; occupant=Dory Creek LLC; operator=Dory Creek LLC; addr_guess=NA; verify county/MW,
COMP-022,Fort Blocks LLC Data Center,Fort Blocks LLC,,,,operating,01/01/2022,,unknown,unknown,unknown,high,https://comptroller.texas.gov/taxes/data-centers/data-center-lists.php,owner=Fort Blocks LLC; occupant=Fort Blocks LLC; operator=Fort Blocks LLC; addr_guess=NA; verify county/MW,
COMP-026,HELO1 DC,"GALAXY HELIOS I Coreweave Compute Acquisition Co. III, LLC",,,,operating,06/08/2021,,unknown,unknown,unknown,high,https://comptroller.texas.gov/taxes/data-centers/data-center-lists.php,"owner=GALAXY HELIOS I; occupant=COREWEAVE, INC.; operator=GALAXY HELIOS I Coreweave Compute Acquisition Co. III, LLC; addr_guess=NA; verify county/MW",
COMP-034,Microsoft Corporation,Microsoft Corporation,,,,operating,12/01/2013,,unknown,unknown,unknown,high,https://comptroller.texas.gov/taxes/data-centers/data-center-lists.php,owner=Microsoft Corporation; occupant=Microsoft Corporation; operator=Microsoft Corporation; addr_guess=NA; verify county/MW,
COMP-036,NADC,"McKinstry Essention, LLC",,,,operating,09/01/2013,,unknown,unknown,unknown,high,https://comptroller.texas.gov/taxes/data-centers/data-center-lists.php,"owner=Microsoft Corporation; occupant=Chevron USA Inc.; operator=McKinstry Essention, LLC; addr_guess=NA; verify county/MW",
COMP-046,SDC SATB1,"SDC SA III, L.P.",,,,operating,03/10/2024,,unknown,unknown,unknown,high,https://comptroller.texas.gov/taxes/data-centers/data-center-lists.php,"owner=SDC SA III, L.P.; occupant=Microsoft Corporation; operator=SDC SA III, L.P.; addr_guess=NA; verify county/MW",
COMP-053,West Texas Data Center,WTDM OZB LLCTNDS US Corp,,,,operating,05/04/2022,,unknown,unknown,unknown,high,https://comptroller.texas.gov/taxes/data-centers/data-center-lists.php,owner=WTDM OZB LLC; occupant=WTDM OZB LLC; operator=WTDM OZB LLCTNDS US Corp; addr_guess=NA; verify county/MW,
COMP-057,Bull Data Center,IE US Development Holdings 5 Inc.,,,,operating,11/04/2024,,unknown,unknown,unknown,high,https://comptroller.texas.gov/taxes/data-centers/data-center-lists.php,owner=IE US Development Holdings 5 Inc.; occupant=IE US Hardware 1 Inc.; operator=IE US Development Holdings 5 Inc.; addr_guess=NA; verify county/MW,
COMP-065,Cottonwood Data Center,Core Scientific Inc.,,,,operating,09/12/2025,,unknown,unknown,unknown,high,https://comptroller.texas.gov/taxes/data-centers/data-center-lists.php,owner=Core Scientific Inc.; occupant=Core Scientific Inc.; operator=Core Scientific Inc.; addr_guess=NA; verify county/MW,
COMP-073,Fermi Data Center 1,"Fermi Equipment Holdco, LLC",,,,operating,09/05/2025,,unknown,unknown,unknown,high,https://comptroller.texas.gov/taxes/data-centers/data-center-lists.php,"owner=Fermi Inc. Fermi Equipment Holdco, LLC Firebird Equipment Holdco, LLC Fermi Campus 1, LLC Fermi Warehouse, LLC Fermi High Voltage Warehouse, LLC Fermi Turbine Warehouse, LLC Fermi Mobile Gen, LLC; occupant=Fermi Equipment Holdco, LLC; operator=Fermi Equipment Holdco, LLC; addr_guess=NA; verify county/MW",
COMP-078,HEL02 DC,"Coreweave, Inc. Galaxy Helios II LLC",,,,operating,11/07/2025,,unknown,unknown,unknown,high,https://comptroller.texas.gov/taxes/data-centers/data-center-lists.php,"owner=Galaxy Helios II LLC; occupant=Coreweave, Inc.; operator=Coreweave, Inc. Galaxy Helios II LLC; addr_guess=NA; verify county/MW",
COMP-080,Horizon,IE US Development Holdings 3 Inc.,,,,operating,07/24/2025,,unknown,unknown,unknown,high,https://comptroller.texas.gov/taxes/data-centers/data-center-lists.php,owner=IE US Development Holdings 3 Inc.; occupant=IE US HARDWARE 3 LLC; operator=IE US Development Holdings 3 Inc.; addr_guess=NA; verify county/MW,
COMP-092,Lincoln Rackhouse,"Coreweave, Inc. Coreweave Compute Acquisition Co. II, LLC",,,,operating,03/21/2023,,unknown,unknown,unknown,high,https://comptroller.texas.gov/taxes/data-centers/data-center-lists.php,"owner=; occupant=Coreweave, Inc.; operator=Coreweave, Inc. Coreweave Compute Acquisition Co. II, LLC; addr_guess=NA; verify county/MW",
COMP-093,Meitner Data Center,"IP Meitner, LLC Design, LLC Google LLC",,,,operating,04/27/2026,,unknown,unknown,unknown,high,https://comptroller.texas.gov/taxes/data-centers/data-center-lists.php,"owner=IP Meitner DTC, LLC; occupant=Google LLC; operator=IP Meitner, LLC Design, LLC Google LLC; addr_guess=NA; verify county/MW",
COMP-099,Nexus Data Centers,"Nexus Data Centers, LLC",,,,operating,07/21/2025,,unknown,unknown,unknown,high,https://comptroller.texas.gov/taxes/data-centers/data-center-lists.php,"owner=Nexus Data Centers, LLC Nexus Land Holdings, LLC Nexus Hubbard Power, LLC Nexus Data Centers Hubbard, LLC; occupant=Nexus Data Centers, LLC; operator=Nexus Data Centers, LLC; addr_guess=NA; verify county/MW",
COMP-100,Polmer LLC Data Center,Polmer LLC,,,,operating,02/11/2022,,unknown,unknown,unknown,high,https://comptroller.texas.gov/taxes/data-centers/data-center-lists.php,owner=Polmer LLC; occupant=Polmer LLC; operator=Polmer LLC; addr_guess=NA; verify county/MW,
COMP-104,Project Goodnight,"GN DC1, LLC GN DC2, LLC",,,,operating,06/20/2025,,unknown,unknown,unknown,high,https://comptroller.texas.gov/taxes/data-centers/data-center-lists.php,"owner=GN DC1, LLC GN DC2, LLC; occupant=GN DC1, LLC; operator=GN DC1, LLC GN DC2, LLC; addr_guess=NA; verify county/MW",
COMP-105,Project Watertower,"Yondr USA, LLC",,,,operating,03/24/2026,,unknown,unknown,unknown,high,https://comptroller.texas.gov/taxes/data-centers/data-center-lists.php,"owner=Redwood Dallas SPV, LLC; occupant=Yondr USA, LLC; operator=Yondr USA, LLC; addr_guess=NA; verify county/MW",
COMP-113,Sharka Data Center,Google LLC,,,,operating,10/01/2018,,unknown,unknown,unknown,high,https://comptroller.texas.gov/taxes/data-centers/data-center-lists.php,owner=Sharka LLC; occupant=Design LLC; operator=Google LLC; addr_guess=NA; verify county/MW,
COMP-114,Spectrum Data Center,"Amazon Data Services, Inc.",,,,operating,05/21/2026,,unknown,unknown,unknown,high,https://comptroller.texas.gov/taxes/data-centers/data-center-lists.php,"owner=Amazon Data Services, Inc.; occupant=Amazon Data Services, Inc.; operator=Amazon Data Services, Inc.; addr_guess=NA; verify county/MW",
COMP-129,Winner LLC d/b/a Ernst LLC,Winner LLC d/b/a Ernst LLC,,,,operating,06/22/2015,,unknown,unknown,unknown,high,https://comptroller.texas.gov/taxes/data-centers/data-center-lists.php,owner=Winner LLC d/b/a Ernst LLC; occupant=Winner LLC d/b/a Ernst LLC; operator=Winner LLC d/b/a Ernst LLC; addr_guess=NA; verify county/MW,
COMP-130,Wurldwide LLC DBA Statue LLC,Wurldwide LLC DBA Statue LLC,,,,operating,09/17/2025,,unknown,unknown,unknown,high,https://comptroller.texas.gov/taxes/data-centers/data-center-lists.php,owner=Wurldwide LLC DBA Statue LLC; occupant=Wurldwide LLC DBA Statue LLC; operator=Wurldwide LLC DBA Statue LLC; addr_guess=NA; verify county/MW,
