fips,name,gcd_funding,pgma,moratorium_june,moratorium,land_score,infra_score,risk_june,risk_sept,rank_june,rank_sept,rank_delta,is_lit,is_peer
48161,Freestone,0,0,0,0,0.959264623092918,1,1,1,1,1,0,TRUE,FALSE
48033,Borden,0,0,0,0,0.933367094052693,1,0.987205839898628,0.987205839898628,2,2,0,TRUE,FALSE
48103,Crane,0,0,0,0,0.999904467010336,0.616453915603514,0.857663026278688,0.857663026278688,3,3,0,FALSE,FALSE
48287,Lee,0,0,0,0,0.94119258152728,0.66809194186969,0.850523934884815,0.850523934884815,4,4,0,FALSE,FALSE
48051,Burleson,0,0,0,0,0.910453145348443,0.700148176063716,0.848912080500235,0.848912080500235,5,5,0,FALSE,FALSE
48081,Coke,0,0,0,0,0.962181229649595,0.622983463594125,0.841791575655019,0.841791575655019,6,6,0,FALSE,FALSE
48289,Leon,0,0,0,0,0.956339362569894,0.62242095163633,0.838667319027168,0.838667319027168,7,7,0,FALSE,FALSE
48431,Sterling,0,0,0,0,0.986665991352746,0.580813002672489,0.836030518346977,0.836030518346977,8,8,0,FALSE,FALSE
48301,Loving,0,0,0,0,0.999085373048677,0.551149925015111,0.82960510620143,0.82960510620143,9,9,0,FALSE,FALSE
48433,Stonewall,0,0,0,0,0.942513305805232,0.614183118139768,0.828348483215902,0.828348483215902,10,10,0,FALSE,FALSE
48313,Madison,0,0,0,0,0.941902247036256,0.613116435044164,0.827594910098368,0.827594910098368,11,11,0,FALSE,FALSE
48059,Callahan,0,0,0,0,0.936073461373838,0.615182955923128,0.825590391640274,0.825590391640274,12,12,0,FALSE,FALSE
48425,Somervell,0,0,0,0,0.875021680239852,0.683844055597549,0.8245038168004,0.8245038168004,13,13,0,FALSE,FALSE
48193,Hamilton,0,0,0,0,0.936311335388955,0.607728610008565,0.822551332905574,0.822551332905574,14,14,0,FALSE,FALSE
48129,Donley,0,0,0,0,0.933492726778616,0.608377927901718,0.821433811803951,0.821433811803951,15,15,0,FALSE,FALSE
48031,Blanco,0,0,0,0,0.980612271350689,0.551649257614183,0.820690281630205,0.820690281630205,16,16,0,FALSE,FALSE
48345,Motley,0,0,0,0,0.935977292669136,0.597949547988399,0.818245318769093,0.818245318769093,17,17,0,FALSE,FALSE
48045,Briscoe,0,0,0,0,0.91765544444643,0.616488885432851,0.817044337627301,0.817044337627301,18,18,0,FALSE,FALSE
48447,Throckmorton,0,0,0,0,0.914320829291667,0.617254555861688,0.815721163730868,0.815721163730868,19,19,0,FALSE,FALSE
48395,Robertson,0,0,0,0,0.888036513925777,0.638650897308244,0.811796294719991,0.811796294719991,20,20,0,FALSE,FALSE
48169,Garza,0,0,0,0,0.91443656666989,0.607400308327891,0.811605516885234,0.811605516885234,21,21,0,FALSE,FALSE
48101,Cottle,0,0,0,0,0.914412093381785,0.603951354546451,0.810132951645953,0.810132951645953,22,22,0,FALSE,FALSE
48417,Shackelford,0,0,0,0,0.958416139803897,0.547324724954917,0.807893481043445,0.807893481043445,23,23,0,FALSE,FALSE
48087,Collingsworth,0,0,0,0,0.883618978858691,0.614743754548178,0.799490314126361,0.799490314126361,24,24,0,FALSE,FALSE
48019,Bandera,0,0,0,0,0.992114347936209,0.460558481113691,0.787799862982604,0.787799862982604,25,25,0,FALSE,FALSE
48269,King,0,0,0,0,0.955053427460911,0.502380565444944,0.78720039710833,0.78720039710833,26,26,0,FALSE,FALSE
48197,Hardeman,0,0,0,0,0.862964278943011,0.606112163818497,0.785631184491599,0.785631184491599,27,27,0,FALSE,FALSE
48461,Upton,0,0,0,0,0.963944075606234,0.482457875965137,0.783156294557878,0.783156294557878,28,28,0,FALSE,FALSE
48275,Knox,0,0,0,0,0.839206652420188,0.622984000536989,0.781038654452181,0.781038654452181,29,29,0,FALSE,FALSE
48407,San Jacinto,0,0,0,0,0.980409833693145,0.438046666053579,0.772484752660475,0.772484752660475,30,30,0,FALSE,FALSE
48443,Terrell,0,0,0,0,0.997166840848246,0.41683459822715,0.771780875664657,0.771780875664657,31,31,0,FALSE,FALSE
48151,Fisher,0,0,0,0,0.820293122443874,0.615007382009471,0.76831706612909,0.76831706612909,32,32,0,FALSE,FALSE
48349,Navarro,0,0,0,0,0.487876984949636,1,0.767120295421039,0.767120295421039,33,33,0,TRUE,FALSE
48263,Kent,0,0,0,0,0.945569146181564,0.458921320034145,0.764111866993777,0.764111866993777,34,34,0,FALSE,FALSE
48155,Foard,0,0,0,0,0.91453566418954,0.479002592298352,0.757283894644339,0.757283894644339,35,35,0,FALSE,FALSE
48185,Grimes,0,0,0,0,0.703967951437786,0.721280631396572,0.755850801075222,0.755850801075222,36,36,0,FALSE,FALSE
48493,Wilson,0,0,0,0,0.800805821222352,0.595223000922434,0.750311968355711,0.750311968355711,37,37,0,FALSE,FALSE
48379,Rains,0,0,0,0,0.925326960415235,0.445472886419967,0.748416818411628,0.748416818411628,38,38,0,FALSE,FALSE
48023,Baylor,0,0,0,0,0.861754842451359,0.505240642133303,0.742319195453091,0.742319195453091,39,39,0,FALSE,FALSE
48011,Armstrong,0,0,0,0,0.903289343981113,0.456406404219398,0.742159417861776,0.742159417861776,40,40,0,FALSE,FALSE
48149,Fayette,0,0,0,0,0.745642578298856,0.636628595962626,0.740593045217406,0.740593045217406,41,41,0,FALSE,FALSE
48399,Runnels,0,0,0,0,0.783880247462744,0.590528715188965,0.739962408641151,0.739962408641151,42,42,0,FALSE,FALSE
48467,Van Zandt,0,0,0,0,0.91148748826749,0.43635326569885,0.737717958305581,0.737717958305581,43,43,0,FALSE,FALSE
48255,Karnes,0,0,0,0,0.928071940431713,0.415351475965001,0.73701787712825,0.73701787712825,44,44,0,FALSE,FALSE
48235,Irion,0,0,0,0,0.996707222337307,0.3293076295059,0.734490129149001,0.734490129149001,45,45,0,FALSE,FALSE
48153,Floyd,0,0,0,0,0.742881251875352,0.616944000446306,0.730893337887086,0.730893337887086,46,46,0,FALSE,FALSE
48333,Mills,0,0,0,0,0.955019563432487,0.363785757569652,0.72849508431778,0.72849508431778,47,47,0,FALSE,FALSE
48173,Glasscock,0,0,0,0,0.858993299052055,0.475467463951113,0.728347326084801,0.728347326084801,48,48,0,FALSE,FALSE
48237,Jack,0,0,0,0,0.944493502785354,0.374069861304117,0.727649742124333,0.727649742124333,49,49,0,FALSE,FALSE
48253,Jones,0,0,0,0,0.736101223096761,0.615515990392372,0.72693910210861,0.72693910210861,50,50,0,FALSE,FALSE
48383,Reagan,0,0,0,0,0.973056400845863,0.328113220355964,0.722300132485359,0.722300132485359,51,51,0,FALSE,FALSE
48455,Trinity,0,0,0,0,0.987998525691365,0.307998684533315,0.721164403683574,0.721164403683574,52,52,0,FALSE,FALSE
48311,McMullen,0,0,0,0,0.99435001941931,0.296201872756378,0.719306821069259,0.719306821069259,53,53,0,FALSE,FALSE
48133,Eastland,0,0,0,0,0.926226691885178,0.369989590171397,0.716897578018886,0.716897578018886,54,54,0,FALSE,FALSE
48105,Crockett,0,0,0,0,0.998162173115298,0.285393973067171,0.716613487110537,0.716613487110537,55,55,0,FALSE,FALSE
48325,Medina,0,0,0,0,0.762816867985887,0.558532926339289,0.71600770619472,0.71600770619472,56,56,0,FALSE,FALSE
48483,Wheeler,0,0,0,0,0.905014689429167,0.379436596139888,0.710418585670736,0.710418585670736,57,57,0,FALSE,FALSE
48089,Colorado,0,0,0,0,0.887940888557425,0.396494304216794,0.709206775052971,0.709206775052971,58,58,0,FALSE,FALSE
48385,Real,0,0,0,0,0.997062317791643,0.266263102838056,0.707969074009529,0.707969074009529,59,59,0,FALSE,FALSE
48243,Jeff Davis,0,0,0,0,0.991962758261046,0.264756349497729,0.704811696510066,0.704811696510066,60,60,0,FALSE,FALSE
48109,Culberson,0,0,0,0,0.996482674729406,0.258094261824238,0.704223581089747,0.704223581089747,61,61,0,FALSE,FALSE
48093,Comanche,0,0,0,0,0.858732278536566,0.417951120569616,0.703862824687168,0.703862824687168,62,62,0,FALSE,FALSE
48283,La Salle,0,0,0,0,0.993965258135303,0.259613732934971,0.70362332814395,0.70362332814395,63,63,0,FALSE,FALSE
48293,Limestone,0,0,0,0,0.663613309270226,0.64083693086806,0.701850151293849,0.701850151293849,64,64,0,FALSE,FALSE
48297,Live Oak,0,0,0,0,0.967083185482295,0.27897939640788,0.698543249463886,0.698543249463886,65,65,0,FALSE,FALSE
48457,Tyler,0,0,0,0,0.990756571551708,0.2454356206308,0.696034356020937,0.696034356020937,66,66,0,FALSE,FALSE
48125,Dickens,0,0,0,0,0.881945769282338,0.361487276741609,0.691421125139301,0.691421125139301,67,67,0,FALSE,FALSE
48411,San Saba,0,0,0,0,0.949930520005221,0.277608604166162,0.689488847578447,0.689488847578447,68,68,0,FALSE,FALSE
48291,Liberty,0,0,0,0,0.739112826575265,0.523383510431889,0.689413019849798,0.689413019849798,69,69,0,FALSE,FALSE
48095,Concho,0,0,0,0,0.88521660467622,0.339762983471003,0.68383776858949,0.68383776858949,70,70,0,FALSE,FALSE
48211,Hemphill,0,0,0,0,0.974854447686175,0.233805259123735,0.683253299517368,0.683253299517368,71,71,0,FALSE,FALSE
48077,Clay,0,0,0,0,0.916046157478385,0.3012952696493,0.682779173964048,0.682779173964048,72,72,0,FALSE,FALSE
48175,Goliad,0,0,0,0,0.955919551472978,0.252144229240988,0.681664607757362,0.681664607757362,73,73,0,FALSE,FALSE
48001,Anderson,0,0,0,0,0.644182867932808,0.615653525430276,0.68158690333309,0.68158690333309,74,74,0,FALSE,FALSE
48335,Mitchell,0,0,0,0,0.312546268196789,1,0.680501635496382,0.680501635496382,75,75,0,TRUE,FALSE
48319,Mason,0,0,0,0,0.967199368345137,0.236188288123834,0.680480563683635,0.680480563683635,76,76,0,FALSE,FALSE
48473,Waller,0,0,0,0,0.695911646529444,0.550811966664708,0.679685035302232,0.679685035302232,77,77,0,FALSE,FALSE
48107,Crosby,0,0,0,0,0.738376282056691,0.495705536103299,0.677328784294825,0.677328784294825,78,78,0,FALSE,FALSE
48393,Roberts,0,0,0,0,0.95766802461892,0.233170238173445,0.67449378596458,0.67449378596458,79,79,0,FALSE,FALSE
48377,Presidio,0,0,0,0,0.999123355022689,0.183968998877487,0.674139487095575,0.674139487095575,80,80,0,FALSE,FALSE
48327,Menard,0,0,0,0,0.977198910537034,0.209447442455513,0.674097109900087,0.674097109900087,81,81,0,FALSE,FALSE
48119,Delta,0,0,0,0,0.796608562769761,0.419665241673736,0.673897688345311,0.673897688345311,82,82,0,FALSE,FALSE
48267,Kimble,0,0,0,0,0.986840944567461,0.192345692029194,0.671618753719061,0.671618753719061,83,83,0,FALSE,FALSE
48159,Franklin,0,0,0,0,0.905868013320158,0.283546025961764,0.670234868343043,0.670234868343043,84,84,0,FALSE,FALSE
48413,Schleicher,0,0,0,0,0.965596524389721,0.210002819835658,0.668600358358218,0.668600358358218,85,85,0,FALSE,FALSE
48437,Swisher,0,0,0,0,0.631540780627789,0.596490853518599,0.667226813096701,0.667226813096701,86,86,0,FALSE,FALSE
48373,Polk,0,0,0,0,0.874989253806827,0.311414615659877,0.666780907491289,0.666780907491289,87,87,0,FALSE,FALSE
48013,Atascosa,0,0,0,0,0.677126382498362,0.539641174711687,0.665674227391823,0.665674227391823,88,88,0,FALSE,FALSE
48063,Camp,0,0,0,0,0.945114306717224,0.22177438535989,0.663466246695502,0.663466246695502,89,89,0,FALSE,FALSE
48137,Edwards,0,0,0,0,0.995459032624698,0.162072818478952,0.663057167153532,0.663057167153532,90,90,0,FALSE,FALSE
48053,Burnet,0,0,0,0,0.651198023634723,0.56017048261757,0.661558062445837,0.661558062445837,91,91,0,FALSE,FALSE
48271,Kinney,0,0,0,0,0.994530522782814,0.158163349847318,0.660942973556581,0.660942973556581,92,92,0,FALSE,FALSE
48147,Fannin,0,0,0,0,0.669000704412327,0.535386221614242,0.659858118781438,0.659858118781438,93,93,0,FALSE,FALSE
48353,Nolan,0,0,0,0,0.269040327215067,1,0.659008389039686,0.659008389039686,94,94,0,TRUE,FALSE
48351,Newton,0,0,0,0,0.995564412654466,0.151656680918049,0.658698468654211,0.658698468654211,95,95,0,FALSE,FALSE
48343,Morris,0,0,0,0,0.966566026912088,0.179773062689888,0.656278397781577,0.656278397781577,96,96,0,FALSE,FALSE
48285,Lavaca,0,0,0,0,0.760989903015579,0.417045067617131,0.655191472334102,0.655191472334102,97,97,0,FALSE,FALSE
48405,San Augustine,0,0,0,0,0.990816253003763,0.148668463998114,0.655087360999684,0.655087360999684,98,98,0,FALSE,FALSE
48069,Castro,0,0,0,0,0.659035022008296,0.523109995069017,0.649736348930687,0.649736348930687,100,99,1,FALSE,FALSE
48359,Oldham,0,0,0,0,0.938628175104287,0.193647550130463,0.648351469649032,0.648351469649032,101,100,1,FALSE,FALSE
48435,Sutton,0,0,0,0,0.98830329542076,0.135226926418115,0.648154005794777,0.648154005794777,102,101,1,FALSE,FALSE
48131,Duval,0,0,0,0,0.981692773400084,0.140829968964727,0.647260841712957,0.647260841712957,103,102,1,FALSE,FALSE
48387,Red River,0,0,0,0,0.907284641695042,0.224467557705246,0.645917687403656,0.645917687403656,104,103,1,FALSE,FALSE
48305,Lynn,0,0,0,0,0.616837824660571,0.54941539119338,0.640028797345538,0.640028797345538,105,104,1,FALSE,FALSE
48403,Sabine,0,0,0,0,0.993206109178091,0.110188327647219,0.639973438468835,0.639973438468835,106,105,1,FALSE,FALSE
48229,Hudspeth,0,0,0,0,0.988626491194924,0.113405826643677,0.639073433266548,0.639073433266548,107,106,1,FALSE,FALSE
48213,Henderson,0,0,0,0,0.618971404767679,0.544265549624572,0.638902127105549,0.638902127105549,108,107,1,FALSE,FALSE
48499,Wood,0,0,0,0,0.823104321452713,0.302302576174532,0.637289653361209,0.637289653361209,109,108,1,FALSE,FALSE
48315,Marion,0,0,0,0,0.966971856868413,0.125452842996906,0.633476753299833,0.633476753299833,110,109,1,FALSE,FALSE
48009,Archer,0,0,0,0,0.780061539319607,0.33850256039484,0.631354264388252,0.631354264388252,111,110,1,FALSE,FALSE
48475,Ward,0,0,0,0,0.21246484972528,1,0.631058397529237,0.631058397529237,112,111,1,TRUE,FALSE
48231,Hunt,0,0,0,0,0.528104887886564,0.63165373152667,0.631016239557541,0.631016239557541,113,112,1,FALSE,FALSE
48207,Haskell,1,0,0,0,0.712308785700475,1,0.630981297195985,0.630981297195985,114,113,1,TRUE,FALSE
48225,Houston,0,0,0,0,0.686238462266972,0.44448367972158,0.629881008374659,0.629881008374659,115,114,1,FALSE,FALSE
48055,Caldwell,0,0,0,0,0.500323659859172,0.660354045472834,0.629444749946629,0.629444749946629,116,115,1,FALSE,FALSE
48391,Refugio,0,0,0,0,0.925015723442417,0.161976087587806,0.62821508757864,0.62821508757864,117,116,1,FALSE,FALSE
48097,Cooke,0,0,0,0,0.52372162291363,0.613197203703526,0.621035276369282,0.621035276369282,118,117,1,FALSE,FALSE
48247,Jim Hogg,0,0,0,0,0.988969962708637,0.0690748368341437,0.620470965305455,0.620470965305455,119,118,1,FALSE,FALSE
48261,Kenedy,0,0,0,0,1,0.0539767548072359,0.61952678680553,0.61952678680553,120,119,1,FALSE,FALSE
48281,Lampasas,0,0,0,0,0.631624515626014,0.473799195757698,0.615313856858714,0.615313856858714,121,120,1,FALSE,FALSE
48259,Kendall,0,0,0,0,0.554832145424312,0.560814254881864,0.614223021589262,0.614223021589262,122,121,1,FALSE,FALSE
48295,Lipscomb,0,0,0,0,0.905689887716544,0.143393848263385,0.610798810861742,0.610798810861742,123,122,1,FALSE,FALSE
48177,Gonzales,0,0,0,0,0.61539438277537,0.479100175640398,0.609540405248179,0.609540405248179,124,123,1,FALSE,FALSE
48073,Cherokee,0,0,0,0,0.684423306958814,0.390153724578833,0.60597800769511,0.60597800769511,125,124,1,FALSE,FALSE
48501,Yoakum,0,0,0,0,0.796682463836721,0.256771025412315,0.604955923059364,0.604955923059364,126,125,1,FALSE,FALSE
48145,Falls,0,0,0,0,0.505852614116448,0.595697109119297,0.604796955040555,0.604796955040555,127,126,1,FALSE,FALSE
48441,Taylor,0,0,0,0,0.151006085578425,1,0.600695915189475,0.600695915189475,128,127,1,TRUE,FALSE
48079,Cochran,0,0,0,0,0.709173004337793,0.346277511972114,0.599625528520557,0.599625528520557,129,128,1,FALSE,FALSE
48091,Comal,0,0,0,0,0.461183496901907,0.630949227921303,0.597656729713016,0.597656729713016,130,129,1,FALSE,FALSE
48477,Washington,0,0,0,0,0.476098038337007,0.602488767833986,0.592973255418937,0.592973255418937,131,130,1,FALSE,FALSE
48065,Carson,0,0,0,0,0.709155414540268,0.317565390454592,0.587458564082448,0.587458564082448,132,131,1,FALSE,FALSE
48135,Ector,0,0,0,0,0.0907528144113016,1,0.570928982724754,0.570928982724754,133,132,1,TRUE,FALSE
48459,Upshur,0,0,0,0,0.770697561997821,0.201127604136662,0.568556145897499,0.568556145897499,134,133,1,FALSE,FALSE
48491,Williamson,0,0,0,0,0.081323145010947,1,0.566270441756472,0.566270441756472,135,134,1,TRUE,FALSE
48241,Jasper,0,0,0,0,0.770907894682489,0.194063390774817,0.565668684266139,0.565668684266139,136,135,1,FALSE,FALSE
48181,Grayson,0,0,0,0,0.403103828662594,0.608955880919683,0.559650442791427,0.559650442791427,137,136,1,FALSE,FALSE
48279,Lamb,0,0,0,0,0.38800920577855,0.616240654599957,0.55527801357461,0.55527801357461,138,137,1,FALSE,FALSE
48369,Parmer,0,0,0,0,0.604846999261559,0.361404204543545,0.554490801520786,0.554490801520786,139,138,1,FALSE,FALSE
48251,Johnson,0,0,0,0,0.409877809970328,0.583403520756161,0.552176734118451,0.552176734118451,140,139,1,FALSE,FALSE
48257,Kaufman,0,0,0,0,0.380966966332614,0.609391745720416,0.54889873429414,0.54889873429414,141,140,1,FALSE,FALSE
48083,Coleman,0,0,0,0,0.483870962917008,0.486229148611267,0.547582665747223,0.547582665747223,142,141,1,FALSE,FALSE
48143,Erath,0,0,0,0,0.458144276391175,0.515579387399616,0.547301395120338,0.547301395120338,143,142,1,FALSE,FALSE
48071,Chambers,0,0,0,0,0.475140857498693,0.487186546707002,0.543675144924563,0.543675144924563,144,143,1,FALSE,FALSE
48067,Cass,0,0,0,0,0.784344013970034,0.124965472373895,0.543046713825606,0.543046713825606,145,144,1,FALSE,FALSE
48419,Shelby,0,0,0,0,0.759290505833019,0.150061899373344,0.541296718245889,0.541296718245889,146,145,1,FALSE,FALSE
48223,Hopkins,0,0,0,0,0.538754033850629,0.390310094413214,0.534079210656793,0.534079210656793,147,146,1,FALSE,FALSE
48113,Dallas,0,0,0,0,0.00559867760342864,1,0.528860271925286,0.528860271925286,148,147,1,TRUE,FALSE
48471,Walker,0,0,0,0,0.417906096061457,0.496280239909282,0.519250211780175,0.519250211780175,149,148,1,FALSE,FALSE
48171,Gillespie,0,0,0,0,0.541189496258218,0.351729146148001,0.51894512973016,0.51894512973016,150,149,1,FALSE,FALSE
48365,Panola,0,0,0,0,0.699515365386676,0.163275424031589,0.517361322092612,0.517361322092612,151,150,1,FALSE,FALSE
48195,Hansford,0,0,0,0,0.724365592571111,0.130879022804318,0.515919684455611,0.515919684455611,152,151,1,FALSE,FALSE
48401,Rusk,0,0,0,0,0.61828853391067,0.25074169431496,0.514270796620383,0.514270796620383,153,152,1,FALSE,FALSE
48163,Frio,0,0,0,0,0.464575472370785,0.422182196320016,0.510929147146639,0.510929147146639,154,153,1,FALSE,FALSE
48299,Llano,0,0,0,0,0.491868919245233,0.38523241575485,0.508766385122129,0.508766385122129,155,154,1,FALSE,FALSE
48503,Young,0,0,0,0,0.480396255212742,0.378791116274993,0.500370946526867,0.500370946526867,156,155,1,FALSE,FALSE
48035,Bosque,2,0,0,0,0.942458420565415,1,0.497667081403852,0.497667081403852,157,156,1,TRUE,FALSE
48199,Hardin,0,0,0,0,0.504370340457353,0.332636931410075,0.492670674170669,0.492670674170669,158,157,1,FALSE,FALSE
48415,Scurry,0,0,0,0,0.253788943654045,0.617437501061959,0.489475967544631,0.489475967544631,159,158,1,FALSE,FALSE
48123,DeWitt,0,0,0,0,0.496453993900694,0.322809796462669,0.484598416655271,0.484598416655271,160,159,1,FALSE,FALSE
48165,Gaines,0,0,0,0,0.446023995654585,0.379513700046854,0.48369599534108,0.48369599534108,161,160,1,FALSE,FALSE
48495,Winkler,0,0,0,0,0.1809780516,0.684895680147516,0.482070655366827,0.482070655366827,162,161,1,FALSE,FALSE
48363,Palo Pinto,0,0,0,0,0.477965584351663,0.320208146299431,0.474362904710452,0.474362904710452,163,162,1,FALSE,FALSE
48421,Sherman,0,0,0,0,0.658098246038914,0.107502661407425,0.473282794068044,0.473282794068044,164,163,1,FALSE,FALSE
48339,Montgomery,0,0,0,0,0.225594769811278,0.606812276044772,0.471047897254875,0.471047897254875,165,164,1,FALSE,FALSE
48239,Jackson,0,0,0,0,0.539410402699135,0.233263428112362,0.467901372848012,0.467901372848012,166,165,1,FALSE,FALSE
48191,Hall,2,0,0,0,0.87588667141047,1,0.464778630324454,0.464778630324454,167,166,1,TRUE,FALSE
48025,Bee,0,0,0,0,0.511331242918282,0.253771306721834,0.462713573076721,0.462713573076721,168,167,1,FALSE,FALSE
48397,Rockwall,0,0,0,0,0.128030543539111,0.700380989792002,0.462470312827177,0.462470312827177,169,168,1,FALSE,FALSE
48049,Brown,0,0,0,0,0.412217060746973,0.359564951821614,0.458546964830292,0.458546964830292,170,169,1,FALSE,FALSE
48429,Stephens,0,0,0,0,0.390527363550331,0.379901550997795,0.456443223172537,0.456443223172537,171,170,1,FALSE,FALSE
48115,Dawson,0,0,0,0,0.182140743817227,0.617038145016704,0.453910487704673,0.453910487704673,172,171,1,FALSE,FALSE
48187,Guadalupe,0,0,0,0,0.225975518206129,0.56298024031165,0.452675129502157,0.452675129502157,173,172,1,FALSE,FALSE
48003,Andrews,0,0,0,0,0.176358991111167,0.612209778603386,0.449009534497595,0.449009534497595,174,173,1,FALSE,FALSE
48317,Martin,1,0,0,0,0.769520110798728,0.503010134249503,0.448792864991858,0.448792864991858,175,174,1,FALSE,FALSE
48099,Coryell,0,0,0,0,0.177663202248355,0.608984875677679,0.448288254744899,0.448288254744899,176,175,1,FALSE,FALSE
48005,Angelina,0,0,0,0,0.512520719717037,0.213760024691584,0.446358256551401,0.446358256551401,177,176,1,FALSE,FALSE
48265,Kerr,0,0,0,0,0.390510330278132,0.350764740609504,0.444096697298465,0.444096697298465,178,177,1,FALSE,FALSE
48277,Lamar,0,0,0,0,0.396281989324883,0.343105091750587,0.443704558763579,0.443704558763579,179,178,1,FALSE,FALSE
48309,McLennan,0,0,0,0,0.199909527444964,0.570137095925416,0.442828346320905,0.442828346320905,180,179,1,FALSE,FALSE
48219,Hockley,0,0,0,0,0.257113415739696,0.496300322430975,0.439822284175821,0.439822284175821,181,180,1,FALSE,FALSE
48449,Titus,0,0,0,0,0.474719194016226,0.224427467055796,0.432200338758326,0.432200338758326,182,181,1,FALSE,FALSE
48347,Nacogdoches,0,0,0,0,0.465437826487492,0.234223231306768,0.431763122981157,0.431763122981157,183,182,1,FALSE,FALSE
48227,Howard,0,0,0,0,0.134565546876756,0.616592960014684,0.430218390571461,0.430218390571461,184,183,1,FALSE,FALSE
48203,Harrison,0,0,0,0,0.536419537484466,0.146723732304225,0.429778179220366,0.429778179220366,185,184,1,FALSE,FALSE
48329,Midland,0,0,0,0,0.129141210105977,0.616985325195844,0.427704753441723,0.427704753441723,186,185,1,FALSE,FALSE
48481,Wharton,0,0,0,0,0.350795718113616,0.357647264039646,0.427390916493372,0.427390916493372,187,186,1,FALSE,FALSE
48321,Matagorda,0,0,0,0,0.418566618385436,0.272891698898036,0.424981666336156,0.424981666336156,188,187,1,FALSE,FALSE
48039,Brazoria,0,0,0,0,0.209853784867202,0.473601758572246,0.406862794724701,0.406862794724701,189,188,1,FALSE,FALSE
48423,Smith,0,0,0,0,0.330668785506498,0.328607319176086,0.405150512210957,0.405150512210957,190,189,1,FALSE,FALSE
48497,Wise,1,1,0,0,0.840642324905303,0.606080042951681,0.404067253607492,0.404067253607492,191,190,1,FALSE,FALSE
48015,Austin,0,0,0,1,0.740984036857164,0.427531062637399,0.64974831217789,0.402733238239766,99,191,-92,FALSE,FALSE
48043,Brewster,0,0,0,0,0.340780481880778,0.304189578898601,0.399806195203088,0.399806195203088,192,192,0,FALSE,FALSE
48463,Uvalde,0,0,0,0,0.331170691231491,0.298479179793129,0.39264057520941,0.39264057520941,193,193,0,FALSE,FALSE
48303,Lubbock,0,0,0,0,0.0720556956227002,0.600465429711392,0.3925073656436,0.3925073656436,194,194,0,FALSE,FALSE
48389,Reeves,0,0,0,0,0.110797466746434,0.546927118905707,0.388975934614237,0.388975934614237,195,195,0,FALSE,FALSE
48249,Jim Wells,0,0,0,0,0.448369418946786,0.142403357851524,0.384449284513176,0.384449284513176,196,196,0,FALSE,FALSE
48307,McCulloch,0,0,0,0,0.341703315979306,0.264358256874256,0.383395354003711,0.383395354003711,197,197,0,FALSE,FALSE
48157,Fort Bend,0,0,0,0,0.0437915453004525,0.595494267591087,0.37643896274538,0.37643896274538,198,198,0,FALSE,FALSE
48361,Orange,0,0,0,0,0.356286976121483,0.228541840861346,0.375433502380967,0.375433502380967,199,199,0,FALSE,FALSE
48021,Bastrop,2,0,0,0,0.695028523987837,1,0.375429253008626,0.375429253008626,200,200,0,TRUE,FALSE
48017,Bailey,0,0,0,0,0.199892350941831,0.396412680108599,0.369255490179924,0.369255490179924,201,201,0,FALSE,FALSE
48487,Wilbarger,0,0,0,0,0.222876434111542,0.360911672014409,0.365577261662604,0.365577261662604,202,202,0,FALSE,FALSE
48233,Hutchinson,0,0,0,0,0.345418094492198,0.206517133816708,0.360737487801093,0.360737487801093,203,203,0,FALSE,FALSE
48507,Zavala,0,0,0,0,0.297244934268165,0.254533651242055,0.35727130050693,0.35727130050693,204,204,0,FALSE,FALSE
48057,Calhoun,0,0,0,0,0.381208958850936,0.14563584210973,0.352638802202949,0.352638802202949,205,205,0,FALSE,FALSE
48179,Gray,0,0,0,0,0.180362020370834,0.377994739389368,0.351807759813779,0.351807759813779,206,206,0,FALSE,FALSE
48127,Dimmit,0,0,0,0,0.339707378211046,0.190737959787659,0.351234460924576,0.351234460924576,207,207,0,FALSE,FALSE
48445,Terry,0,0,0,0,0.169945169997724,0.37949720535613,0.347297747526751,0.347297747526751,208,208,0,FALSE,FALSE
48205,Hartley,0,0,0,0,0.373568563081329,0.12393118476215,0.339673283426175,0.339673283426175,209,209,0,FALSE,FALSE
48037,Bowie,0,0,0,0,0.357130732692824,0.132515315818457,0.335187487821551,0.335187487821551,210,210,0,FALSE,FALSE
48167,Galveston,0,0,0,0,0.0399524654935942,0.498661566873855,0.33353810719104,0.33353810719104,211,211,0,FALSE,FALSE
48451,Tom Green,0,0,0,0,0.150600597064034,0.369272611644107,0.333411295976696,0.333411295976696,212,212,0,FALSE,FALSE
48381,Randall,0,0,0,0,0.137624371164487,0.369718357376095,0.327189402173715,0.327189402173715,213,213,0,FALSE,FALSE
48469,Victoria,0,0,0,0,0.251359894950811,0.22754795835243,0.323175497020124,0.323175497020124,214,214,0,FALSE,FALSE
48047,Brooks,0,0,0,0,0.361052194966235,0.0674879290369462,0.309588674544654,0.309588674544654,215,215,0,FALSE,FALSE
48085,Collin,1,0,0,0,0.0561666586495839,1,0.306827305141197,0.306827305141197,216,216,0,TRUE,FALSE
48341,Moore,0,0,0,0,0.265767679835504,0.16156387977018,0.302352127889163,0.302352127889163,217,217,0,FALSE,FALSE
48117,Deaf Smith,0,0,0,0,0.118349975835286,0.294318570282067,0.28573889725509,0.28573889725509,218,218,0,FALSE,FALSE
48331,Milam,2,0,0,0,0.512562365475095,1,0.285285469736165,0.285285469736165,219,219,0,TRUE,FALSE
48245,Jefferson,0,0,0,0,0.0877581312361714,0.305198907595254,0.275232930588363,0.275232930588363,220,220,0,FALSE,FALSE
48485,Wichita,0,0,0,0,0.110240766914927,0.270349013182275,0.271582688854258,0.271582688854258,221,221,0,FALSE,FALSE
48007,Aransas,0,0,0,0,0.23446213586573,0.122375364279759,0.270291695570044,0.270291695570044,222,222,0,FALSE,FALSE
48409,San Patricio,0,0,0,0,0.201663352145446,0.153931612341809,0.267450740081277,0.267450740081277,223,223,0,FALSE,FALSE
48337,Montague,1,1,0,0,0.67478359183199,0.464012325213801,0.261968837235728,0.261968837235728,224,224,0,FALSE,FALSE
48183,Gregg,0,0,0,0,0.13297750145139,0.218471647496511,0.260847621772815,0.260847621772815,225,225,0,FALSE,FALSE
48427,Starr,0,0,0,0,0.270330437826182,0.040460209129847,0.253324384195621,0.253324384195621,226,226,0,FALSE,FALSE
48489,Willacy,0,0,0,0,0.275741409763952,0.0329697785348016,0.252825711575455,0.252825711575455,227,227,0,FALSE,FALSE
48375,Potter,0,0,0,0,0.10610349685481,0.230028443474768,0.252464829558894,0.252464829558894,228,228,0,FALSE,FALSE
48371,Pecos,2,0,0,0,0.430975765769707,1,0.244979229818992,0.244979229818992,229,229,0,TRUE,FALSE
48273,Kleberg,0,0,0,0,0.186091526574022,0.0923091018093053,0.233663464799342,0.233663464799342,230,230,0,FALSE,FALSE
48505,Zapata,0,0,0,0,0.21118943695239,0.0616387278285526,0.23307508398084,0.23307508398084,231,231,0,FALSE,FALSE
48111,Dallam,0,0,0,0,0.183218664915578,0.078061194849902,0.226210845459038,0.226210845459038,232,232,0,FALSE,FALSE
48357,Ochiltree,0,0,0,0,0.125410325571815,0.143134543333037,0.225207379573637,0.225207379573637,233,233,0,FALSE,FALSE
48465,Val Verde,0,0,0,0,0.102990053953696,0.164998002329323,0.223389267654445,0.223389267654445,234,234,0,FALSE,FALSE
48367,Parker,1,1,0,0,0.601121776181656,0.450244670185942,0.219747705286313,0.219747705286313,235,235,0,FALSE,TRUE
48323,Maverick,0,0,0,0,0.0651832595438577,0.14749020815941,0.197297818727641,0.197297818727641,236,236,0,FALSE,FALSE
48121,Denton,1,1,0,0,0.0645678575847445,1,0.18747021372441,0.18747021372441,237,237,0,TRUE,FALSE
48479,Webb,0,0,0,0,0.0578742772597124,0.131060933462007,0.186729912264759,0.186729912264759,238,238,0,FALSE,FALSE
48061,Cameron,0,0,0,0,0.149807774863244,0.0223731697471742,0.186123518554574,0.186123518554574,239,239,0,FALSE,FALSE
48217,Hill,2,0,1,0,0.619587905713791,0.616252772189685,0.175659856319198,0.175659856319198,240,240,0,FALSE,TRUE
48355,Nueces,0,0,0,0,0.0403643924503079,0.119688268156743,0.173263695978067,0.173263695978067,241,241,0,FALSE,FALSE
48075,Childress,2,0,0,0,0.279044128749421,1,0.16992042071478,0.16992042071478,242,242,0,TRUE,FALSE
48139,Ellis,2,0,0,0,0.254803449694204,1,0.15794479445651,0.15794479445651,243,243,0,TRUE,FALSE
48215,Hidalgo,0,0,0,0,0.0753191955656231,0.0333014479682267,0.153951542342433,0.153951542342433,244,244,0,FALSE,FALSE
48221,Hood,1,1,0,0,0.383107791426973,0.540487712692051,0.150256038702378,0.150256038702378,245,245,0,FALSE,TRUE
48141,El Paso,0,0,0,0,0.0385342838329015,0.050319375574273,0.142985003495298,0.142985003495298,246,246,0,FALSE,FALSE
48189,Hale,2,0,0,0,0.191860289284186,1,0.126848975611351,0.126848975611351,247,247,0,TRUE,FALSE
48027,Bell,2,0,0,0,0.121036424410603,1,0.091859851174687,0.091859851174687,248,248,0,TRUE,FALSE
48041,Brazos,2,0,0,0,0.114345602900783,1,0.088554383634777,0.088554383634777,249,249,0,TRUE,FALSE
48453,Travis,2,0,0,0,0.0490389897546892,1,0.0562909478849154,0.0562909478849154,250,250,0,TRUE,FALSE
48029,Bexar,2,0,0,0,0.0448031137563535,1,0.0541982974390722,0.0541982974390722,251,251,0,TRUE,FALSE
48209,Hays,2,0,0,0,0.293539383763057,0.678618349290957,0.0409910356145264,0.0409910356145264,252,252,0,FALSE,TRUE
48201,Harris,2,0,0,0,0.0109511169020426,1,0.0374743904272308,0.0374743904272308,253,253,0,TRUE,FALSE
48439,Tarrant,1,1,0,0,0.0118968515010802,0.618733105506804,0,0,254,254,0,FALSE,FALSE
