lab,pue,dir_lo,dir_hi,gen,col,dir_mid,direct,dir_lo_m,dir_hi_m,indirect,total
"Evaporative
+ dry NOx",1.15,0.1,0.5,0,#b91c1c,0.3,197.1,65.7,328.5,0,197.1
"Evaporative
+ wet NOx",1.15,0.1,0.5,0.05,#b91c1c,0.3,197.1,65.7,328.5,37.7775,234.8775
"Closed-loop
+ dry NOx",1.3,0.005,0.02,0,#5da75a,0.0125,8.2125,3.285,13.14,0,8.2125
"Closed-loop
+ wet NOx",1.3,0.005,0.02,0.05,#d97706,0.0125,8.2125,3.285,13.14,42.705,50.9175
"Closed-loop
+ grid / CC",1.3,0.005,0.02,0.23,#e6783c,0.0125,8.2125,3.285,13.14,196.443,204.6555
