fips,farm_prop_income_share
21193,-0.000210814479466442
25019,0
26079,-0.000238207610176585
01001,0.00509492904743284
01011,0.033042831876554
01013,0.0393460946175981
01023,0.0204769975623426
01033,-0.00158193893248908
01035,0.0367208172108359
01045,0.0228957610711856
01055,0.00483687043635039
01063,0.015374481946804
01065,0.0265968150625393
01073,-0.000127238661377374
01075,0.00321933244501472
01083,0.00160001444173458
01091,0.0108909405868368
01093,0.0269488627944211
01105,0.0425976414174773
01101,0.00186627868189797
01107,0.0375069919745336
01115,0.00234528057169574
01117,7.56994219942481e-05
01125,0.000338347883949606
01133,0.00373846185200511
09130,-0.000102294171058701
02020,0
02068,0
02105,0
02110,-0.00549850146148038
02170,-0.000614755623014367
02195,0
02198,0
02231,
02903,
02904,
02912,
02919,
02924,
02925,
04001,-0.00378134741749615
04003,0.00110557651933745
04011,0.0080572004992888
04012,-0.00932494296757116
04017,-0.000469912098795637
04019,4.09085165602042e-05
05009,0.0186714571961584
05015,0.0725305039464028
05021,0.0631554290244694
05029,0.0775474647103963
05031,0.00712561625859027
05039,0.00503675945186338
05041,0.127686909203004
05051,-1.04511519688944e-05
05053,-0.00247793966755592
05061,0.177010550236354
05069,0.0215437778200711
05071,0.0408518071276419
05079,0.0970527655260916
05081,0.0665106328512132
05089,0.00712407637884445
05091,0.00364281255861617
05099,0.0731080653449422
05107,0.0582143769878377
05109,0.0719499545941665
05117,0.0455887762072408
05119,0.000258519241083763
05127,0.142636817284492
05129,-0.0169314100555427
05137,0.0501108734472812
05145,0.00539581699559042
05147,0.12469615130064
06003,0
06011,0.0528415649455949
06013,0.000279561488714043
06019,0.0208977447120006
06021,0.0458343180206875
06029,0.0215586701443648
06037,6.91623157927662e-05
06045,0.0031214545762805
06047,0.0571126274971307
06055,0.00154953094271482
06071,0.00113730457368966
06077,0.0100805405698436
06081,0.000215629218444671
06083,0.00983990680564333
06089,0.00320246844279659
06091,0.0155394036902543
06103,0.0144741880804769
06105,0.0223320625261384
06113,0.0070741293518659
08003,-0.0055909884754285
08009,0.0157210677873765
08011,0.0189353446569268
08021,0.029575229914182
08029,-0.000587318360412641
08031,-7.4990221654648e-06
08039,-0.0149457449572767
08041,-0.000292918359490686
08049,-0.00170549977996007
08051,-0.00184104186372448
08059,-1.86885578340028e-05
08061,0.121964178758429
08069,-4.67865819406829e-05
08071,-0.00143361158276819
08079,-0.00427791905064632
08081,0.000488920609408631
08087,0.0293660021816525
08089,0.00246578153246377
08097,-0.000648816990354254
08099,0.0168680234141029
08107,-0.00330668676499495
08109,0.0074617392885446
08121,-0.0136221922285803
09001,
09009,
09110,-8.22639336930504e-05
09120,-4.65416644882195e-06
09170,-1.69019261631971e-05
09180,0.00180045242137768
10001,0.016800040488788
10003,0.000283608567998049
12003,0.00537716028076668
12011,8.73494723538525e-06
12013,0.0114732544963245
12021,3.03712800982506e-05
12031,1.43479366481507e-05
12033,-8.18747795090776e-05
12041,0.00880379980588695
12043,0.0128197780785322
12051,0.00816383768690067
12059,0.00869581155371047
12061,8.05387113594768e-05
12069,0.000336361893503025
12079,0.0341072082828159
12086,8.34493261029716e-06
12093,0.0111273195323394
12095,2.90566351059672e-05
12101,-2.31671191310221e-05
12103,-2.1953121331159e-06
13033,0.0271741601021988
12111,-3.75168196663977e-05
12119,0.000353921845699042
12121,0.0436622543968825
12133,0.00585524527276022
13005,0.0533343842969862
13007,0.0827071830849489
13015,0.00353582210934301
13023,0.0127950852243755
13025,-0.000619183945897941
13035,0.00240641246051918
13045,0.011120504287314
13055,0.0176665524626984
13063,-7.21080647421442e-05
13065,0.0217728485913222
13073,-0.000121304075495726
13079,0.0443914444096194
13081,0.00277078213796928
13091,0.00670070275961703
13093,0.0559134112027222
13101,-0.0231768471392485
13103,0.001996123492487
13111,0.00682673728762706
13119,0.114791844492005
13121,-3.49661220655366e-05
13129,0.0375233160552157
13137,0.029542341899679
13139,0.0016888352985031
13147,0.0559178143131698
13149,0.0398841657830643
13157,0.0105845032263019
13167,-0.0147946815971505
13175,0.00741620036476864
13177,0.00801346401807916
13187,0.00328567305982364
13195,0.0658862150276092
13197,0.00552217663930626
13207,0.00719842755461809
13209,0.018430981520168
13217,-0.000239179902742817
13225,0.00672878465148409
13227,0.00922404310648422
13235,0.036575553960902
13237,0.000701354729183289
13245,2.15928733646869e-05
13255,0.000195824502623867
13257,0.0227183395225775
13265,0.117010124600257
13267,0.132626736079692
13277,0.00575095173356355
13279,0.0127593089509083
13287,0.0482169289687598
13289,-0.00172477773886865
13297,0.000540702894034563
13299,0.00602326440445675
16051,0.0011605855333841
16059,0.0338753441364707
16061,0.0313654774195658
16067,0.0137228437963816
16075,0.0242583162927532
16077,-0.0065411969127571
16083,0.0224812969022814
17005,0.0118703626536971
17011,-0.0391911438881691
17017,0.0548661213387412
17023,0.0399326474680105
17025,-0.00117260921165454
20131,0.00252709857159911
17029,0.010888987434008
17035,0.443131228651891
17041,0.0324856803697173
18011,-7.68052806007124e-05
17047,0.0588807816444171
17053,0.0475861049772864
17055,0.0132782778284923
17059,0.0393911263714755
17061,0.0785772784275587
17065,0.0427024982275247
17067,0.0806324784338334
17071,0.0919656376965863
17073,0.0213552987439646
17077,0.000427168664854458
17079,0.0817828514118419
17085,0.0058540294153486
17091,0.0058052557761715
17097,-7.66037468128978e-06
17101,0.0415389072834856
17103,0.00530127032771489
17107,0.0486227680881153
17109,0.0439690065074655
17113,0.0110649105895922
17115,0.00648593726977317
17123,0.0312434800751095
17129,0.0331462787041822
17131,0.0830248834091361
17133,0.00410204804699732
17141,0.008592922197799
17143,0.00232736154151847
17145,-0.000512230238592494
17153,0.0173313870578288
17155,0.028427967839557
17159,0.0496537590017559
17161,0.00216920667291512
17165,0.0103681409444467
17167,0.00720233447668178
17171,0.0880180292976086
17173,0.0540179005949351
17177,0.0141990428154761
17179,0.00667603852971747
17187,0.0890618552458449
17193,0.0405952124316636
17195,0.0170570160334043
17197,0.000180975582377822
18001,0.0503674541490949
18007,0.0399292240488179
18009,0.0123158247908398
18017,0.0133444823357992
18023,0.0131086457141279
18025,0.00134566586870322
18027,0.0684112589844829
18035,0.000517220116407307
18037,0.0287137072629863
18041,0.00268427586832695
18043,-7.34280111778412e-05
18047,0.00967632187311385
18049,0.0204626719373409
18053,0.0040490004030255
18055,0.0215186078432623
18063,0.000274376899497484
18069,0.0138452502438253
18075,0.191882643774767
18077,-0.00288563475760827
18079,0.00873194566818872
18089,0.000156614331661102
18091,0.00410711664121115
18095,0.000664349847387559
18097,1.5850885302505e-05
18105,-4.82430527356576e-05
18107,0.00709219172319758
18109,0.00176819972669151
18117,0.032061645768657
18119,0.00254020865029341
18123,0.0192588334144076
18125,0.0147499968686983
18129,0.0124478913838747
18131,0.0413405006992822
18135,0.0211277895902815
18137,0.00698814264410264
18141,0.000825538369835249
18143,-0.000637240009780893
18151,0.00221576523763403
18153,0.0112100193236915
18157,-0.000182221316705929
18159,0.0122454836995711
18163,0.00036809176757438
18165,-0.00195192981403171
18175,0.0544141722647452
18177,0.00628282093781157
19007,0.00212189564709662
19009,0.164309817777601
31091,0.0320289576877725
19017,0.024855780578766
19019,0.056255671784558
19027,0.0843269271952743
19035,0.0714842685849425
19037,0.0451120384121608
19045,0.0107813792596554
19055,0.0902907202681879
19061,0.0140071293072139
19067,0.0602318903118755
19075,0.0403110789196616
19077,0.0722380271085297
19085,0.0281091370558376
19095,0.0285661646877297
19101,0.00449359893392646
19109,0.095226063614754
19111,0.0034224897691244
19119,0.179561717592637
19121,0.0117651554161382
19129,0.0136215502823787
19131,0.0547060327663499
19141,0.100959219150281
19143,0.174769303340311
19151,0.144047959026025
19153,0.000217709224351493
19161,0.14763727146963
19169,0.00279321393475523
19171,0.0508273616990296
19179,0.000174071426924584
19181,0.00141374566694144
02050,0
02060,0
02070,0
02130,0
02164,0
02180,0
02220,0
02240,0
02280,
02282,0
02910,
12123,0.0151630653890843
12131,0.00285646704138169
36047,0
37055,0
51760,0
51770,0
54059,0
01003,-3.02066499730563e-05
01005,0.031339479333131
01015,0.00206936923433701
01017,0.00894356983643275
01025,0.00455566763655168
01027,0.0437785984252231
01037,0.00165009913902085
01039,0.0229868392955483
01047,0.00952225906099637
01049,0.0405903567273656
01057,0.00680262706898267
01059,0.0218605975033686
01071,0.0210790812656344
01079,0.00292105266480558
01081,0.00109495471145361
01089,-0.000522318456187315
01097,0.000884846294063859
01099,0.0149044024154985
01109,0.0178455591918001
01111,0.0605803341896183
01119,0.0563680298216427
01127,0.00512220046936966
01129,0.0273006429957463
02010,
02090,0.000191470634539566
02122,-0.00067858947322041
02158,0
02185,0
02188,0
02230,0
02261,
02290,0
02901,
02907,
02908,
02921,
02922,
02928,
02929,
04005,0.00259253451997293
04013,0.000360536937260198
04021,0.00539538549862843
04027,0.0234458067858018
05005,0.00356978567317025
05007,0.00566917954004979
05017,0.0907473980592287
05019,0.00135077419183446
05027,0.0157251534907157
05037,0.011860853412361
05045,-0.00217638050313511
05047,0.0577614107183339
05055,0.00915470550718194
05063,0.0428975232024039
05065,0.021817871298754
05077,0.0872756112068571
05085,0.0032674819417733
05087,0.132944485471769
05095,0.0522647963476366
05097,0.0121255135326955
05105,0.0559666345008316
05115,0.0207142523400875
05123,0.0262572569179524
05125,-0.000117233087225356
05133,0.159352978859705
05135,0.0947677103317608
05143,0.0116438806860914
06001,0.000201425865575051
06009,0.000867496607564544
06017,-0.000546033666806307
06025,0.0758086718335984
06027,0.00982173524509359
06035,0.0271099925407225
06043,0.0150653427576581
06051,0.0236992932887565
06053,0.0395019296651478
06061,0.000532884959735742
06069,0.0132700458041013
06073,0.00086219798720108
06075,0
06085,0.000325276861698222
06093,0.0426665415079902
06099,0.0225775311476034
06107,0.0485157774124345
06115,0.00784288745572412
08005,-8.75621081883047e-05
08007,-0.00528945314756442
08014,-5.46142375475079e-05
08015,-4.58120385952951e-05
08027,-0.00401449013525555
08037,-0.000433598946103277
08043,-0.000955588191051556
08053,-0.0135887242500904
08055,-0.00293745468748746
08063,0.0170001290128368
08065,0
08073,0.00761876575097981
08083,-0.00349128455750068
08091,-0.00188311647369627
08093,-0.00202888440424878
08103,-0.00441122468426508
08105,0.00704438203048146
08113,-0.00188280774599993
08115,-0.0342797159212059
08123,0.0125829925182011
08125,-0.0374794681479816
09003,
09005,
09015,
09150,0.000333668681811713
09160,-0.000578268572505425
12001,0.000223014918364955
12009,0.000157442642961151
12019,-0.000149713532201622
12029,0.000896511401286299
12037,0
12039,0.00161387098675153
12049,0.00397212846109808
12057,-0.000147783840531365
12063,0.0157273664686779
12071,6.64074283174255e-05
12073,5.24084364144567e-05
12081,0.000654281247494971
12083,0.000400903069989627
12091,0.000283186883139697
12097,0.00100827926620004
12105,3.71456445502867e-05
12113,0.000152299096128984
12115,2.19408848790088e-05
12125,0.00705031090058977
12127,0.00102453795846506
13009,-0.00051729300197218
13017,0.0133364624810383
13019,0.0305438456338721
13027,0.0443091176875001
13029,0.00110571110302228
13037,0.0753143332076967
13047,0.00373376510292538
13049,0.00219094409772939
13057,0.000209494542168597
13059,-4.16462070758058e-05
13067,-2.10612680424663e-06
13075,0.00471241306737991
13077,3.39974360105116e-05
13085,0.0124734248573383
13087,0.0258231509757521
13095,0.000698303358113926
13105,0.0313959365850402
13113,-2.06822869803231e-06
13115,0.00300212841114801
28085,0.01836282961203
13123,0.0581072355391955
13131,0.0238455822350276
13133,0.0160985267621477
13145,-0.000262787239869382
13151,7.86871460729976e-05
13159,0.00206443498055193
13161,0.0156570772069118
13169,-0.000302062933102322
13171,0.0215821479806698
13179,-0.000202574650198702
13181,0.00407093130957005
13193,0.135276635854256
13199,0.000439132372857455
13211,0.0110198514066508
13219,0.00187570455097433
13221,0.0775824356267485
13229,0.00337427701806263
13239,-0.00238892035215981
13241,-0.00126918386509832
13253,0.0403468388942276
13259,0.0216636798765964
13269,0.0175539399624765
13275,0.0027941998617757
13285,5.04363020327511e-06
13295,0.0179437049157773
13303,-0.00269191487365591
13305,0.0067223332517504
13309,0.035716411369084
13311,0.0228876527798304
13317,0.153414004792083
15003,0.000716458266007699
15007,-0.000468360843904383
16001,0.000819939448273657
16005,-0.000457837521687444
16007,0.0280368336912365
16013,-0.000655897597914257
16015,0.00799373223130239
16023,0.0670357412889419
16029,0.0373416371191417
16031,0.128623497017515
16033,0.0380323334446087
16039,0.0344816585839321
16045,-0.0151450924022761
16053,0.107275534910723
16055,-0.000399592682494765
16057,-0.00197030442537234
16063,0.20531958203284
16065,0.000637414782405887
16069,-0.000366233719583665
16071,0.0312859525714672
16073,0.112377207877149
16079,-0.000802528265739435
16081,-0.00276459819927523
16085,0.00756409390930927
16087,0.0118193149894886
17001,0.0174734634667702
17003,0.021434093467228
17007,-0.000400539078477386
17009,0.0139020316399825
17013,0.0469249271564621
17015,0.0497529326547249
17019,0.00809526866432984
17021,0.0419101949880603
17027,0.0224265203494123
17031,5.25547275325246e-06
17033,0.0144480499231089
17037,0.0132620074872045
17039,0.0400796961900018
17043,-1.50720117098371e-05
17045,0.0334854135272573
17049,0.0214204635314797
17051,0.0332020469899978
17057,0.0226586244473614
17063,0.0058996268895628
17069,0.0238800556193701
17075,0.0692284688995215
17081,0.00197769089272558
17083,-0.00104734798617467
17087,0.000434480361487661
17089,-0.000528024653923167
17093,3.65583159422839e-05
17095,0.0221775490955863
17099,0.010681460255705
17105,0.0622012119504751
17111,-0.000858625965126374
17117,0.0144027146443935
17119,0.000567174240402907
17121,0.0138574991494788
17125,0.0584461166762432
17127,-0.00228474508630151
17135,0.0287203084400903
17137,0.0200286261608011
17139,0.0255149104189252
17147,0.0323198782294453
17149,0.0791347495405472
17151,-0.00485851508924814
17157,0.00988434496790129
17163,0.00132453869064037
17169,0.0846853914122006
17175,0.074745020771362
17181,0.00360187442911557
17183,0.0157635415515655
17185,0.00440859341006135
17189,0.00486033239829574
17191,0.0606896600781517
17199,0.00139481983172767
17201,0.000527718266254265
17203,0.0220306939417947
18003,0.00127846584099081
18005,0.0030914862949762
18013,-0.000674510618971742
18015,0.0280682881606451
18019,0.00135855305979754
18021,0.00598002683424781
18029,-0.000515167441662568
18031,0.00862112236909095
18033,0.00624741769999618
18039,0.0137294179354357
18045,0.0118583056186676
18051,0.00724012171712003
18057,0.000619596571262584
18059,0.00114568503941937
18061,0.00901308150656903
18065,0.00584035661065349
18067,0.00176011102273162
18071,0.0144366429773196
18073,0.0344749878369222
18081,-0.000667208316255654
18083,0.0236038633062166
18085,0.0223741361887998
18087,0.074789891473111
18093,0.00353514969869695
18099,0.0171709481060797
18101,0.0486514837134387
18103,0.0220948563009579
18111,0.0498998768017903
18113,0.0191763184321254
18115,-4.91737277066295e-05
18121,0.0053267913058876
29227,0.0585023824254068
18127,0.000732328902755782
18133,0.00118979973344757
18139,0.0242010290888045
18145,0.003990363720183
18147,0.0195301548698722
18149,0.0140949437496218
18155,0.00132046069406437
18161,0.0115869599280866
18169,0.0098425736097399
18171,0.053290244445508
18179,0.0169950003613818
18181,0.0211758483767938
19001,0.0389711640655591
19003,0.0976477083523525
19013,0.0043403954034449
19015,0.00893339116869378
19023,0.0545703205111957
19025,0.107219890976117
19033,0.00473148256156466
19041,0.0656090688270454
19043,0.0735251297303481
19051,0.00993420301981516
19053,0.00607586048737121
19063,0.0610557676553782
19065,0.063515006142439
19073,0.0522143329923581
19081,0.103049558258351
19083,0.0737094733641384
19091,0.0734271774884595
19093,0.0677638399226622
19103,0.00260506101812615
19105,0.0306915524940132
19113,0.0016582698123743
19115,0.0635614192339158
19127,0.0108595822885622
19133,0.101610989905985
19139,0.00996816544526675
19149,0.0715781296835895
19157,0.0504211845855671
19159,0.10911330573877
19167,0.116369797775185
19177,0.0103398721186159
20047,0.233432581880051
20051,0.00107929381321124
20055,0.0228856548856549
20057,0.00945178902207261
20061,0.00239073877985669
20063,0.0545612239851795
20069,0.219155080655143
20071,0.584925225097575
20075,0.476874499864002
20077,0.00578140339808545
20083,0.259565352858701
20089,0.132903346010105
20095,0.00633944510745742
20097,0.0451792371202381
20101,0.30494698031568
20103,-0.00151384032301517
20111,0.00918595264874661
20117,-0.0425924868522869
20119,0.198972313219909
20123,0.0236526519250501
20125,0.00838302118920696
20137,0.117391814237129
20139,0.00914677867779376
20143,0.0046107376866643
20145,0.0829130973202773
20153,0.0810308545817277
20155,0.00256779489199329
20167,0.0104134801033073
20173,-3.77185176646132e-05
20179,0.101700954559946
20189,0.156575120750585
20197,0.0108127277121605
20199,0.212388772797284
20207,0.00917749257558512
20209,-0.000105172808974379
21007,0.0488546819746991
21009,-0.000555230886647262
21017,0.0973841330166271
21019,-0.000950194727801872
21029,-0.00101846571148212
21031,0.0303329946793444
21037,-6.539254613178e-06
21045,-0.00196796950280284
21047,0.00238053285811295
21055,0.013361951907455
21057,0.00604602433658932
21065,-0.00366502237081234
21075,0.0342341076009418
21083,0.0508523944057967
21085,0.00660983733349605
21093,-0.00141363005819461
21095,-0.000353443926487326
21103,-0.00271392099327525
21111,-1.58866355363497e-05
21113,0.0283773989049145
21121,-0.00178997321959121
21123,-0.00609010783283763
21141,-0.0023661751306784
21149,0.115616007278692
21151,0.000420468743430176
21155,0.000168793464317062
21157,0.00445408265622023
21161,0.00323971583064
21163,-0.00289651374901155
21169,-0.012212885941247
21175,-0.00250309210901132
21181,0.00131733614365044
21183,0.031659499311856
21187,-0.0120168774323001
21189,-0.00137056624242072
21195,-4.94719492268317e-05
21201,0.00443798525223362
21207,0.00547421155310366
21213,0.00538894631644409
21215,-0.00134586970068704
21219,0.0412028486143036
21221,-0.00714229500591625
21225,0.0204809220818985
21227,0.00091776637084404
21233,0.0825850088371015
21239,0.0403669084385399
22003,0.00248625761832138
22009,0.00736203493745349
22015,-0.000965731741698744
22021,0.00156135194709772
22023,0.00694227912180628
22027,0.0408471233816342
22029,0.000376329624339687
22033,-0.000165986471447614
22035,-0.000165820455927292
22039,0.0108726808788071
22041,0.0256197613491688
22045,0.000987507439401096
22047,0.00131837705922373
22051,-1.35391242210372e-05
22053,0.0126205101913703
22061,0.0175511257477812
22067,0.0204989658394859
22075,0.00138180885963442
22077,0.0171216547488847
22097,0.00319523788284449
22103,-0.000476634567385387
22109,0.000902885126037094
22111,0.0493584295045158
22115,0.00197718286452311
22117,-0.00326835274446771
22125,-0.00425761062426877
22127,0.00374636693668764
23005,-0.000130128268080777
23007,0.00110906183925048
23011,0.000340612369382091
23013,0.00151167504514551
23019,-0.00039691271086199
23021,0.00315313024462188
23023,0.000188681702898888
23025,0.0043067170198831
23027,0.000261862733458073
23029,-0.00430755572249302
23031,0.000195487142219451
24001,0.000421888550730826
24003,7.49608951786141e-05
24009,-0.000556666093011557
24015,0.00143802092926476
24021,0.00107061581806617
24023,0.0135739437806596
24027,-2.8889618227974e-05
24029,0.00678689405554063
24033,0
24039,0.0528790558384083
08019,0
08111,0
11001,0
06063,0.00148227281832143
26153,0.00176729733558445
27031,0
13247,-1.04197634979722e-05
48425,0.015823647395629
51013,0
01007,0.00124551539491299
01009,0.0289090256643447
01019,0.0318733229916156
01021,-0.00150796776971391
01029,0.0491819211837745
01031,0.0147219635696429
01041,0.0968909097191827
01043,0.0236815982569454
01051,-7.02761416854119e-05
01053,-0.00373336570158793
01061,0.0320669912108313
01067,0.0479718259160712
01069,0.00124620936729288
01077,0.000863366641516181
01085,0.0704306341604992
01087,-0.00700960146954494
01095,0.0106474429028485
01103,0.00129614326885513
01113,0.0019976019499811
01121,0.00142204456437901
01123,0.00439463638596659
01131,0.0509935806396637
02013,0
02016,0.00534237223554067
02063,0
02066,0
02100,0
02150,0
02201,
02232,
02275,0
02905,
02920,
32009,-0.0184239876458476
02916,
02923,
02926,
04007,0.00149671264121359
04009,-0.00398984505379623
04015,0.00171177027454029
04023,0.000503922927052288
04025,4.0492836289093e-05
05001,0.0383167483021363
05003,0.0484242248623587
05011,0.0351789031737933
05013,0.00406897173437359
05023,0.010961466350017
05025,0.124770852702803
05033,0.00464998252086406
05035,0.0184656024926057
05043,0.0456276149389576
05049,-0.0121822674569301
05057,0.0782541229519977
05059,0.00522099067971018
05067,0.0804296172503022
05073,0.151382166678706
12005,0.000166064800260326
05075,0.0353257494495568
05083,0.0852078751701749
05093,0.0349792348804361
05101,0.00579507078896624
05103,0.00315932430776824
05111,0.0429919717368904
05113,0.0891510547261124
05121,0.0430450968266094
05131,0.00729287279228207
05139,0.00214051299403554
05141,-0.0107787986070387
05149,0.115109766370051
06005,0.0010678335739282
06007,0.0103790246636464
06015,0.00983656185508017
06023,0.00892554435189244
06031,0.0511951025207479
06033,0.00183827242226686
06039,0.0589692221876472
06041,0.000803504568730615
06049,0.135443319325342
06057,0.000344782146642143
06059,0.000112605686152104
06065,0.00202660985723071
06067,0.00113148307851454
06079,0.00666065224046068
06087,0.0028026126062143
06095,0.00299150540132649
06097,0.001170377570442
06101,0.0185444563113745
06109,-0.00312015816753132
06111,0.00589099837047189
08001,-0.000260706283021421
08013,-0.000250159112057935
08017,0.125599367570243
08023,-0.03906015225884
08025,0.0878682762735982
08033,-0.00800414106459869
08035,-0.000122164782677375
08045,-0.0017998123316051
08047,0
08057,0.0385638834012015
08067,-0.00342170995149664
08075,-0.00362348808977762
08077,-0.000921199372193625
08085,0.000624321347505908
08095,-0.0116762977312276
08101,-0.000324922319327985
08117,-0.000514098822940462
08119,-0.0012080698152769
09007,
09011,
09013,
09140,-3.43892104568634e-05
09190,-1.23110353294277e-05
10005,0.0226210455049599
12017,-0.000570017584417359
12007,0.000739057732314217
12015,0.000973498049821507
12023,0.000830434174729314
12027,0.00556307379137943
12035,-6.9494325744458e-05
12045,0
12047,0.0162969954380997
12053,0.00010406368697643
12055,0.0011583633323251
12065,0.00411808712666168
12067,0.0710556351538406
12075,0.0364603554257739
12077,0.030723922879387
12085,0.00030196506257449
12087,0
12089,1.15930544059748e-05
12099,0.000264900288700056
12107,0.00162529624731336
12109,0.000192398587772553
12117,-6.45946487393755e-06
12129,0.000585958559410392
13001,0.0825277394161627
13003,0.0874303712646969
13011,0.0802139745642881
13013,-0.00126378635110741
13021,6.74186873093765e-05
13031,0.00140972894805662
13039,-4.8566844456008e-05
13043,0.0218422481945646
13051,0.000235908996993581
13053,-0.00319852557834133
13061,-0.00787004165989444
13069,0.0268655884561196
13071,0.0456693752472092
13083,0.0164945722366094
13089,-3.09195315916495e-06
13097,6.14096757029714e-05
13099,-0.00571671723525494
13107,0.00364507517046694
13109,0.018310709021107
13117,0.000668744945650688
13125,-0.011634261275888
13127,-9.72424668277576e-05
13135,2.90371537162932e-05
13141,0.00939700580975485
13143,0.0121621119143699
13153,0.000252595807104908
13155,0.0508329986818133
13163,0.0265738806911875
13165,0.0336880032478517
13173,0.0033082372523022
13183,0.00639123593655608
13185,0.00225951174077194
13189,0.00524652039645197
13191,-0.000422319923099954
13201,0.0299561766418436
13205,0.0768823596874635
13213,0.0364201617236729
13215,-0.000104239095211793
13223,0.000154252231669229
13231,0.0025436090948001
13233,0.0127258285308682
13243,0.00414596623948512
13249,0.0401917896245767
13251,-0.0069102099458342
13261,0.0282611315681324
13263,0.00702122954444936
13271,0.0313733182856895
13273,0.016422893445926
13281,-0.00291052279502457
13283,0.00967359162224775
13291,0.00512336340975821
13293,0.0178072204556786
13301,-0.00206405631169014
13307,0.00551646166741389
13313,0.00515045241417764
13315,0.140182491176724
13319,0.00323134946726731
13321,0.0224824918324591
15001,0.00371716221669145
15901,-0.00072254505230354
16003,0.023629084438693
16009,-0.00731208605591857
16011,0.00235291303212085
16017,-0.00202792654627793
16019,0.00247494863598036
16021,-0.00140514273558571
16025,0.0904056554073094
16027,0.00231003783171459
16035,0.0116424154997194
16037,0.0628517254455821
16041,0.0242399684421533
16043,0.00610077522775692
16047,0.24190486304488
20027,0.0408933814991021
16049,0.0159401045475537
18167,0.000653320062083696
18173,0.000606308038573204
18183,0.0145651382866698
19005,0.0711212150689883
19011,0.0357269326829497
19021,0.115410896654796
19029,0.0337721950221039
19031,0.0265278497645438
19039,0.0335899202599695
19047,0.102790805786246
19049,0.00379876003046097
19057,0.00413444891146953
19059,0.0379208167379508
19069,0.0893803411326358
19071,0.0418692492036411
19079,0.117102005530003
19087,0.0317416112006769
19089,0.099231941510499
19097,0.0409185414889865
19099,0.0148805550547892
19107,0.0608334694416547
19117,-0.000906330912905003
19123,0.0267985847202202
19125,0.00160478565777123
19135,0.0116385610018817
19137,0.0171680047314411
19145,0.036041414202798
19147,0.143935325847835
19155,0.00941796759479989
19163,0.0012275010007509
19165,0.0826331977528542
19173,0.0913783862284145
19175,0.0158182832926281
19183,0.0583219083748822
19189,0.0716316210620097
19195,0.0622212068827456
20001,0.0156578534624929
20007,-0.0147964267161726
20013,0.00240174922005051
20149,0.00456504795686268
20151,0.0637849418411554
20159,0.073452390399446
20161,2.44360637796074e-05
20169,0.000720990239706817
20171,0.13768172428577
20181,0.0907453051287797
20183,0.089929850638051
20191,0.0249660096801644
20193,0.0882615382455972
20205,0.0160165238345442
21005,-0.00569372575918978
21013,-0.00133862585454801
21015,6.20345048020002e-05
21023,-0.00502701152172874
21025,-0.00110733252665214
21033,-0.00627646276728017
21035,0.00790501075681843
21043,-0.00338551008733929
21053,0.0372892642700969
21061,0.0128521741379087
21063,-0.000450052794654758
21071,0.000152774825607235
21073,-1.80821955197096e-05
21081,-0.00755790310177276
21091,0.00496546875343298
21099,0.00300405654921878
21101,0.0105070420804059
21109,-0.00396014680452088
21117,-0.000108475723579555
21119,-0.000736779258393567
21127,-0.00142021222150193
21129,-0.00417288057818057
21137,0.00559478652401152
21139,0.00234385831138223
21147,-0.00522435374320473
21153,-0.00539956803455724
21159,-0.000676634609982437
21165,-0.00443144648698062
21167,0.00195851508946853
21171,0.0538960930527699
21173,-0.000992412750982633
21177,0.0198740757114437
21179,-0.00210597776112706
21185,0.000215447592373155
21191,-0.0109930156501421
21197,-0.00200406533860838
21199,0.000497694849117528
21203,-0.0039767635496481
21205,-0.00316050456469221
21209,-0.0015573789224623
21211,-0.00274656740975233
21217,-0.0030448002874265
21223,-0.00768258991799409
21229,0.00615596830590575
21231,0.0118471566949845
21235,-0.000377043017690724
21237,-0.00334764054825743
22001,0.00332563421527916
22005,-0.000128682331339718
22007,0.000850845617357251
22011,-0.00464043594554204
30099,0.0160755314325819
22013,0.00569016755947211
22017,-0.00115698358433409
22019,-0.00163211766340711
22025,-0.0354365062401143
22031,-0.00786377422154608
22037,-0.00899469162574513
22043,-0.00696143549146615
22049,0.0200304718577144
22055,6.9869736786275e-05
22063,0.00027645048320249
22065,0.00244212546479549
22069,0.00820315608143961
22071,0
22079,0.00637638520365184
22085,0.061492828323948
22091,-0.00450367897224667
22093,0.000995706524319522
22095,-0.00188038385301168
24005,9.35645995061447e-05
24011,0.0377748798149826
24013,0.000588550184145249
24017,-0.000506681717189808
24019,0.0121880127168811
24025,6.59558880786894e-05
24031,4.66300507269407e-05
24035,0.00600721970585457
24041,0.00235577116764554
25015,0.000450638540119628
25021,5.15489965880655e-06
25025,0
25027,2.91150400722369e-05
26001,0.0016322816191367
26003,-0.000277496052434475
26007,0.00444515681614126
26009,0.00141059385032728
26017,-0.00147071700518726
26019,-1.44338369893393e-05
26025,-0.000560762052698827
26027,-0.00422063115651222
26051,-0.000833733557141657
26057,0.0151413104287506
26063,0.0506622417556134
26069,0.00112184979895787
26071,-0.000170785742103953
26073,0.00153904389090976
26081,0.000152768423227893
26087,0.00139865794637692
26093,0.00023382542886683
26099,0.000118769949683515
26101,-0.00121534233654099
26103,-0.000483165525756723
26111,-0.000136450234738706
26117,0.00198964534372518
26119,0.00632355960231285
26121,-9.23176443526494e-06
26131,0.00159715235372442
26133,0.00779289590568717
26141,0.00377254324622746
26143,5.89277636913679e-05
26149,0.00500807570402925
26151,0.0323654655835499
26159,0.001472119200989
27007,0.00308286204981975
27009,0.00410121567952104
27017,-0.000686529266007043
27019,0.000946866559897069
27027,0.00416054458648239
27033,0.071128800325669
27041,0.00332565614638961
27043,0.0550882055507697
27053,1.15900893576325e-05
27055,0.014774694933255
27063,0.0639758014179857
27065,0.0023002013651801
27075,0.000257249189742073
27077,0.0114495214945147
27085,0.00311632242471582
27087,0.0101478275820441
27095,0.0004984304045177
27103,0.00945692568413595
27105,0.0543318277725758
27113,0.0191055047748419
27123,-6.37530625891579e-06
27131,0.00543504983649736
27133,0.124935170895843
27141,0.00138728491064869
27147,0.0135831164449058
27155,0.151480412082681
27157,0.0214600390028589
27165,0.0342722064437993
27167,0.022597112095602
28007,0.00312897092059271
28009,0.000194638287641041
28017,0.0137398874428421
28019,0.00546838921865673
28027,-0.0102945579327975
28029,0.010282002795363
28037,0.00272891184640125
28045,-0.00150041727959266
28047,-0.000280622364978476
28059,-2.44990977736108e-05
28067,0.0258377726923149
28069,-0.00841141396933561
28077,0.0776006436625609
28079,0.131932363138118
28089,-7.85821388011571e-05
28091,0.0381284682480521
28099,0.0759824421266393
28109,-0.00267628642377816
28115,-0.00335502157906489
28123,0.0633791651012171
28125,0.0239124763400812
28133,0.0221540516156852
28135,0.0692675363050244
28143,0.016864449620169
28145,-0.00147698145099103
28155,-0.00581320056980877
28157,7.42142565586849e-05
29007,0.0399566068430639
29009,0.0571926722073932
29017,0.0112283994354457
29019,0.000827412424087193
29027,-0.00515681469457483
29035,-0.000230814847431386
29037,0.00322904273125088
29045,0.0322430600866964
29047,9.36857400158991e-05
29055,0.000539345796094339
29065,0.0171107190828292
29073,0.00803727021951086
29075,0.0279886893229303
29083,0.0200118923621504
29085,0.0228571138644505
29093,-0.00305044392639254
29101,0.00920051875343948
29103,0.0420844636823633
29115,0.0177158289741126
29121,0.0253054014380614
29127,0.00419347161998212
29129,0.0362105235819655
29141,0.04646238090023
29149,0.0197766041572526
29151,0.0337536582992557
29159,0.0193043111390304
29161,-0.00141398424670288
29169,0.00286245316211623
29179,-0.0165986510450142
29186,0.00154377392135324
29187,-0.00120076214910957
29199,0.0786847834945917
29209,0.00591160349544123
29215,0.0214838490849122
29217,0.0575941530959029
29229,0.000399963596127778
30001,0.037546601247851
30009,0.0235431215541337
30011,0.176971110039127
30021,-0.00440545073462187
30023,0.0016615969581749
30031,0.00198514009393443
30033,0.0068707406993632
30041,0.00741225652834085
30043,0.00222759309886375
30055,-0.187965894005923
30063,-0.000393151425305847
30065,0.0134420340893084
30073,0.0238669015892162
30075,0.0729020920314756
30083,0.0135884058245845
30085,-0.0202737797677727
30093,6.44590551636149e-05
30095,0.00726427622841965
30105,-0.0258720134297474
30107,0.0321576671765444
31003,0.0995508635458629
31005,0.246752388192907
31013,0.0428322807190165
31015,0.200635984352508
31023,0.162567643092122
31025,0.00731892946143395
31037,0.0840992208875192
31043,0.0158273985809664
31045,0.0339545278158297
31055,0.000154074781903571
31057,0.266965712415532
31065,-0.0507312007620416
31067,0.0349876976352121
31075,0.261672958474071
31077,0.211984168416963
31089,0.0903546323098952
31099,0.0833390316778404
31101,0.0446220576654284
31105,0.000821902278653214
31107,0.14538892480069
31119,0.0182111279652561
31121,0.0517787074097082
31129,0.16434885385627
31131,0.00769822718293812
31139,0.074168194727344
31145,0.0283509687487009
31147,0.0400021354973039
31157,0.0133522315235945
31159,0.071221754355005
31167,0.0859049721775482
31169,0.0830267058837316
31177,0.0192408210810851
31179,0.0734487745080048
32001,0.0082178779726883
32013,-0.0340147907228869
32023,0.0171703801612923
32033,0.0269272703459842
32510,-3.13250918027287e-05
33005,-0.00108839983060858
33013,-0.0006709413579584
34001,9.76958465770364e-05
34007,7.13894430043153e-05
34009,0.00052926414443559
34015,0.000782171755050574
34017,0
34025,0.000176746378340965
34033,0.00498220478501149
34041,0.006427118136528
35006,0.00840124165409741
35013,0.00357190908074967
35015,0.00713671214243779
35023,0.0739677191360357
35025,0.0181457679853927
35035,0.00228094849173807
35041,0.0949228626883386
35047,0.0088996050729632
35055,0.00166249144744731
35057,0.0507597834473699
36023,0.00305465531128451
36025,0.000877927904340908
36031,-0.00140041774439671
36033,0.00286891712957352
36037,0.00731259949775181
36039,-0.000242676724268684
36043,0.00265886269764859
36045,0.00751051825190301
36053,0.00425467165572939
36055,-0.000141681903902428
36057,0.00574840476814419
36063,-0.0010747288625848
36065,0.00130667158639557
36069,0.000283240472582594
36071,-1.17668728689366e-05
36075,0.000196736106274726
36077,0.00321199394465442
36081,0
36087,-2.31191698681991e-05
36093,-0.000253933893124241
36099,0.0112551075448882
36105,-0.00286355597598935
36113,-0.000263219989540985
36121,0.0163121770939397
19185,0.00840545437625562
19187,0.0332359459561117
19191,0.039330872296574
19193,0.0138401659283538
19197,0.152019922809447
20003,0.0457122408698177
20005,0.0156645838494975
20009,0.0144823984727365
20011,0.0211845169329457
20015,0.00611508455909772
20017,0.069834357259507
20019,0.0248995983935743
20021,0.0270333695355262
20023,0.178373581952515
20025,0.0827907904911572
20029,0.0551925648910886
20031,0.0279229382864385
20033,-0.00171794307742267
20035,0.00700107596508226
20037,0.000307858077426306
20039,0.170937095148985
20041,0.00601255896753073
20043,0.0171360518712922
20045,0.0010883333403161
20049,0.0246187401250258
20053,0.0300636950606753
41055,0.00410957750511592
20059,0.005882269271526
20065,0.0659621766165147
20067,0.293454858305784
20073,0.0421782047948574
20081,0.326957087327521
20079,0.00743259575608968
20085,-0.0091999347292816
20087,0.00844450344812739
20091,4.93279080811561e-05
20093,0.178518367346939
20099,0.0305478067438998
20105,0.04462211870007
20107,0.00629977888193328
20109,0.139833473084914
20113,-0.00448093305472957
20115,0.0211477112122156
20121,-0.00285139006870639
20127,0.0547457621432669
20129,0.30849929839987
20133,0.00561221932638332
20135,0.0653717922264094
20141,0.0293950948062655
20147,0.0600624703005297
20157,0.0814671931040719
20163,-0.00886892181978982
20165,0.0512005175288
20175,0.0253688251776398
20177,1.79894842789258e-05
20185,0.141943545135548
20187,0.256305212224216
20195,0.093110940308534
20201,0.0721468401486989
20203,0.293903274772149
21001,0.010636706609716
21003,0.00279553604059301
21011,-0.00217267865717504
21021,-0.00110411211864017
21027,0.00988708356495135
21039,0.0745692206456648
21041,-0.00107350273206445
21049,-0.00748190114434033
21051,-0.0014412996350525
21059,0.00660746048268693
21067,0.00412187889078329
21069,0.0108179392188409
21077,-0.00285025002826197
21079,-0.0110926715497874
21087,-0.00995013738800499
21089,-0.00152757993750429
21097,-0.0100560905448119
21131,-0.000340183880726996
21105,0.231595570534425
21107,0.021530009052178
21115,-0.00228132378050275
21125,-0.000671173553649163
21133,-0.000471655288628679
21135,-0.00227163188287182
21143,-0.000624508813292916
21145,-0.00069253941060307
22057,0.0021531352260524
22059,-0.00607654893982262
22073,9.81458840420401e-05
22081,-0.00321671706563672
22083,0.00648771230784097
22087,7.3231791715205e-05
22089,0.000137220274927759
22099,0.000591336950953335
22101,0.00360710988884188
22105,-0.000525770991622433
22107,0.0423418166584377
22113,0.0186590921847967
22119,-0.00175128832398487
22121,-0.000284277471156344
22123,0.00652166139212216
23001,0.00587017879142782
23003,0.0102067968795437
23009,0.000226726324334192
23015,0.00280729433404333
23017,0.00198221368427492
25001,3.22144549591932e-05
25011,2.40539915895218e-05
25013,3.74378534884729e-05
25017,-1.26991235545285e-05
25023,-0.000263396441978095
26005,0.0101070131306136
26011,0.00331601114098087
26013,0.000458056981216985
26021,0.00242996171505049
26015,0.00923067928776603
26023,-0.000803553872415907
26029,0.00104987533669107
26033,0.00332704040533296
26039,0
26041,0.00180201845565881
26043,1.94932407187808e-06
26047,-0.00113436959462395
26049,-0.000104777618202048
26053,-2.62519902290092e-06
26055,0.000955140310775747
26059,-0.000165819146584126
26061,0.000510656242690203
26065,0.000177187602033974
26067,0.0135582219015574
26075,-0.00122992194479426
26077,0.00167509186205149
26083,0
26085,-0.000367872470876763
26089,-0.00274798371319284
26091,-0.00099239402518605
26095,-0.000119478119573702
26097,0.00562017016626337
26105,0.00654435086632982
26107,-0.00148863286980053
26109,0.0139027088418397
26113,0.0369327099752638
26115,-0.000627780752454021
26123,0.00901635939282749
26129,0.0141414437461532
26137,-8.4338304203901e-05
26139,0.00376084911650434
26147,0.000559600403541007
26155,0.000241486757177832
26157,0.00412402185685948
26165,-0.000617756429187033
27005,0.0107267694628334
27013,0.0149653308764637
27015,0.0349840129015418
27023,0.0208926532641819
27025,0.00193972786844346
27035,3.24327830571141e-05
27037,0.000788795365827226
27047,0.0131476947444381
27049,0.00957695703485614
27057,0.0045209560916464
27067,0.00233666128495728
27073,0.0581132292018425
27081,0.0460665646859638
27083,0.0397020683567682
27091,0.0460569106968355
27093,0.00103989566854964
27101,0.0946507105247253
27109,0.00183168717697795
27111,0.00988258001059803
27119,-0.00584502523819591
27121,0.0145849187446918
27129,0.0762269057514145
27137,7.03564916743477e-05
27139,0.000604030777848089
27149,0.0508448772000268
27151,0.0344836639601148
27159,0.013455212067417
27161,0.0302876207430438
28001,0.000356348013628698
27169,0.00653617296143382
28003,0.000415988836633871
28011,0.0227466992031737
28013,-0.00545308940332086
28021,-0.010695248433951
28023,0.0238057915307129
28033,1.2027436453485e-05
28035,-0.000485322259298775
28043,-0.000286951103531958
28051,-0.0290661513699833
28053,0.00856019320495151
28061,0.107791210828391
28063,0.0319824548973637
28071,-0.000146742571044346
28081,0.000956185934740203
28087,0.00215306846983863
28095,0.00499019611605036
28097,-0.00165759214398966
28105,-0.0020041121638996
28107,-7.70838503248003e-05
28117,0.00538573549757102
28119,-0.00647885548622928
28127,0.0485767580132707
28129,0.14478288350076
28137,0.000322326868288012
28147,0.0462335030611106
28153,0.114700028196652
28161,0.00228577522617799
28163,0.0159033364867075
29005,0.0365639291244509
29015,0.0251951107941664
29023,-0.000401968695498952
29025,0.022930522612676
29033,0.0506178484449045
29043,0.000731189722303754
29049,-0.00889485078830963
29057,0.0632166784660928
29059,0.00870447986677127
29067,-0.00061253958913656
29069,0.0385916572772788
29077,-0.000374137615594392
29087,0.0463384894219753
29095,2.85579423501801e-05
29097,0.00365128894850844
29107,0.00795774116734369
29109,0.0353127602949841
29117,0.0138200565221815
29119,0.0534965028035049
29131,0.0234181740802574
29133,0.0379483422597539
29143,0.0731298636629629
29145,0.024377812871265
29153,0.00260975278934598
29155,0.0382173316126905
29163,0.0119573540672675
29171,0.0723859191655802
29173,0.00469051796588178
29181,0.0114353253493609
29183,-1.37100329988687e-05
29195,0.0506607727280695
29197,0.061039577863954
29205,0.00166821482057212
29207,0.031848839774644
29219,0.00108393734011924
29223,0.00148652857363953
29225,-0.00154106643430713
30003,0.0283521048726387
30013,0.000193403424166869
30019,0.0620210247562492
30029,-0.00045938482400654
30039,0.00850151302151588
30047,-0.00157876483362569
30049,4.00949084009104e-05
30057,0.0151724621825373
30059,0.00589899956156084
30067,-0.00290577422515279
30069,0.115634591081423
30081,-0.000402878868563122
30087,0.026204683748176
30089,0.00204541165006781
30101,0.070289611303098
30103,0.193200789194111
30111,0.00029018575641501
31007,0.242146909849786
31009,0.359699850489436
31017,0.176957926087504
31019,0.00982206038150551
31029,0.141650815915217
31031,0.150703339882122
31039,0.214613951447873
31041,0.0676358037609495
31049,-0.00308740794950373
31051,0.0804601829239094
31059,0.079633047691892
31069,0.141117919353544
31079,0.00605102954827712
31085,0.280295886847667
31087,0.0434295626993396
31095,0.0271618843673158
31097,0.0841460810137396
31109,0.00154634597930244
31115,0.407188902302909
31117,0.304949859034296
31125,0.045188565828533
31127,0.0213877303835408
31135,0.19457935687137
31137,0.0902070809933588
31149,0.245606061930274
31155,0.0257935200732667
31165,0.461649736744137
31175,0.100220558864903
31185,0.0333310502884539
32005,-0.000952355504284955
32007,0.00344830061864642
32015,0.0143460230107807
32017,0.0368132859979542
32027,0.000379946807446957
32029,0
33007,-0.00288059145175341
33009,0.00367057583159606
33015,-0.000325751850497045
33017,-0.000477022519012332
34003,7.89861130868329e-06
34011,0.00596760432536975
34019,-0.000166417914105026
34027,7.13712380777772e-05
34035,8.22769280078498e-06
35007,0.0493505851988379
35009,0.0495807277935355
35017,0.0127582443955613
35027,0.0104456952065458
35031,0.00235448905631922
35033,0.102146145108901
35043,0.000355513871219695
35045,0.00292389834462663
35053,0.030880152540353
35061,0.00080021494381149
36003,0.00377295827368353
36007,0.00034725468214143
36009,0.00293671273041989
36015,-0.000140063309494031
36021,-0.000254018442240259
36027,-0.000378733682517335
36029,-8.15260481405633e-05
36035,0.000987419271802778
36041,0
36049,0.0296787707266078
36051,0.00472075237484089
36059,1.83151951741049e-06
36061,0
36067,0.000954888038449168
36073,0.000336843974167076
36079,-0.00021217103581624
36083,0.000209032217488424
36085,0
36089,0.00794616957007122
36091,0.000160364982459032
36095,0.00524368258841534
36097,0.00829759560935534
36101,0.00508996866003432
36103,-1.34297066043099e-07
36107,0.000939838689504929
36115,0.00111787810473419
36123,0.00378004887502654
37047,0.0127335493382217
37049,0.00253730424755086
37057,0.000911536392923845
37059,0.00208736766970228
37063,0.000156423378811545
37065,0.0145004425895
37069,0.00168991085930704
37073,0.0387126452744048
37071,0.000851879482884316
37129,0.000670655085316364
37079,0.0216517910028465
37085,0.00623189890010856
37091,0.0124462036251689
37097,0.00192708856742025
37103,0.0616269370396043
37111,0.00382125986972898
37113,0.00374581266875654
37135,0.000542805351297677
37137,0.00141901208966232
37145,-0.00381419727411657
37147,0.00219308711155866
37151,0.0130370454571407
37157,0.000932600769889909
37163,0.0559618961811349
37169,0.00354426305511223
37171,0.0169053501800461
37173,0.00340615583944194
37181,-0.00579898755577145
37183,0.000237039714463813
37185,-0.00631216134550185
37193,0.0425253126861227
37199,0.00154375645250365
38001,-0.26400014614408
38009,0.0621835978781692
38011,-0.00073005077385382
38023,-0.119644632921588
38033,-0.194358905151578
38039,0.123122108907129
38041,-0.349772022615357
38049,0.0045238899158173
38059,-0.0136857481140078
38067,0.133097384032779
38069,0.0256420143441043
38077,0.0646297793187158
38079,0.0362764765881537
38087,-0.701763099081202
38089,-0.012549634151129
38097,0.0376962945636365
38099,0.12941320628429
39091,0.00536877642168499
39007,-0.00334368454001716
39009,-0.00183273478156941
39017,-0.000662015742050652
39025,-0.0015531982748415
39033,-0.00452027377961762
39035,-1.26007918014244e-05
39043,0.000188771616274123
39051,0.000372318240541998
39053,-0.00532017967677106
39061,2.71242203109609e-05
39067,0.00210169639677971
39073,-0.0032395785935265
39081,-0.00143526409503928
39083,0.0121927988330594
39093,-0.000614000600932481
39095,-0.000247819063834596
39103,-0.00124105773773303
39109,0.000146097860906521
39115,0.00043348315119436
39123,-0.00300161329386388
39125,0.0173292500152933
39135,0.00411168801683882
39137,0.00507070332317911
39145,-0.00218641915023989
39153,-8.22136286988932e-05
39155,-0.000749658420233776
39163,-0.00331048284084135
39171,0.00023104202018594
39173,0.00173588978846417
40003,0.080578835837422
40013,0.000209100120035891
40021,-0.000827574923707227
40023,-0.00649036425884032
40031,0.000860129869565211
40033,0.0106009779122309
40041,0.0597547576057029
40049,-0.00917051465157097
40051,0.00527405239580192
40059,0.281049402306146
40061,0.0921894159579298
40069,0.00608794601443328
40071,0.00473644903011607
40079,0.0533182073488308
40089,0.0517734530422075
40097,0.00784131865948613
40099,-0.00557364037677645
40107,-0.0345585042527649
40117,-0.0159536320316964
40125,-0.00437537750744418
40127,-0.00910496441429947
40135,-0.000571066961031805
40143,-7.55669386354152e-05
40145,-0.000497157240949595
40153,-0.0767537617678972
41005,0.000636433593354757
41007,-0.000916581815802086
41015,-0.00147029635929687
41017,-0.00125594833754296
41027,-0.0112629632878339
41029,-0.00199101711195336
41037,0.047309476398209
41045,0.00546481141035916
41047,0.00185247819206347
41061,0.00225279208962002
41069,0.00503953086549034
41071,0.00113870170862866
42003,5.03693052379897e-06
42005,0.000309660743134087
42015,0.00192698024360597
42017,9.89750071876223e-06
42027,0.000795584305823031
42035,0.00168383180438564
42037,-0.000913707083571307
42041,0.00174048882288874
42043,0.00105731331714318
42053,0.00410369984366858
42061,0.00585649017180558
42063,-0.00167068126588548
42071,0.00948954342289827
42079,-0.000203898010915771
42081,0.00133597127202396
42087,0.0105791492309848
42089,-0.000226904217765221
42097,0.00314388945747929
42105,0.00392760573943592
42113,0.000334081038514771
42115,0.00405840211152541
42123,0.000940550774719502
42131,-0.00452741601922755
42133,-0.000299216379026309
44005,0.000743043953810754
45001,0.00301751834539561
45011,0.00123653377151641
45019,0.00017351985983736
45029,0.000245844374287168
45035,-3.51882092688885e-05
45041,0.000962655709156165
45049,-0.000764816588432785
45051,-0.00149808589381805
45059,0.00553744263328907
45069,0.019933788093433
45077,-0.000869384886926488
45079,3.48038763238889e-05
45085,0.00451981903178275
45087,0.00245990707596787
46003,0.117274958076776
46013,0.0269801462695854
46023,0.13238278360064
46033,0.00888232577969295
46039,0.209215639851478
24037,-0.000436010713941487
24043,0.0038901880515729
24045,0.0150115259618251
24047,0.0132389385135417
24510,0
25003,-0.00046844230554989
25005,-0.000132035086700909
25007,-0.000111527480371163
26031,-0.00112602821342083
48113,2.65799033165875e-05
25009,2.63831100918834e-05
26035,0.00386418071273442
26037,0.00307741316619339
26045,-0.000241411360903008
26125,1.54085279494959e-06
26127,0.0017018124775814
26135,0.00415395205679969
26145,-1.04120187448685e-05
26161,-0.000365332247388735
26163,1.45325479771448e-05
27001,-0.000949387286188409
27003,0.000363709956028546
27011,0.0526395609765688
27021,0.00342062532785338
27029,0.015812405736037
27039,-0.0030178297619468
27045,0.015053011434865
27051,0.0337554317400229
27059,-0.00369728792937353
27061,-0.000383118369838968
27069,-0.00666988424625561
27071,0.0014269286745285
27079,0.00920842850731163
27089,-0.00614321273290916
27097,0.0164018522119847
27099,0.0180758039777215
27107,0.0155905292962982
27115,0.00250301018482569
27117,0.0932610187307473
27125,0.0755408080956222
27127,0.0566975705220709
27135,-0.00184370746784388
27143,0.0462624169791179
27145,0.00568094582954233
27153,0.0130034253158179
27163,0.000156929693822488
27171,-0.000274682351770637
27173,0.0180205391282269
28005,0.0774166523190739
28015,0.00409185159041779
28025,0.00245114679015285
28031,0.115018528940187
28039,-0.00514191001023126
28041,0.0104547744972327
28049,-0.000211237158331694
28055,0.0567309598663155
28057,0.00354687364971161
28065,0.0453119502134497
28073,0.00563315556876407
28075,9.17455833809125e-05
28083,-0.00112015430016802
28093,-0.00381497406023103
28101,0.0593158066623122
28103,0.0441401857437722
28111,0.0189990619251246
28113,0.00346622866563227
28121,0.00538674462143568
28131,-0.00500368835245355
28139,-0.00448298790901812
28141,-0.000200980694433977
28149,0.000818886891248146
28151,-0.00509151015508958
28159,0.0323229067915625
29001,0.00518576656485518
29003,0.00852596864694206
29011,0.0644536731961177
29013,0.0392566613759181
29021,0.00236067261322316
29029,0.00113234170603552
29031,0.000251918854017889
29039,0.0112780770563589
29041,0.0647631957976786
29051,0.00108992553804229
29053,0.0308091604335793
29061,0.0188093770589361
29063,-0.000788502672631987
29071,-0.00204648549340724
29079,0.0332301692571053
29081,0.00126067199298409
29089,0.00666316513927627
29091,0.0126427327888579
29099,-0.00031168245400562
29105,0.00667341170548178
29111,-0.00581910518032613
29123,-0.00110567999319582
29113,4.46297874920389e-05
29125,0.0190823520027122
29135,0.0464212627209798
29137,0.0446082218265493
29139,0.0109575959022188
29147,0.00234789699060949
29157,0.0143404001928185
29165,0.000818650032427047
29167,0.0245742487052943
29175,0.0162777332410875
29177,0.0152380921863722
29185,0.0279099372651778
29189,1.7542353561551e-05
29201,0.0140113027294683
29203,0.00752089890072233
29211,0.0829262194500097
29213,0.00224530233233324
29221,-0.00179144667105402
29510,0
30005,0.0373250628770695
30007,0.0262468577705486
30015,0.0482002740067256
30017,-0.00056578008879486
30025,0.00564741736798944
30027,-0.0366618728099273
30035,0.0443168420199984
30037,-0.00792222526505223
30045,0.105683238772959
30051,0.184621698027176
30053,-0.00385437433769779
30061,-0.00439956344246013
30071,-0.0201409920865492
30077,0.0194833434809081
30079,0.0789673500379651
30091,-0.0462336319255395
30097,-0.0128658526827863
30109,-0.0368811774353662
31001,0.0223560805826091
31011,0.121234336816929
31021,0.107890308416909
31027,0.0730108647337011
31033,0.0205730428829794
31035,0.113949097241585
31047,0.0591708816161795
31053,0.0253775383137108
31061,0.0446447794811777
31063,-0.0223801036809167
31071,0.0595511472183092
31073,0.02037271633562
31081,0.0657813394061205
31083,0.165472986398367
31093,0.0591384783632304
31103,0.227836912776921
31111,0.0628650988858218
31113,0.143341911680977
31123,0.176735830765405
31133,0.03970742653299
31141,0.013193753356169
31143,0.213760887423909
31151,0.0503820825843606
31153,0.000593007647575145
31161,0.110590539717833
31163,0.11492838992839
31171,0.207501099868016
31173,0.124014955566067
31181,0.0701636211632629
31183,0.273999222697241
32003,-5.47606472194206e-05
32011,-0.0205125597477881
32019,-0.00764851772807493
32021,0.0152665084962009
32031,0.000253126982851733
33001,-0.000511430296469694
33003,0.000432890016526908
33011,-0.000224071833238132
33019,-0.000726263451206424
34005,0.000270973908833989
34013,-2.84450197328769e-05
34021,0.000211290826445879
34023,3.8110562054482e-05
34029,0.000119462015000431
34031,-6.78863706360213e-06
34037,-4.44518230007007e-05
34039,-3.75540004290248e-07
35001,2.6320979104412e-05
35003,0.0489952424909465
35005,0.0309458632609647
35011,0.167674674730731
35019,0.0566672786243192
35021,-0.00792845948188439
35028,0
35029,0.0276296912577678
35037,-3.77050210519701e-05
35039,0.00804943709724406
35049,-0.000427468797544568
35051,0.0220223480483039
35059,-0.12026766096278
36001,1.04934724043225e-05
36005,0
36011,0.0053222861561298
36013,0.00528440476766971
36017,0.00697902257398527
36019,0.00324397027361531
36109,0.000522008509040436
36111,-0.000539950055015421
36119,-3.25059293641129e-05
37001,-2.35790831364211e-05
37003,0.0421917783078529
37009,-0.0191792647972238
37015,0.0789557343623249
37021,0.000485731620956099
37027,0.00642812585882302
37033,0.00515045984923402
37105,0.00283283310258146
38103,0.182772530814791
37107,0.0129495111749779
37115,-0.00269606658906727
37121,-0.00354576009119915
42101,6.78001297858533e-06
37127,0.00187993877020157
38007,0.0546865279992761
38015,0.00188468929139141
38017,0.00510581349277888
38025,-0.0429195752043434
38027,0.213135171966981
38035,0.0169800207918622
38037,-0.0628637740022846
38045,0.108833996027099
38047,0.0917910901494819
38055,-0.00681806375647175
38057,-0.00979255272682426
38065,-0.0606951601495403
38075,0.157878933145094
38083,0.130872890615515
38085,-0.0178023327194598
38093,0.0521137141021361
38095,0.235914514003892
38105,-0.00692590894101158
39005,0.00935051662025392
39013,-2.41810293076887e-05
39015,-0.00774562091479727
39023,0.000609823340399829
39031,0.0185472792733156
39039,-0.00639067770002341
39041,-0.000207693447430561
39049,-1.31974724651704e-05
39057,-0.000833855139662973
39059,-0.00114057556648008
39069,-0.0049525959338695
39071,0.00415056274661669
39079,0.000660576993507798
39097,0.00740611996525476
39105,-0.000117566928131628
39107,0.146114254129171
40011,0.00877067454762275
39117,-0.00578194562652302
39119,0.00530011537637491
39127,1.14572847871809e-05
39133,-0.00229972803359324
39141,0.00144946377915179
39143,-0.00301755730783468
39151,0.000168122150037539
39159,0.0141571283034698
39161,0.0252803879963625
39169,0.0146466810746053
40001,0.0652173913043478
40009,-0.00995564277183209
40019,-0.0055102711718222
40027,-0.000950719527299544
40029,0.0549186730380445
40037,-0.0068081624863852
40039,0.00303443859073963
40047,0.00876269233796622
40057,0.244557357826852
40067,0.0424700375206724
40073,0.0325105659756801
40081,-0.0151947898192493
40083,-0.00458098001214911
40091,-0.00699319940523687
40093,0.059997031686744
40101,-0.0029732867638783
40109,-0.000169229900239564
40111,-0.00583753233112626
40119,-0.00270367512034193
40121,-0.00374861233537955
40129,-0.0073209549071618
40137,-0.00476584277938854
40139,0.315613110998974
40147,-0.000948330577706701
40149,-0.0231708960539742
41001,0.0160205652263603
41009,6.07867630744729e-06
41019,-0.00187953945051356
41025,0.0604049605071662
41033,-0.000948723016048092
41035,0.010929028680198
41043,0.000680148303543492
41051,0.000145702533370582
41053,-0.00514214440365245
41063,0.0381030362651367
41065,-0.0109274737244327
42007,-0.000167811529902623
42013,0.00128053476656726
42021,-0.000425251835418077
42023,0.000922097375151771
42029,0.00043266763172789
42031,0.000136096319902139
42039,-0.00151345892395406
42049,-0.000678793887382145
42051,-3.21581927034737e-05
42059,-0.000235281535746752
42065,0.00187376024052446
42073,-0.00128905250913762
42075,0.0107827697212611
42083,0.0007519158616151
42091,-3.97626012521569e-05
42099,0.0137523415303815
42107,0.00172243086600286
42109,0.0236005388106388
42119,0.0154828654078681
42121,-0.00142857814549712
42129,0.000325644291865044
44007,0.000302125846164451
45003,-0.000620458368167939
45005,0.00969955764097111
45013,-0.000135041747938566
45021,0.00463586473536175
45023,0.00157340435789585
45031,-0.00113254340038578
45033,-0.00312596909187696
45043,0.00100417627034062
45045,-3.05318815027338e-05
45053,0.00100422220891962
45061,0.00902337370281491
45063,0.00131589956265018
45071,0.00572093396072941
45073,0.00245576575906638
45081,0.0139560023331306
45089,-0.00864612324061669
46005,0.0701576202816038
46007,0.169299087562419
46015,0.108111685904807
46017,-0.0123215771618767
46025,0.217219805309785
46027,0.0712743813121579
48319,0.005338643232035
46035,0.0403593397353631
46041,0.0448632942964979
46103,0.000222963651760006
46105,0.0658827469440155
46109,0.128229806398298
46111,0.222968784370188
46117,0.0528570755975455
46119,-0.00537229104009777
46125,0.124861556257657
46135,0.0249669505369249
46137,0.0487155546583224
47005,-0.0072157608026994
47007,0.0266664668554882
47009,-0.00168671122990194
47017,-0.0106613198130957
47019,-0.000944414359693958
47023,-0.0130909970237187
47025,-0.00274405189718873
47029,0.00866246780331932
47031,0.00101642488586325
47035,0.000923673391876204
47037,-2.15701302229206e-05
47045,-0.00297294785954976
47051,0.0105226013092185
47053,-0.00371734330486984
47055,-0.000100289315633327
47061,0.0298375706214689
47069,-0.0106398763711168
47071,-0.00416670579575195
47079,0.000292659029962559
47089,-0.000149936770085773
47095,-0.0273384133560208
47103,0.0143434385256103
47105,0.00186872527442735
47113,-0.0031415121578195
47115,0.00441669820119589
47125,-0.000808415115964078
47127,0.00653190482610224
47135,-0.000662679812510102
47137,0.0386329866270431
47147,-0.00289044603296033
47149,-0.000785778911074277
47157,-0.000125285254269578
47165,-0.000981915656639992
47167,-0.00496037325604632
47175,-0.000246171835634143
47177,0.0243875873526695
47185,-0.00771887862268252
48001,0.00570357498824907
48003,0.0075211598457144
48013,-0.00339990183435246
48021,-0.000668205977764744
48023,0.0475621097382755
48033,-0.0221005409684655
48035,-0.00779318025393334
48043,0.00491387215090385
48053,-0.00590100354463012
48059,-0.00521434101790257
48067,0.0252483432397349
48069,0.510328757088549
48077,0.0056988238597566
48079,0.196909495516271
48087,0.0413820040249974
48089,0.00136146748875263
48099,-0.00282589511745935
48101,0.123502103681953
48109,0.000318344608038201
48111,0.265661213388239
48123,-0.0140573626662327
48129,0.0533920938630241
48131,-0.0242890773150003
48141,-0.000280095840714555
48143,0.077819296793102
48151,-0.0257837837837838
48153,0.0368023981241477
48161,0.0281760819792258
48163,0.0385499634706462
48171,-0.0054790964235888
48179,0.0492933501185864
48181,-0.00172566826658376
48189,0.095210994345642
48199,-0.00316781646671755
48205,0.485733696753701
48213,-0.000620087594130836
48215,0.00289804317966632
48227,0.0110867171705785
48233,-0.00456768343403505
48243,0.0133039313043986
48251,-0.000929292521061473
48253,0.00588831157285996
48261,0.183229434054517
48263,0.110443583118002
48291,-0.00177578352054041
48297,-0.0150856772169994
48307,-0.00640247408978799
48309,0.000826673620458305
48311,-0.111255198318651
48321,0.029827661742482
48327,-0.0133622783279309
48329,9.7025173940318e-05
48333,-0.00165338121934128
48335,0.00190340421600074
48337,-0.0113043056247987
48343,0.0641780435184998
48345,0.110510018214936
48349,-0.000522640837238069
48351,-0.00844992012822036
48355,-0.00138665998482937
48357,0.223220485197888
48359,0.314477874802865
48365,0.0631713788359491
48367,-0.0033278648201263
48369,0.416389454379821
48373,-0.00233111131891473
48375,0.000529115575432712
48381,0.0160441994604676
48387,0.0420948714745997
48397,7.57596736443672e-05
48403,0.0195575300574753
48413,0.0269708566778092
48421,0.702320411282479
48423,-0.000120481817008219
48431,0.0347181152746134
48433,-0.0140669531188719
48443,0.0187670998632011
48445,0.104260683450628
48453,-4.55471701382377e-05
48455,-0.00322727235620815
48463,0.00721587704953946
48471,0.0010352234788685
48473,0.00551601368857842
36117,-0.00104157577773451
37005,0.000988913314878141
37007,0.112536137042599
37011,-0.0087507201113425
37013,0.00736027772612459
37017,0.0597845563719857
37019,1.96480759551782e-05
37023,0.003562500511631
37025,0.000957372920603387
37029,-0.00101779570038496
37031,-0.000467035344444323
37035,0.002489991691103
37037,0.00414895002511696
37039,0.00230508533921957
37041,0.0017192484713286
37043,-0.0252439757947086
37045,0.0101493329468742
37051,0.00133904662903557
37053,-0.0030806712660682
37061,0.104288398497113
37067,4.90639809226682e-05
37075,0.0038597949997177
37077,0.000276790686082318
37081,-0.000151866789411835
37083,0.00120420305984506
37087,0.0002506766778178
37089,0.000595896171529662
37093,0.00915547711757111
37095,-0.0218400701096232
37099,-0.000443729399464071
37101,0.000779681205378317
37109,0.00170367441900152
37117,-0.0130934615925787
37119,0.00013610830986293
37123,0.0394051409771453
37125,0.0084356926271457
37131,0.0169058377382147
37133,0.00567968276299737
37139,-0.00220722779799702
37141,0.0105107520916092
37143,0.00892939312148034
37149,0.00168070547390853
37153,0.0355734643134756
37155,0.0186458750605762
37159,0.0025682795351201
37161,0.00773226568641392
37165,0.0318471613049514
37167,0.00869131941838367
37175,0.000759825680112028
37177,0.0284703106567047
37179,0.007777770611556
37187,-0.0139886767133264
37189,-0.000274470299704171
37191,0.018711689843033
37195,-0.00242009464075062
37197,0.0204790310353182
38003,0.0592544338730805
38005,0.104629818478483
38013,0.0931646190824071
38019,0.263425931431426
38021,0.109859298315567
38029,-0.0133993034910388
38031,0.0111847859337099
38043,0.132918312641084
38051,0.00205378268336916
38053,-0.0103754755562073
38061,-0.0448548323440054
38063,0.112953363432506
38071,0.0300431747868801
38073,0.0651022608145262
38081,0.125563425627817
38091,0.144806792033643
38101,-0.00329458862014527
39001,0.000978691624808779
39003,0.000553658353716071
39011,0.0183945539688526
39019,0.00180851123976661
39021,0.0040558553795703
39027,-0.00376915622104602
39029,0.00572513331764929
39037,0.0788961767632411
39045,-0.000254663811132589
39047,0.0136453669768426
39055,-0.00115133763061361
39063,0.00118202074038708
39065,0.0307951321685182
39075,0.0391750308631052
39077,0.00821017358209728
39085,0.00011513674038584
39087,-0.00214757540776134
48011,0.0628776449804973
39089,0.0025470352868259
39099,0.00113389412430542
39101,0.00318149690063458
39111,-0.00622618670436174
39113,-0.00011571843504237
39121,-0.00531336625521007
39129,0.004206487374121
39131,0.00392668284363661
39139,0.00520271031017507
39147,-0.00447022232485955
39149,0.00919630511738347
39157,0.0129281232551383
39165,-0.000431108757836561
39167,0.000753903793167926
39175,0.0263177734067124
40005,-0.00953375210121207
40007,0.300944343182445
40015,-0.00494384582405512
40017,0.00045536687649714
40025,0.349906312973591
40035,0.0348292810576496
40043,-0.0217881520054271
40045,0.18061239583847
40053,0.10549001814882
40055,0.063306726869554
40063,0.270743994162551
40065,0.0303519617420211
40075,0.0565293687545698
40077,0.0159878957238293
40085,-0.0141039124089972
40087,-0.00104969200373732
40095,-0.00885526808695757
40103,0.0147573815612283
40105,-0.000159290021617932
40113,0.00747038790717905
40115,0.0345024427296539
40123,-0.00454855770773858
40131,-0.00199926891155271
40133,-0.00475142101578049
40141,-0.0584814496555259
40151,0.031701685884212
41003,-0.00152268662257975
41011,0.00240272057014516
41013,0.00348403538088862
41021,0.0562541272287035
41023,0.00965611236728866
41031,0.00619375757495143
41039,-1.31539732099021e-05
41041,-0.000273807291970262
41049,0.0819044029052039
41057,0.000281912558325269
41059,-0.00162910032036162
41067,6.83745723170502e-07
42001,-0.00248027640266692
42009,2.0252304770703e-05
42011,0.00227116501072266
42019,-0.000270076889049623
42025,-0.00102108342949158
42033,-0.00027486894641305
42045,-1.3120419795567e-05
42047,-0.000346225404554932
42055,0.00819054081976753
42057,0.0124268621910354
42067,0.0230577445819399
42069,-0.000302625313838382
42077,3.14275672079106e-05
42085,-0.00243380614698358
42093,0.00485204841357718
42095,-0.000552698878177533
42103,1.10152926356737e-05
42111,0.000865279650244857
42117,-0.00186661371880452
42125,-0.000848467935328246
42127,-0.000302222530738782
44001,4.4106221352161e-05
44003,-9.57128589531313e-06
44009,0.00103537488449529
45007,0.000128785170270408
45009,0.00471495512719076
45015,3.82946008176642e-05
45017,0.00808487255596337
45025,0.0130174740959863
45027,0.00519112671230098
45037,0.0107559718615128
45039,0.00326720740646902
45047,0.00273064612402053
45055,0.00978937346632001
45057,0.00261938364424829
45065,0.00405942626775416
45067,0.000577147647992335
45075,0.0016958669264123
45083,-1.37137325683558e-05
45091,0.00073085702477321
46009,0.0975438770124043
46011,0.0529996490771388
46019,0.0295458744655018
46021,0.109858910730153
46029,0.0280208441827428
46031,0.0777692223077769
46043,0.196748513332054
46049,0.20050287630005
46051,0.18842373758701
46055,0.0566083780094411
46057,0.126977882118226
46063,0.133215334882063
46065,0.0118113512023945
46067,0.186992941452128
46073,-0.0285204415339023
46075,0.201199970732421
46077,0.161804245955142
46079,0.0458683660198174
46081,0.000740451618087683
46083,0.012975924611675
46085,0.095098205084824
46087,0.187142550676215
46089,0.19013443216355
46091,0.269137544012853
46093,-0.00886543269773091
46095,0.144406230608231
46097,0.263944785709242
46099,0.00398520498286506
46101,0.154421906477504
46102,0.0359444940079636
46107,-0.135708184055181
46115,0.115622842569505
46121,0.0270603896889749
46123,0.1062742892207
46127,0.0270403443065105
46129,0.0228358510244592
47001,-0.00141444712859252
47003,0.0292234299822918
47011,0.0121699904828328
47013,-0.00116919375151166
47015,-0.00816179690120577
47021,-0.00447055934127098
47027,0.112269542287205
47033,-0.042455736816663
47039,-0.00440019617161676
47041,-1.888672640868e-05
47043,-0.00542923329902598
47047,-0.00445656497585074
47049,0.0104051426464179
47057,-0.00420705590391543
47059,-0.00285846741822047
47063,-0.000148748849149969
47065,0.000269086969463504
47073,-0.00369598255275129
47081,-0.00379995077117121
47083,-0.00886373539779829
47091,-0.00418303515422252
47093,-6.20942992963107e-05
47101,-0.00186262024947451
47111,0.00275502874466407
47119,-0.00194176865862893
47121,-0.00674205587870052
47129,0.00222455650170894
47139,0.026373922057829
47145,-0.00395128415173406
47155,-0.000283914226635469
47159,-0.00886380271177106
47161,-0.00277459702281335
47173,-0.0052681325605762
47179,0.000144884115808255
47187,-0.000290855767029424
47189,-0.00169643534323936
48007,-0.000403073546526757
48009,0.0475603474808892
48017,0.238658345809013
48019,-0.00254337456904485
48027,0.00053911305070133
48029,-1.3440123684179e-05
48037,0.00349776878639519
48045,0.128218319575334
48047,0.0122692164313323
48055,8.65259699458224e-06
48057,0.00913102769205609
48065,0.00534564559406263
48075,0.0258159884910317
48085,-0.00021781910050669
48093,0.0961665088975811
48095,0.0859354508954692
48103,0.00578069876972117
48105,0.020618871924496
48119,0.0720895583591903
48121,5.31754231889373e-05
48133,-0.01484634716633
48139,-0.00152103416263818
48149,-0.0139680889071628
48157,9.21266163081583e-05
48159,0.161457302067717
48167,-0.000232632748546889
48169,-0.011367529072388
48177,0.216187071211911
48185,-0.00307982621264025
48187,0.000995826825265991
48195,0.438791529567092
48197,0.0593449071927453
48207,0.0280583146063158
48209,-0.000478512281925169
48217,0.0137170436334584
48223,0.0930031981752232
48225,0.016386961322954
48235,0.0656615735941467
48237,-0.0159192427187372
48245,0.000451755808672926
48247,-0.0105915894511761
48255,-0.0100748517238098
48265,-0.00205241883233296
48271,0.000551503536516428
48273,0.0111769743711576
48277,0.00582349816485484
48279,0.31410455338767
48283,-0.0259166946410906
48285,-0.00696522594920566
48293,0.00961122552405792
48295,0.0545743834526651
48299,-0.00574900797901972
48303,0.000814065439410882
48305,0.000941152868008473
48313,0.0677535858647204
48315,0.00557038106897907
48317,0.0153440430346719
48323,0.00531288409569647
48325,0.00315880923302675
48331,0.0228484342850863
48339,-0.000190180524530082
48341,0.217149047221897
48347,0.0766597166942066
48353,0.014787032549733
48361,-0.00156405267279388
48363,-0.00168168513896664
48371,-0.00164816441458259
48377,0.0790623700824704
48379,0.0133064033273992
48389,0.0061423913524572
48391,0.00895512705351618
48399,0.013299476893157
48401,0.0315663586564479
48409,-0.000707716076084213
48411,-0.00782027434253786
48419,0.221724870877679
48427,-0.000191567261857948
48429,-0.0172324735644155
48437,0.470918966712837
48439,-1.33007339075751e-05
48447,-0.0189590983272134
48449,0.07815113335231
48457,-0.00639532114328792
48465,-0.000450549943021037
48467,0.0106801938017492
48475,-0.0231343256940833
49019,0.000947845879004649
49021,0.00156468387818933
49025,0.00590456939198894
49027,0.0560743680011935
49045,0.00257528466848267
49051,-0.000811995959269524
49057,0.000103179798619493
50003,-0.000152478229815647
50009,0.00474930589580271
50015,0.00369349128540305
50021,-0.000639332890923651
50027,-0.00161421026984196
51007,0.0123466350708454
51017,0.00467666365133486
51019,-0.00168023446714893
51023,-0.00222259068012064
51025,-0.0101310821600671
51036,0.00171572712826838
51037,-0.0126426465393571
51045,-0.00664314785423574
51051,-0.0011540117513929
51067,-0.00222124789144982
51075,-0.00238120306791218
51085,3.3611729217102e-05
51087,1.16200684921078e-05
51099,-0.000182931175509752
51101,-0.0015214843355315
51111,-0.0160141524009641
51113,-0.00397316900928173
51125,-0.000216068923155889
51137,0.00704853831396486
51145,-0.000398474994466762
51147,0.00115950686732981
51167,0.00059270022752041
51179,-0.000465005220889688
51181,-0.00961159344604739
51193,0.0116721775530925
54027,0.00829487532718005
51550,6.08179114711823e-06
51740,0
51903,-0.0010010601197138
51911,-9.32993076668197e-05
51913,0.00159809019441053
51929,0.00184163875698921
51941,-0.00124973379351842
51942,-0.000150029415325606
51949,-0.00237848343702898
51953,-9.02365610297326e-05
51955,-0.00019911405558563
53005,-0.00186329672409761
53007,-0.00986250036383623
53015,0.000662380674069745
53023,0.0441773003007219
53025,-0.0336546929731745
53033,6.37560910850997e-07
53041,0.00979254320231015
53043,0.0265083569107846
53051,0.00459840200786346
53057,0.00266586952613048
53065,0.00398200381827397
53067,0.00105757576262992
53077,-0.00117910522047104
54007,0.0055710409723729
54013,-0.00309702914611539
54015,0.000593205157948215
54025,-0.000253878293164146
54035,-0.00221330192329771
54037,0.00408061169144421
54045,3.73873705462295e-05
54051,-0.00572497615924855
54061,-0.000426597131840223
54069,-0.00100044745020862
54071,0.0316070550621042
54079,0.00118207458942029
54085,0.00107006380202551
54095,-0.00041966874416146
54103,-0.00157117908521164
54105,-0.00688001531793417
55001,-0.00285319965283541
55009,0.00300518891962074
55011,0.0454633618936665
55019,0.0457392574840229
55021,0.00513087013525172
55033,0.00672604524573225
55037,-0.00193215972520395
55041,-0.000652113663411533
55053,0.0141704156315047
55059,-0.000188335692049921
55065,0.0529204683806477
55071,0.00540274517531813
55077,-0.0025749196349768
55081,0.0105174609498186
55083,0.00921478128452004
55093,0.00568519528214959
55097,0.00555302937959475
55105,0.0013147602352251
55113,0.00167155724218311
55117,0.00163785332510113
55121,0.0218995773765769
55127,0.000609988115886555
55137,0.00798525276066124
56001,0.000357187124736941
56007,0.00942188680426979
56011,0.0130269875433094
56017,-0.00596572263569155
56023,0.00249135033154502
56029,0.0107551380048541
56035,0.0167557036782905
56043,0.00586690055723555
48481,0.0313074314547002
48483,0.0551104891843041
48487,0.00942724209091425
48489,0.0372652373310414
49013,0.0130311015201217
48497,-0.00812139004683354
48503,-0.00586445894335806
48505,-0.00919997240635406
48507,-0.00429228557052821
49003,0.00305315060494678
49005,0.00579610862776315
49007,-0.000671853155717814
49009,0.0204623303025412
49011,-3.02560304177199e-05
49015,0.0185514781855148
49017,0.049591259540506
49023,0.0178697113696146
49029,-0.00497502207865244
49031,0.439808782541915
49033,0.0828036264008758
49035,-0.00010695569868366
49037,-0.00111372121673186
49039,0.0901313872033039
49041,0.0265375464434296
49043,0.00112334202853871
49047,0.00310650491416941
49049,3.35180949140464e-05
49053,-0.000151361946844369
49055,0.0437486514957292
50001,0.00597373580461414
50005,0.00500754765782273
50007,0.000615950344881318
50011,0.0111295358074679
50013,0.00238772181868719
50017,0.00490273287717777
50019,0.00527467817728184
50023,0.000239443968639778
50025,5.43324035686353e-05
51001,0.0121104575495271
51009,-0.00056500502550289
51011,-0.00373774634196438
51021,0.00615160520480423
51027,-0.000396918358599369
51029,-0.00275370546819364
51033,-0.000973721602851906
51041,-1.75646056703502e-05
51043,-0.00248632077331047
51047,-0.00155341767496452
51049,0.0114210686185171
51063,-0.00715463895863757
51065,-0.00176891459538086
51077,-0.0258047990105508
51079,-0.000322905745142145
51091,0.0579107700613118
51103,-8.14251301215878e-05
51109,-0.000943689831600402
51117,-0.0127698131896581
51127,-0.00106239490736414
51119,-0.000649131931225569
51133,0.000597322562271166
51135,0.0108238911728333
51155,0.000791616822078591
51169,-0.00310005778889519
51171,0.00668294284839064
51185,0.00184478939236128
51187,-0.000858609992339257
51650,0
51700,0
51810,-0.000222359402892573
51901,-0.00107456502020285
51918,-0.00199167737788436
51923,-0.00454599256235428
51939,-0.00198307084145532
51945,-0.000152706045324939
51947,0.0171933629292436
51958,5.11130171141341e-05
53003,0.00341288187287015
53011,-0.000169765110339027
53013,0.0324895239135694
53021,0.00407655861518975
53029,0.000354811694580966
53031,2.50563869740735e-05
53039,-0.00438316122945952
53047,-0.0155481857674081
53049,0.00220026063780065
53059,-0.000545213447080718
53061,0.000181302055006424
53069,0.00605990739139624
53075,0.0114996680728955
54003,0.00057247519263476
54005,-9.64261532882366e-05
54017,-0.0094434347952567
54023,-0.00574344599440842
54033,-0.000496414236849613
54039,-0.000164501780476575
54047,0
54049,-0.00126360156810719
54057,0.000280744112269571
54065,-0.000125534233756155
54067,-9.18952067096239e-05
54075,0.0063804209019595
54077,3.99902753806535e-05
54087,-0.00211717757044143
54089,-0.00270510946452274
54097,-0.00205754670945293
54099,0.00017372055097142
54107,-0.00108328031643755
55003,0.00223690802127345
55005,0.011133888622984
55017,0.00670136995290647
55023,0.0144398271078671
55029,0.00223474516207387
55035,0.0015622091058276
55043,0.0409447019192225
55047,0.00820664150145541
55051,0.00111524062940716
55055,0.00351190178319824
55063,0.00118917101670965
55067,0.00946302037301631
55073,0.00839373092707566
55079,-8.47140638548869e-06
55085,-0.000362909075919528
55089,0.00176908088044179
55099,0.00545987643370856
55103,0.0277964209260274
55109,0.00270775513003945
55123,0.0248203081239086
55131,0.00081151292527697
55135,0.00523362165834792
55139,0.000676977198614994
55901,
56003,0.00638410579897221
56009,0.00287237458310072
56015,0.0130020491512886
56019,0.00495358149835759
56027,0.0464661353758412
56037,0.00472067248717034
56039,-0.000361401861856598
56045,-0.00209475948962165
46037,0.13524283426271
46045,0.0849181867145939
46047,0.042386050086305
46053,0.0939170528302763
46059,0.118731333567424
46061,0.114059665862515
46069,0.0606559050741325
46071,0.087835634308077
47067,-0.010139041598877
47075,-0.0495244244125623
47077,-0.00523815079598167
48301,0.086685552407932
47085,-0.0107619724940651
47087,-0.00856508892746692
47097,-0.0147792810921755
47099,0.00507693983075029
47107,0.00396962949401064
47109,-0.00620207895947804
47117,0.00261043146419406
47123,-0.00505385851406613
47131,0.0178180556951352
47133,-0.0017603871340633
47141,-0.00242375822585473
47143,0.00081412848144685
47151,-0.0015369984445879
47153,0.000950575733548404
47163,-0.000312444985099388
47169,-0.00190009357532051
47171,-0.00119324636300341
47181,0.0171294270532263
47183,0.0221496771224883
48005,0.0101860517644586
48015,-0.00968901369477214
48025,0.00113811686018315
48031,-0.00772835954974615
48039,5.31839992549456e-05
48041,0.0012207877264776
48049,-0.00393601415465662
48051,0.00221896326968791
48061,0.0014116561221899
48063,0.0410714440661887
48071,0.00829609752786197
48073,0.0187383684607277
48081,-0.0225691901257268
48083,-0.00495032275367333
48091,-0.000522298141787185
48097,-0.00632689600693206
48107,0.0149173271110754
48115,0.0743413200549274
48117,0.391760683955316
48125,-0.0137764022588878
48127,-0.0032558021151048
48135,0.000173641404641944
48137,0.0232261858094865
48145,0.0203779111301615
48147,-0.00088610055363522
48155,0.0892019450800915
48165,0.10148348687691
48173,-0.0226260532711549
48175,-0.0265262625690289
48183,-0.00046995351921423
48191,0.113304178139775
48193,0.0194382771387776
48201,5.34069020230143e-06
48203,-0.000604917023089321
48211,0.228277629640872
48219,0.0223710761805296
48221,-0.00196480310416282
48229,0.106450200410927
48231,-0.00503596170916887
48239,0.0182272795293358
48241,-0.00318629490687784
48249,0.0170308273092136
48257,-0.0018708036132868
48259,-0.00240085755029905
48267,-0.00179429233337497
48269,0.568108033432341
48275,0.0305786392180934
48281,-0.00955512042193591
48287,-0.000635479978898583
48289,0.0795341389058356
48383,0.0393843840708334
48385,-0.0217499889002353
48393,0.0740473013048636
48395,0.0567089138341223
48405,0.0986534203375046
48407,-0.00633623388909513
48415,0.00485476145041254
48417,-0.00648600031036525
48435,0.00893613435688659
48441,-0.00132203840305342
48451,0.00568518931001585
48459,0.00521503903736282
48461,-0.00523717092887369
48469,0.00277934107540135
48477,-0.00900026972417154
48479,0.000121820659092059
48485,-0.000587486328443155
48491,-3.73635357774537e-05
48493,-0.00360895552581253
48495,-0.00772546560501405
48499,0.0351802484165933
48501,0.0637225260425319
49001,-0.169118531837575
51057,-0.00995518576122185
51061,-0.00191266402992753
51071,0.00028404697851881
51073,-2.19459513569913e-05
51083,-0.00718203297076489
51093,-0.000297737677217818
51097,0.000379211878926328
51105,-0.00833491010287624
51107,-0.000222680976467517
51115,0.0010293892138837
51131,0.04058933732056
51139,0.0220842357679458
51141,-0.000226149774676053
51157,-0.00831433703140503
51159,0.00263144635651174
51173,-0.000441410697055974
51183,-0.00575229763267341
51197,-0.00243713296517121
51510,0
51710,0
51800,0.00097319755102653
51907,0.00524664936821603
51919,2.29958769505683e-05
51921,-0.00127434049901745
51931,-0.00064232255015831
51933,0.000193560671915489
51944,-0.000148293196486048
51951,1.06751817955154e-05
53001,0.0284306817855411
53009,-0.000676976398352226
53017,-0.0114666961088942
53019,0.0121181227945253
53027,0.00280228278919014
53035,-0.000249311210208474
53037,-0.00110629490511997
53045,0.000412878286545065
53053,6.52596740982816e-05
53055,-0.00127566738138329
53063,-5.92203201069283e-05
53071,-0.0149366821685777
53073,0.000244321487384074
54001,-0.00117134525728853
54009,-0.000422877413854617
54011,-8.30689516525241e-05
54019,0.000318568239971737
54021,-0.00524591052808155
54029,-0.000582238494770941
54031,-0.00950520083355117
54041,0.00215597991901383
54043,-0.00178003366202272
54053,0.0128482729173663
54055,0.00172399942937316
54063,0.0112267324754432
54073,-0.00358991278826409
54081,-0.000235283254621662
54083,0.0027996540098518
54091,-0.000915852420123226
54093,0.00674126153030528
54101,0.00225533397258405
54109,-0.000287014994359099
55007,0.000130279869437353
55013,0.00833622155985561
55015,0.00911138888832535
55025,0.00126739916174704
55027,0.00512125828712971
55031,0.000850413040265404
55039,0.00602608682939066
55045,0.01140013903764
55049,0.0133199611370546
55057,0.0123815550327674
55061,0.054005673020563
55069,0.00373958553468104
55075,0.00960230302552087
55078,0
55087,0.00342180530363081
55091,0.00674501273878936
55095,0.0052779232560447
55101,2.79401342164655e-05
55107,0.015539252569316
55111,0.00425814184233741
55115,0.0205556078239727
55119,0.0317082078572635
55125,0.000728207074762398
55129,0.00931190562433662
55133,-0.000127392197513637
55141,0.00219157274679504
56005,0.00315593868924859
56013,0.0141211346045372
56021,-0.00313847791486118
56025,0.000453074212030638
56031,0.0398559780061858
56033,0.000137379042332528
56041,0.000577653475307721
