fips,pop2020,pop2024,dom_mig_2024,pct_growth_2020_24
01001,58909,61464,727,4.3
01003,233244,261608,6570,12.2
01005,24975,24358,-236,-2.5
01007,22176,22258,373,0.4
01009,59110,60163,425,1.8
01011,10230,9901,-5,-3.2
01013,19027,18256,-33,-4.1
01015,116242,116427,258,0.2
01017,34572,33813,-246,-2.2
01019,24981,26138,602,4.6
01021,45060,47262,571,4.9
01023,12622,12052,-93,-4.5
01025,22989,22142,-129,-3.7
01027,14210,14239,122,0.2
01029,15063,15905,278,5.6
01031,53565,56358,371,5.2
01033,57305,58785,544,2.6
01035,11551,11109,-9,-3.8
01037,10340,10291,97,-0.5
01039,37513,37748,133,0.6
01041,13171,13114,-34,-0.4
01043,88142,92604,856,5.1
01045,49260,50067,38,1.6
01047,38185,35545,-712,-6.9
01049,71673,73122,446,2
01051,87871,91042,506,3.6
01053,36687,36630,153,-0.2
01055,103437,103207,296,-0.2
01057,16329,15863,44,-2.9
01059,32076,31874,-241,-0.6
01061,26703,27259,294,2.1
01063,7701,7127,-138,-7.5
01065,14771,15116,195,2.3
01067,17171,18141,352,5.6
01069,107300,109366,554,1.9
01071,52532,53780,573,2.4
01073,674727,664744,-1939,-1.5
01075,13954,13543,-16,-2.9
01077,94031,97502,720,3.7
01079,33075,33567,207,1.5
01081,174856,187847,1506,7.4
01083,104209,118942,3714,14.1
01085,10284,9485,-114,-7.8
01087,19472,18159,-106,-6.7
01089,390527,423355,6666,8.4
01091,19271,18512,-133,-3.9
01093,29175,29323,154,0.5
01095,97706,102156,410,4.6
01097,414409,412339,-516,-0.5
01099,19704,19057,-117,-3.3
01101,228363,225894,-2114,-1.1
01103,123329,126084,105,2.2
01105,8456,7719,-52,-8.7
01107,18962,18508,-155,-2.4
01109,32904,33124,-164,0.7
01111,22093,23067,324,4.4
01113,59252,58837,157,-0.7
01115,91687,96927,1519,5.7
01117,223915,235969,720,5.4
01119,12192,11607,-89,-4.8
01121,81416,81375,546,-0.1
01123,41288,40699,199,-1.4
01125,232651,241212,362,3.7
01127,65141,65260,536,0.2
01129,15331,15018,-10,-2
01131,10533,9865,-42,-6.3
01133,23488,23869,248,1.6
02013,3426,3632,-57,6
02016,5223,5424,-57,3.8
02020,290905,289600,-2322,-0.4
02050,18670,18237,-191,-2.3
02060,830,884,4,6.5
02063,7082,6604,-149,-6.7
02066,2614,2631,-18,0.7
02068,1614,1621,5,0.4
02070,4840,4642,-41,-4.1
02090,95349,94951,-1849,-0.4
02100,2085,2104,-3,0.9
02105,2354,2312,37,-1.8
02110,32203,31572,-55,-2
02122,58941,61259,3,3.9
02130,13912,13677,-80,-1.7
02150,13044,12654,-266,-3
02158,8369,7946,-195,-5.1
02164,1452,1315,-36,-9.4
02170,107522,117613,1755,9.4
02180,10019,9836,-51,-1.8
02185,11006,10663,-51,-3.1
02188,7795,7134,-211,-8.5
02195,3407,3436,-14,0.9
02198,5745,5746,39,0
02220,8430,8355,37,-0.9
02230,1240,1119,4,-9.8
02240,6826,7313,44,7.1
02275,2129,2064,-13,-3.1
02282,682,690,4,1.2
02290,5303,5099,-47,-3.8
04001,65917,64800,-311,-1.7
04003,125533,125773,581,0.2
04005,145190,145161,-702,0
04007,53355,54073,461,1.3
04009,38630,40242,514,4.2
04011,9531,9410,-83,-1.3
04012,16573,16992,189,2.5
04013,4445415,4673096,-1866,5.1
04015,214173,226479,4659,5.7
04017,106773,109516,335,2.6
04019,1045227,1080149,4043,3.3
04021,430213,513862,23230,19.4
04023,47712,50508,-148,5.9
04025,237228,252013,3546,6.2
04027,205665,220310,454,7.1
05001,17104,16050,-175,-6.2
05003,18963,17984,-150,-5.2
05005,41696,43007,593,3.1
05007,286621,321566,5720,12.2
05009,37393,38636,230,3.3
05011,10492,9935,-125,-5.3
05013,4736,4690,66,-1
05015,28241,28968,225,2.6
05017,10159,9272,-96,-8.7
05019,21403,20920,72,-2.3
05021,14534,14112,18,-2.9
05023,24716,25646,344,3.8
05025,7554,7367,40,-2.5
05027,22743,22024,-82,-3.2
05029,20734,21422,393,3.3
05031,111623,115852,1186,3.8
05033,60160,62258,467,3.5
05035,48090,46633,-518,-3
05037,16801,16194,-227,-3.6
05039,6441,6076,-49,-5.7
05041,11321,10321,-129,-8.8
05043,17315,16935,-31,-2.2
05045,123820,131611,1094,6.3
05047,17141,17586,221,2.6
05049,12051,12546,243,4.1
05051,100266,99902,568,-0.4
05053,18019,18546,200,2.9
05055,45861,46928,182,2.3
05057,19986,19105,-136,-4.4
05059,33076,33313,262,0.7
05061,12758,12387,-67,-2.9
05063,37945,38345,31,1.1
05065,13604,14291,216,5
05067,16759,16673,-41,-0.5
05069,66835,63672,196,-4.7
05071,25727,26172,58,1.7
05073,6295,6015,13,-4.4
05075,16216,16305,117,0.5
05077,8530,8104,-79,-5
05079,12890,12868,33,-0.2
05081,11971,11626,-35,-2.9
05083,21109,21457,234,1.6
05085,74072,76389,314,3.1
05087,16560,17865,139,7.9
05089,16867,17593,231,4.3
05091,42586,41958,-12,-1.5
05093,40545,38095,-562,-6
05095,6771,6415,-82,-5.3
05097,8484,8510,-30,0.3
05099,8287,8004,-56,-3.4
05101,7196,7026,-12,-2.4
05103,22617,21684,32,-4.1
05105,10003,10251,110,2.5
05107,16441,14661,-358,-10.8
05109,10156,10027,-90,-1.3
05111,22955,22300,-37,-2.9
05113,19186,19434,66,1.3
05115,63407,64829,-50,2.2
05117,8247,7935,-24,-3.8
05119,399286,401209,-1415,0.5
05121,18595,19040,114,2.4
05123,23019,21822,-202,-5.2
05125,123820,131252,1483,6
05127,9829,9837,83,0.1
05129,7844,7836,52,-0.1
05131,127813,130035,535,1.7
05133,15782,15735,67,-0.3
05135,17315,18130,265,4.7
05137,12347,12785,189,3.5
05139,38940,37008,-293,-5
05141,15797,16152,146,2.2
05143,246779,266184,1246,7.9
05145,76863,79091,580,2.9
05147,6221,5808,-98,-6.6
05149,20217,20134,52,-0.4
06001,1680614,1649060,-22141,-1.9
06003,1179,1099,-15,-6.8
06005,40584,42026,387,3.6
06007,210222,208334,896,-0.9
06009,45350,46505,67,2.5
06011,21868,22074,-188,0.9
06013,1166165,1172607,-4692,0.6
06015,27616,27009,567,-2.2
06017,191250,192823,226,0.8
06019,1009613,1024125,-6429,1.4
06021,28889,28304,-10,-2
06023,136324,132380,-1315,-2.9
06025,179730,181724,-1196,1.1
06027,18999,18485,-38,-2.7
06029,906124,922529,-2154,1.8
06031,152797,154913,-135,1.4
06033,68200,67764,36,-0.6
06035,32319,28340,-438,-12.3
06037,9996634,9757179,-99979,-2.4
06039,156434,165432,704,5.8
06041,261341,256400,-1505,-1.9
06043,17133,17048,26,-0.5
06045,91362,89175,-428,-2.4
06047,282963,296774,-902,4.9
06049,8677,8491,-2,-2.1
06051,13225,12991,-460,-1.8
06053,440506,436251,-5447,-1
06055,137465,132727,-1155,-3.4
06057,102267,102195,321,-0.1
06059,3186261,3170435,-22370,-0.5
06061,405951,433822,7506,6.9
06063,19761,18834,-222,-4.7
06065,2424663,2529933,7509,4.3
06067,1586727,1611231,-5859,1.5
06069,64533,69159,289,7.2
20127,5370,5279,2,-1.7
06071,2183526,2214281,-6260,1.4
06073,3301182,3298799,-23934,-0.1
06075,874826,827526,-5594,-5.4
06077,780676,816108,-42,4.5
06079,281924,281843,-678,0
06081,762727,742893,-6006,-2.6
06083,448083,444500,-4612,-0.8
06085,1924802,1926325,-22034,0.1
06087,271768,262406,-2801,-3.4
06089,182190,181121,814,-0.6
06091,3229,3113,-23,-3.6
06093,43999,42498,-157,-3.4
06095,452887,455101,284,0.5
06097,488501,485375,-206,-0.6
06099,553710,556972,-2186,0.6
06101,99479,98545,-1058,-0.9
06103,65690,64451,-504,-1.9
06105,16095,15642,63,-2.8
06107,473944,483546,-2111,2
06109,55397,53893,73,-2.7
06111,843808,835427,-3889,-1
06113,217768,225251,-1296,3.4
06115,82001,87469,1128,6.7
20129,2703,2485,-108,-8.1
08001,520517,542973,992,4.3
08003,16375,16689,-35,1.9
08005,655312,666918,-6587,1.8
08007,13425,14112,-12,5.1
08009,3482,3367,20,-3.3
08011,5480,5779,78,5.5
08013,330953,330262,-1034,-0.2
08014,74494,78323,736,5.1
08015,19488,20780,221,6.6
08017,1746,1712,-30,-1.9
08019,9360,9076,-43,-3
08021,7451,7549,23,1.3
08023,3501,3686,89,5.3
08025,5685,5600,15,-1.5
08027,4725,5553,2,17.5
08029,31056,32215,615,3.7
08031,717620,729019,-2114,1.6
08033,2331,2467,-54,5.8
08035,360327,393995,5161,9.3
08037,55663,54330,-882,-2.4
08039,26207,29382,489,12.1
08041,733804,752772,-40,2.6
08043,48889,50093,-27,2.5
08045,61803,63167,-287,2.2
08047,5817,5963,41,2.5
08049,15747,16154,85,2.6
08051,16946,17310,-103,2.1
08053,787,747,-11,-5.1
08055,6824,6988,28,2.4
08057,1378,1273,-38,-7.6
08059,583169,578533,-1476,-0.8
08061,1452,1392,28,-4.1
08063,7063,7080,4,0.2
08065,7413,7369,-47,-0.6
08067,55676,56823,414,2.1
08069,359932,374574,1412,4.1
08071,14500,14518,187,0.1
08073,5661,5598,100,-1.1
08075,21209,20755,132,-2.1
08077,156011,161260,1663,3.4
08079,871,933,5,7.1
08081,13269,13142,-175,-1
08083,25889,26841,185,3.7
08085,42820,44806,415,4.6
08087,29082,30300,-42,4.2
08089,18664,17991,-156,-3.6
08091,4882,5197,9,6.5
08093,17420,18316,166,5.1
08095,4531,4488,-27,-0.9
08097,17365,16643,-194,-4.2
08099,12020,11957,62,-0.5
08101,168352,169866,321,0.9
08103,6521,6607,17,1.3
08105,11543,11132,-28,-3.6
08107,24840,25243,-74,1.6
08109,6395,6670,-13,4.3
08111,708,821,20,16
08113,8054,7819,-104,-2.9
08115,2389,2257,-21,-5.5
08117,31239,30882,-318,-1.1
08119,24745,24862,72,0.5
08121,4814,4771,-98,-0.9
08123,331467,369745,5846,11.5
08125,9970,10048,-161,0.8
09110,964088,991508,-1829,2.8
09120,324397,335666,-1677,3.5
09130,173281,177540,333,2.5
09140,449055,462220,1102,2.9
09150,95231,97701,770,2.6
09160,112199,114101,472,1.7
09170,564526,576718,-1802,2.2
09180,278379,282602,888,1.5
09190,618762,637013,-4317,2.9
10001,182317,192690,1738,5.7
10003,570957,588093,-90,3
10005,238654,271134,6507,13.6
11001,670917,702250,-337,4.7
12001,279765,291782,-1141,4.3
12003,28122,29325,709,4.3
12005,174543,199718,5074,14.4
12007,28229,28075,345,-0.5
12009,608792,658447,11084,8.2
12011,1943497,2037472,-26339,4.8
12013,13704,13278,-149,-3.1
12015,188017,212122,5981,12.8
12017,154569,170174,5163,10.1
12019,218956,236760,3459,8.1
12021,377331,416233,-352,10.3
12023,69760,73977,514,6
12027,34089,36744,298,7.8
12029,16685,17614,515,5.6
12031,997826,1055159,1137,5.7
12033,322612,331275,1822,2.7
12035,116032,136744,5077,17.9
12037,12474,12979,392,4
12039,43408,44151,-88,1.7
12041,17885,20233,337,13.1
12043,12079,13132,318,8.7
12045,14259,15876,203,11.3
12047,13736,14334,621,4.4
12049,25341,26068,-56,2.9
12051,39723,46130,856,16.1
12053,195629,218150,5344,11.5
12055,101340,109778,2047,8.3
12057,1466320,1581426,-11188,7.8
12059,19569,19876,304,1.6
12061,160452,172139,1946,7.3
12063,47106,49980,1353,6.1
12065,14402,15921,422,10.5
12067,8230,8640,461,5
12069,386238,444204,15627,15
12071,765566,860959,5000,12.5
12073,293961,300488,-1730,2.2
12075,43065,47765,1156,10.9
12077,7806,7955,159,1.9
12079,17838,18364,195,2.9
12081,401644,458352,10615,14.1
12083,377464,428905,16105,13.6
12085,158669,165666,1225,4.4
12086,2695729,2838461,-67418,5.3
12087,82851,80908,-1374,-2.3
12089,91036,104376,2988,14.7
12091,212097,220483,-1847,4
12093,39656,42369,597,6.8
12095,1431720,1533646,-18097,7.1
12097,391163,468058,5329,19.7
12099,1494276,1582055,-7546,5.9
12101,566182,659114,20361,16.4
12103,959839,965870,-3973,0.6
12105,730179,852878,19745,16.8
12107,73386,77301,1177,5.3
12109,277105,334928,11661,20.9
12111,331461,390670,11634,17.9
12113,189022,207653,3578,9.9
12115,436256,476604,4434,9.2
12117,471472,494605,-2080,4.9
12119,130303,154693,4385,18.7
12121,43530,47536,1548,9.2
12123,21746,21843,11,0.4
12125,15433,15738,-133,2
20135,2679,2617,-12,-2.3
12127,555752,602772,9724,8.5
12129,33903,37115,636,9.5
12131,75891,89666,2881,18.2
12133,25314,26503,975,4.7
13001,18378,18669,98,1.6
13003,8312,8435,-2,1.5
13005,11113,11045,-94,-0.6
13007,2850,2732,1,-4.1
13009,43793,43644,343,-0.3
13011,18139,20318,430,12
13013,84006,96294,2632,14.6
13015,109321,117508,2191,7.5
13017,17166,16945,-160,-1.3
13019,18148,18666,120,2.9
13021,157038,157056,-129,0
13023,12525,12626,204,0.8
13025,18046,18795,334,4.2
13027,16271,16344,68,0.4
13029,45044,51105,842,13.5
13031,79918,85454,813,6.9
13033,24640,24472,64,-0.7
13035,25554,27127,282,6.2
13037,5574,5441,-25,-2.4
13039,54929,59099,814,7.6
13043,11026,11130,68,0.9
13045,119487,129911,1863,8.7
13047,68007,68940,387,1.4
13049,12533,13021,97,3.9
13051,295076,307336,-15,4.2
13053,9481,8548,-206,-9.8
13055,24929,25306,202,1.5
13057,268169,293513,4016,9.5
13059,128547,129995,-1584,1.1
13061,2829,2815,-40,-0.5
13063,299440,297703,-4723,-0.6
13065,6725,6871,-16,2.2
13067,766383,787538,-5616,2.8
13069,43058,43851,92,1.8
13071,45901,46977,-122,2.3
13073,156869,167472,1007,6.8
13075,17236,17984,89,4.3
13077,146759,158233,993,7.8
13079,12102,12349,112,2
13081,20056,19468,-185,-2.9
13083,16235,16068,11,-1
13085,27061,33748,1936,24.7
13087,29326,29391,259,0.2
13089,764630,770307,-11219,0.7
13091,19952,19630,-64,-1.6
13093,11159,11186,112,0.2
13095,85161,82418,-352,-3.2
13097,144678,151887,1601,5
13099,10796,10444,-86,-3.3
13101,3721,3698,-87,-0.6
13103,65192,73148,1363,12.2
13105,19665,20152,193,2.5
13107,22902,23224,86,1.4
13109,10795,10869,136,0.7
13111,25437,25854,222,1.6
13113,119512,125107,907,4.7
13115,98583,101390,739,2.8
13117,252911,280096,2322,10.7
13119,23477,25208,347,7.4
13121,1069333,1090354,-8120,2
13123,31422,33327,562,6.1
13125,2893,3008,77,4
13127,84490,86540,277,2.4
13129,57729,60765,851,5.3
13131,26227,26271,134,0.2
13133,19032,21091,442,10.8
13135,958378,1003869,-6958,4.7
13137,46140,49665,677,7.6
13139,203409,221745,1229,9
13141,8709,8683,43,-0.3
13143,30040,32404,401,7.9
13145,34900,36929,236,5.8
13147,25883,28052,551,8.4
13149,11445,12119,125,5.9
13151,241867,259315,2889,7.2
13153,164358,174897,1842,6.4
13155,9650,9155,72,-5.1
13157,76740,93825,4659,22.3
13159,14670,17219,672,17.4
13161,14802,15119,268,2.1
13163,15676,15019,-97,-4.2
13165,8663,8836,232,2
13167,9183,9178,-74,-0.1
13169,28399,29047,105,2.3
13171,18554,20690,275,11.5
13173,9929,10464,-59,5.4
13175,49542,50287,301,1.5
13177,33218,34073,43,2.6
13179,65339,68607,-732,5
13181,7702,8049,168,4.5
13183,16264,20439,662,25.7
13185,118432,122082,684,3.1
13187,33636,36016,750,7.1
13189,21613,21764,-87,0.7
13191,10984,11800,343,7.4
13193,12020,11831,9,-1.6
13195,30276,32771,376,8.2
13197,7528,7635,151,1.4
13199,20619,21439,512,4
13201,5992,5824,56,-2.8
13205,21676,20329,-401,-6.2
13207,28059,31437,904,12
13209,8569,8566,-167,0
13211,20206,21940,393,8.6
13213,40012,41316,253,3.3
13215,207015,201830,-1178,-2.5
13217,112897,124010,2711,9.8
13219,42025,44751,392,6.5
13221,14867,16172,360,8.8
13223,169576,188549,3590,11.2
13225,28042,29213,391,4.2
13227,33347,36580,677,9.7
13229,19746,20669,213,4.7
13231,18943,20669,293,9.1
13233,42922,44610,110,3.9
13235,9874,10180,90,3.1
20137,5452,5335,16,-2.1
13237,22166,23383,222,5.5
13239,2224,2323,52,4.5
13241,16913,17711,196,4.7
13243,6364,6085,12,-4.4
13245,206557,206303,-341,-0.1
13247,93617,97610,764,4.3
13249,4538,4503,-14,-0.8
13251,14079,14325,157,1.7
13253,9133,9274,210,1.5
13255,67465,70292,159,4.2
13257,26816,27498,298,2.5
13259,5294,4809,18,-9.2
13261,29522,28972,4,-1.9
13263,5725,5755,102,0.5
13265,1558,1620,40,4
13267,24325,24275,-57,-0.2
13269,7819,7783,10,-0.5
13271,12453,11000,38,-11.7
13273,9140,8698,52,-4.8
13275,45786,46054,382,0.6
13277,41391,41708,-56,0.8
13279,27085,27488,103,1.5
13281,12551,13184,285,5
13283,6393,6420,55,0.4
13285,69348,71513,101,3.1
13287,8985,9023,86,0.4
13289,8011,7728,132,-3.5
13291,24801,27601,675,11.3
13293,27740,28358,223,2.2
13295,67747,69340,325,2.4
13297,97136,109792,2629,13
13299,36231,36222,-40,0
13301,5212,5148,86,-1.2
13303,19957,19834,-14,-0.6
13305,30146,32132,703,6.6
13307,2352,2315,-57,-1.6
13309,7451,7076,-21,-5
13311,28114,29668,674,5.5
13313,102794,105070,68,2.2
13315,8792,8904,135,1.3
13317,9551,9567,49,0.2
13319,8839,8667,-41,-1.9
13321,20734,20262,68,-2.3
15001,200754,209790,624,4.5
15003,1012407,998747,-6890,-1.3
15005,80,81,0,1.2
15007,73209,73840,-488,0.9
15009,164802,163688,-2567,-0.7
16001,498301,535799,5240,7.5
16003,4425,4998,116,12.9
16005,87281,91010,-11,4.3
16007,6367,6779,-39,6.5
16009,9579,10529,132,9.9
16011,48099,50889,308,5.8
16013,24345,25261,-138,3.8
16015,7663,8581,-13,12
16017,47411,53955,1170,13.8
16019,124736,133644,1215,7.1
16021,12141,14040,269,15.6
16023,2583,2735,-7,5.9
16025,1084,1247,6,15
16027,233031,266892,5408,14.5
16029,7016,7239,-18,3.2
16031,24755,25976,-223,4.9
16033,793,794,-18,0.1
16035,8752,9151,39,4.6
16037,4269,4597,65,7.7
16039,28680,29729,-385,3.7
16041,14283,15638,28,9.5
16043,13419,14399,10,7.3
16045,19278,21857,165,13.4
16047,15657,16189,-61,3.4
16049,16590,17912,45,8
16051,31082,34854,281,12.1
16053,24268,26056,53,7.4
16055,172791,188323,2896,9
16057,39638,42180,-107,6.4
16059,7958,8397,-1,5.5
16061,3524,3728,1,5.8
16063,5136,5556,56,8.2
16065,52912,55549,-1115,5
16067,21671,22691,-22,4.7
16069,42148,42847,100,1.7
16071,4564,4976,15,9
16073,11999,12748,-90,6.2
16075,25588,27662,338,8.1
16077,7883,8381,-56,6.3
16079,13205,14074,48,6.6
16081,11734,12932,159,10.2
16083,90374,96509,407,6.8
16085,11842,12777,146,7.9
16087,10560,11539,-29,9.3
17001,65622,64109,-277,-2.3
17003,5172,4594,-77,-11.2
17005,16856,16576,1,-1.7
17007,53339,53313,-53,0
17009,6237,6307,-5,1.1
17011,33225,32486,-178,-2.2
17013,4403,4224,-22,-4.1
17015,15678,15444,0,-1.5
17017,12976,12713,-339,-2
17019,206252,212374,-3475,3
17021,33982,33247,-6,-2.2
17023,15448,15076,-45,-2.4
17025,13273,12821,-63,-3.4
17027,36913,37087,81,0.5
17029,47084,46423,-191,-1.4
17031,5267072,5182617,-37193,-1.6
17033,18637,18388,138,-1.3
17035,10437,10305,22,-1.3
17037,100368,101335,-41,1
17039,15464,15319,38,-0.9
17041,19780,19824,-28,0.2
17043,931508,937142,-6601,0.6
17045,16808,16398,57,-2.4
17047,6209,5984,-14,-3.6
17049,34707,34602,8,-0.3
17051,21485,21157,-21,-1.5
17053,13511,13451,76,-0.4
17055,37717,37033,-6,-1.8
17057,33554,32510,37,-3.1
17059,4945,4690,35,-5.2
17061,11935,11417,-102,-4.3
17063,52535,53835,84,2.5
17065,7993,7818,-21,-2.2
17067,17558,17008,-190,-3.1
17069,3646,3550,6,-2.6
17071,6335,6048,-44,-4.5
17073,49178,48177,-77,-2
17075,26966,26067,165,-3.3
17077,53264,53199,-199,-0.1
17079,9255,9092,-54,-1.8
17081,37000,36107,-132,-2.4
17083,21492,21150,85,-1.6
17085,22098,21528,-62,-2.6
17087,13322,13320,24,0
17089,516403,520997,-974,0.9
17091,107403,106410,-346,-0.9
17093,132351,143171,1586,8.2
17095,49806,48716,-107,-2.2
17097,713426,718604,-4601,0.7
17099,109409,108390,-36,-0.9
17101,15283,14801,11,-3.2
17103,34063,33544,0,-1.5
17105,35816,35375,90,-1.2
17107,27905,27518,107,-1.4
17109,27116,26662,-344,-1.7
17111,309973,315959,1297,1.9
17113,171236,172069,-1047,0.5
17115,103764,100737,-276,-2.9
17117,44924,43895,41,-2.3
17119,265749,263017,107,-1
17121,37657,36437,-67,-3.2
17123,11710,11552,-36,-1.3
17125,13053,12543,13,-3.9
17127,14137,13627,10,-3.6
17129,12272,11963,-50,-2.5
17131,15632,15292,-117,-2.2
17133,34953,34969,37,0
17135,28242,27615,-22,-2.2
17137,33494,32618,-38,-2.6
17139,14492,14365,91,-0.9
17141,51762,51345,-108,-0.8
20139,15740,15737,-11,0
17143,181512,179630,-700,-1
17145,20892,20272,-150,-3
17147,16683,16628,-73,-0.3
17149,14637,14258,-27,-2.6
17151,3758,3703,38,-1.5
17153,5179,4879,-51,-5.8
17155,5631,5633,48,0
17157,30084,29903,-100,-0.6
17159,15805,15362,-79,-2.8
17161,144360,142731,-398,-1.1
17163,257070,251149,-865,-2.3
17165,23741,22826,-9,-3.9
17167,196223,194345,-555,-1
17169,6870,6750,46,-1.7
17171,5074,4880,32,-3.8
17173,20907,20542,36,-1.7
17175,5388,5272,10,-2.2
17177,44573,43088,-74,-3.3
17179,131296,129821,209,-1.1
17181,17298,16886,49,-2.4
17183,74010,71106,-107,-3.9
17185,11315,10979,-9,-3
17187,16832,16217,-71,-3.7
17189,13731,13535,18,-1.4
17191,16161,15928,26,-1.4
17193,13814,13395,36,-3
17195,55574,54657,147,-1.7
20131,10263,10062,-36,-2
17197,696909,708583,-431,1.7
17199,67121,67064,422,-0.1
17201,284963,283790,-88,-0.4
17203,38407,38290,-127,-0.3
18001,35865,36584,-268,2
18003,386123,399295,601,3.4
18005,82215,84741,-430,3.1
18007,8707,8853,61,1.7
18009,12109,11816,-4,-2.4
18011,71133,78773,2194,10.7
18013,15480,15650,66,1.1
18015,20331,20747,137,2
18017,37794,37559,-401,-0.6
18019,121377,127479,1667,5
18021,26427,26424,37,0
18023,33172,32895,-183,-0.8
18025,10522,10523,169,0
18027,33368,34097,-81,2.2
18029,50756,51435,141,1.3
18031,26476,26421,46,-0.2
18033,43306,44330,38,2.4
18035,111757,112951,467,1.1
18037,43644,43629,-190,0
18039,207009,207436,-1462,0.2
18041,23356,23335,246,-0.1
18043,80515,81931,1121,1.8
18045,16493,16833,210,2.1
18047,22789,23136,-10,1.5
18049,20468,20004,-248,-2.3
18051,33058,33038,73,-0.1
18053,66507,66458,80,-0.1
18055,30805,31219,202,1.3
18057,349031,379704,2841,8.8
18059,80180,88810,2458,10.8
18061,39673,39978,134,0.8
18063,175615,190629,2045,8.5
18065,48910,49081,260,0.3
18067,83587,84082,394,0.6
18069,36642,36944,86,0.8
18071,46479,47420,-31,2
18073,32893,33387,-56,1.5
18075,20481,20164,106,-1.5
18077,33103,32921,71,-0.5
18079,27579,27634,30,0.2
18081,162263,170614,1321,5.1
18083,36257,35872,-165,-1.1
18085,80161,80669,34,0.6
18087,40533,41122,-297,1.5
18089,498963,502955,1130,0.8
18091,112287,111348,-107,-0.8
18093,45009,45192,327,0.4
18095,130160,134222,1577,3.1
18097,976706,981628,-10500,0.5
18099,46073,46464,100,0.8
18101,9810,9864,13,0.6
18103,35906,35613,199,-0.8
18105,140645,140702,-1775,0
18107,37943,38633,37,1.8
18109,71842,73825,810,2.8
18111,13792,14131,34,2.5
18113,47468,47811,108,0.7
18115,5925,5996,37,1.2
18117,19853,19824,152,-0.1
18119,21324,21851,169,2.5
18121,16167,16508,8,2.1
18123,19157,19320,50,0.9
18125,12252,12116,104,-1.1
18127,173338,175860,549,1.5
18129,25185,25067,55,-0.5
18131,12520,12421,8,-0.8
18133,36682,37804,214,3.1
18135,24415,24337,-34,-0.3
18137,28985,29214,87,0.8
18139,16769,16759,-34,-0.1
18141,272688,273744,-1797,0.4
18143,24376,24751,209,1.5
18145,45066,45654,229,1.3
18147,19833,20192,206,1.8
18149,23399,23463,139,0.3
18151,34447,34862,-59,1.2
18153,20819,20768,-9,-0.2
18155,9742,9988,78,2.5
18157,186391,191650,-2587,2.8
18159,15388,15324,33,-0.4
18161,7079,6884,-26,-2.8
18163,180345,180387,53,0
18165,15400,15516,206,0.8
18167,106133,106166,-51,0
18169,30926,30777,85,-0.5
18171,8425,8451,-21,0.3
18173,63994,66339,249,3.7
18175,28233,28345,239,0.4
20133,15905,15552,109,-2.2
18177,66514,66410,197,-0.2
18179,28160,28798,112,2.3
18181,24674,24833,-88,0.6
18183,34340,34885,43,1.6
19001,7489,7431,50,-0.8
19003,3710,3606,52,-2.8
19005,14069,14184,-101,0.8
19007,12283,12106,16,-1.4
19009,5680,5562,40,-2.1
19011,25550,25799,39,1
19013,131049,132348,-223,1
19015,26702,26729,212,0.1
19017,25007,25328,19,1.3
19019,20606,20733,-100,0.6
19021,20808,20816,-321,0
19023,14334,14156,-66,-1.2
19025,9895,9711,-65,-1.9
19027,20734,20407,-63,-1.6
19029,13115,13024,-44,-0.7
19031,18483,18231,0,-1.4
19033,43021,42493,-26,-1.2
19035,11658,11658,-2,0
19037,11985,11719,-32,-2.2
19039,9730,9524,-97,-2.1
19041,16337,16474,-37,0.8
19043,17034,16931,-4,-0.6
19045,46432,46015,-41,-0.9
19047,16492,16378,-6,-0.7
19049,100544,115343,2079,14.7
19051,9115,9193,-74,0.9
19053,7733,7656,-109,-1
19055,17454,17609,23,0.9
19057,38856,38411,-73,-1.1
19059,17773,18158,95,2.2
19061,99310,99242,-73,-0.1
19063,9342,9162,-112,-1.9
19065,19448,19152,-97,-1.5
19067,15593,15008,-194,-3.8
19069,9995,10024,40,0.3
19071,6567,6494,50,-1.1
19073,8750,8662,85,-1
19075,12347,12405,-24,0.5
19077,10619,10774,-22,1.5
19079,15011,14856,-97,-1
19081,10758,10616,-17,-1.3
19083,16826,16464,-43,-2.2
19085,14567,14626,-21,0.4
19087,20447,19361,-198,-5.3
19089,9497,9360,-4,-1.4
19091,9597,9617,-24,0.2
19093,7029,6810,-38,-3.1
19095,16653,16423,49,-1.4
19097,19453,19390,33,-0.3
19099,37818,38107,-17,0.8
19101,15699,15781,-259,0.5
19103,153052,160080,-679,4.6
19105,20654,21116,225,2.2
19107,10012,9855,-92,-1.6
19109,14791,14408,0,-2.6
19111,33529,32376,13,-3.4
19113,230433,231762,263,0.6
19115,10825,10630,27,-1.8
19117,8620,8758,-9,1.6
19119,11923,12378,48,3.8
19121,16628,17161,112,3.2
19123,22162,22034,-8,-0.6
19125,33414,34048,294,1.9
19127,40091,40392,-247,0.8
19129,14418,14717,133,2.1
19131,10586,10632,50,0.4
19133,8742,8429,-35,-3.6
19135,7596,7373,-87,-2.9
19137,10330,10063,-48,-2.6
19139,43155,42132,-283,-2.4
19141,14149,14260,74,0.8
19143,6200,6036,-13,-2.6
19145,15200,15038,99,-1.1
19147,8993,8809,33,-2
19149,25694,25825,-91,0.5
19151,7068,7006,-64,-0.9
19153,493039,516185,1216,4.7
19155,93655,93529,9,-0.1
19157,18628,18454,-73,-0.9
19159,4643,4608,4,-0.8
19161,9800,9533,-88,-2.7
19163,174617,175601,163,0.6
19165,11727,11821,-1,0.8
19167,35897,36554,-250,1.8
19169,98651,102498,-536,3.9
19171,17044,16738,-67,-1.8
19173,5861,5825,-83,-0.6
19175,12128,11955,65,-1.4
19177,7218,7217,-61,0
19179,35327,35681,-239,1
19181,52591,56343,889,7.1
19183,22541,22631,-4,0.4
19185,6502,6622,65,1.8
19187,36991,36909,15,-0.2
19189,10656,10383,-134,-2.6
19191,20051,19723,-13,-1.6
19193,105952,107257,-771,1.2
19195,7430,7307,-32,-1.7
19197,12923,12729,-178,-1.5
20001,12537,12425,-70,-0.9
20003,7841,7908,95,0.9
20005,16325,16249,67,-0.5
20007,4203,4070,2,-3.2
20009,25426,24835,-76,-2.3
20011,14333,14424,17,0.6
20013,9479,9142,-113,-3.6
20015,67389,69158,300,2.6
20017,2575,2507,-39,-2.6
20019,3380,3339,12,-1.2
20021,19301,19133,198,-0.9
20023,2612,2646,6,1.3
20025,1977,1873,25,-5.3
20027,8127,7969,24,-1.9
20029,9018,8723,-78,-3.3
20031,8362,8301,36,-0.7
20033,1682,1694,13,0.7
20035,34535,34186,-45,-1
20037,38951,38904,-229,-0.1
20039,2747,2716,-12,-1.1
20041,18367,18621,280,1.4
20043,7468,7575,69,1.4
20045,118787,121989,-643,2.7
20047,2884,2731,7,-5.3
20049,2472,2436,-20,-1.5
20051,28951,29007,-104,0.2
20053,6371,6316,-67,-0.9
20055,38310,38354,-643,0.1
20057,34218,34072,-600,-0.4
20059,26015,26273,9,1
20061,36766,35459,-686,-3.6
20063,2716,2658,-70,-2.1
20065,2406,2370,1,-1.5
20067,7326,7097,-165,-3.1
20069,5640,5730,-93,1.6
20071,1275,1152,-8,-9.6
20073,5975,5871,-14,-1.7
20075,2487,2488,-52,0
20077,5467,5413,32,-1
20079,33996,33642,19,-1
20081,3760,3591,-101,-4.5
20083,1738,1673,3,-3.7
20085,13238,13525,40,2.2
20087,18325,18332,56,0
20089,2929,2899,-6,-1
20091,611161,632276,-1048,3.5
20093,3960,3808,-16,-3.8
20095,7420,6946,21,-6.4
20097,2453,2436,-2,-0.7
20099,20160,19692,-95,-2.3
20101,1570,1482,-28,-5.6
20103,81961,84670,375,3.3
20105,2946,2928,6,-0.6
20107,9591,9841,-8,2.6
20109,2743,2694,30,-1.8
20111,32113,32520,-97,1.3
20113,30184,30334,17,0.5
20115,11787,11670,-77,-1
20117,10022,9950,21,-0.7
20119,4062,3892,-45,-4.2
20121,34219,35737,349,4.4
20123,5778,5803,12,0.4
20125,31400,30459,-232,-3
20141,3491,3353,-67,-4
20143,5731,5853,29,2.1
20145,6248,6012,-28,-3.8
20147,4959,4733,0,-4.6
20149,25421,26876,104,5.7
20151,9139,9137,15,0
20153,2574,2432,-28,-5.5
20155,61894,61417,95,-0.8
20157,4672,4613,32,-1.3
20159,9385,9284,-20,-1.1
20161,72011,72557,-297,0.8
20163,4886,4748,-35,-2.8
20165,2944,2810,10,-4.6
20167,6673,6620,-7,-0.8
20169,54248,53459,-84,-1.5
20171,5133,4914,-82,-4.3
20173,524837,536081,758,2.1
20175,21857,21276,-365,-2.7
20177,178711,177942,57,-0.4
20179,2443,2397,2,-1.9
20181,5902,5796,22,-1.8
20183,3559,3541,37,-0.5
20185,4052,3901,-39,-3.7
20187,2085,2071,-47,-0.7
20189,5246,5035,-70,-4
20191,22323,22336,0,0.1
20193,7933,7802,-119,-1.7
20195,2804,2774,12,-1.1
20197,6890,7112,2,3.2
20199,1512,1472,-30,-2.6
20201,5526,5572,-31,0.8
20203,2149,2072,-77,-3.6
20205,8586,8398,-1,-2.2
20207,3099,3111,-1,0.4
20209,168920,169418,-968,0.3
21001,18881,19239,-65,1.9
21003,20572,22037,225,7.1
21005,23892,24883,224,4.1
21007,7714,7626,44,-1.1
21009,44511,45609,283,2.5
21011,12717,12951,-16,1.8
21013,23982,23051,-34,-3.9
21015,136476,144135,693,5.6
21017,20284,20333,114,0.2
21019,48206,47777,288,-0.9
21021,30761,31394,223,2.1
21023,8405,8497,67,1.1
21025,13701,12804,-95,-6.5
21027,20445,21221,156,3.8
21029,82364,85802,671,4.2
21031,12317,12551,35,1.9
21033,12636,12611,29,-0.2
21035,37601,38975,322,3.7
21037,93134,94008,-174,0.9
21039,4805,4777,37,-0.6
21041,10835,11111,84,2.5
21043,26614,26098,55,-1.9
21045,15921,15948,111,0.2
21047,72748,71006,-853,-2.4
21049,37047,37673,400,1.7
21051,20309,19592,-15,-3.5
21053,9228,9183,-15,-0.5
21055,9003,8982,-8,-0.2
21057,5859,6047,89,3.2
21059,103398,104457,-168,1
21061,12147,12635,215,4
21063,7335,7263,26,-1
21065,14160,14002,124,-1.1
21067,322628,329437,-2020,2.1
21069,15098,15591,212,3.3
21071,35802,34532,-100,-3.5
21073,51603,52442,549,1.6
21075,6511,6282,-53,-3.5
21077,8675,8805,-34,1.5
21079,16964,18040,129,6.3
21081,25014,25722,35,2.8
21083,36530,36821,101,0.8
21085,26456,27070,258,2.3
21087,11131,11552,133,3.8
21089,35890,35273,131,-1.7
21091,9104,9013,96,-1
21093,110840,112826,-118,1.8
21095,26758,25052,-52,-6.4
21097,18721,19525,113,4.3
21099,19296,19923,163,3.2
21101,44673,44175,33,-1.1
21103,15693,16198,206,3.2
21105,4530,4393,14,-3
21107,45365,45218,146,-0.3
21109,12968,13358,204,3
21111,782896,793881,-4606,1.4
21113,53019,56495,282,6.6
21115,22648,22098,100,-2.4
21117,169276,174862,668,3.3
21119,14163,13438,-76,-5.1
21121,30185,29657,60,-1.7
21123,14877,15128,-158,1.7
21125,62735,63353,0,1
21127,16302,15798,-62,-3.1
21129,7364,7313,53,-0.7
21131,10471,9729,-50,-7.1
21133,21468,20139,-95,-6.2
21135,13088,12875,-38,-1.6
21137,24248,24910,234,2.7
21139,8872,8815,-35,-0.6
21141,27515,28467,208,3.5
21143,8678,9078,-37,4.6
21145,67926,67550,188,-0.6
21147,16852,16824,-154,-0.2
21149,9133,9126,76,-0.1
21151,92990,99582,1626,7.1
21153,11605,11118,-11,-4.2
21155,19594,19851,-1,1.3
21157,31688,31734,150,0.1
21159,11250,10696,-167,-4.9
21161,17137,16956,86,-1.1
21163,30028,30442,284,1.4
21165,6142,6341,81,3.2
21167,22652,23515,370,3.8
21169,10285,10558,38,2.7
21171,11320,11163,-70,-1.4
21173,28105,28771,278,2.4
21175,13732,14300,-175,4.1
21177,30897,30512,89,-1.2
21179,46779,48706,441,4.1
21181,7540,7816,140,3.7
21183,23744,23933,163,0.8
21185,67696,70525,-28,4.2
21187,11302,11435,154,1.2
21189,4032,3928,-12,-2.6
21191,14647,14844,51,1.3
21193,28369,26739,-138,-5.7
21195,58447,55430,-268,-5.2
21197,13099,12928,-53,-1.3
21199,65112,66842,797,2.7
21201,2184,2382,54,9.1
21203,16063,16226,172,1
21205,24721,24675,85,-0.2
21207,17997,18458,145,2.6
21209,57535,61700,673,7.2
21211,48255,50124,219,3.9
21213,19629,20350,123,3.7
21215,19503,20823,193,6.8
21217,25994,26809,214,3.1
21219,12283,12757,125,3.9
21221,14081,14559,224,3.4
21223,8463,8591,-5,1.5
21225,13650,13178,94,-3.5
21227,135033,147936,1093,9.6
21229,12038,12269,43,1.9
21231,19543,19629,31,0.4
21233,13022,12854,36,-1.3
21235,36694,37233,252,1.5
21237,6557,6364,-40,-2.9
21239,26907,27728,-38,3.1
22001,57481,56604,-127,-1.5
22003,22688,22501,34,-0.8
22005,126983,133534,407,5.2
22007,20963,20050,-129,-4.4
22009,39640,38373,-161,-3.2
22011,36608,36695,-249,0.2
22013,12918,12412,-25,-3.9
22015,128759,131102,-424,1.8
22017,236912,224893,-1519,-5.1
22019,216493,206861,1155,-4.4
22021,9616,9393,54,-2.3
22023,5624,4678,-88,-16.8
22025,8847,8280,-57,-6.4
22027,14108,13537,-42,-4
22029,18570,17797,-214,-4.2
22031,26851,27274,137,1.6
22033,455916,453022,-3095,-0.6
22035,7394,6892,47,-6.8
22037,19442,19112,-97,-1.7
22039,32301,31745,-497,-1.7
22041,19714,19107,-94,-3.1
22043,22153,22109,98,-0.2
22045,70064,67540,-293,-3.6
22047,30071,29766,-138,-1
22049,14996,14797,-82,-1.3
22051,439747,427253,-5126,-2.8
22053,32212,31436,-127,-2.4
22055,242178,254241,1119,5
22057,97446,95342,-59,-2.2
22059,14829,14702,-69,-0.9
22061,48306,48243,-6,-0.1
22063,142846,152886,1208,7
22065,9918,9093,-145,-8.3
22067,25460,23787,-146,-6.6
22069,37391,35982,-316,-3.8
22071,383374,362701,-4950,-5.4
22073,160114,157874,-354,-1.4
22075,23457,22289,-153,-5
22077,20674,19845,-76,-4
22079,129658,125899,-962,-2.9
22081,7585,7238,-113,-4.6
22083,20030,19643,-50,-1.9
22085,22108,21746,-121,-1.6
22087,43859,44783,-168,2.1
22089,52516,50400,-191,-4
22091,10900,10857,34,-0.4
22093,20119,19110,-70,-5
22095,42359,39694,-10,-6.3
22097,82310,80869,-541,-1.8
22099,51614,51218,-59,-0.8
22101,49155,46799,-473,-4.8
22103,265007,277615,591,4.8
22105,133642,139823,1224,4.6
22107,4108,3844,17,-6.4
22109,109413,103864,-949,-5.1
22111,21100,20617,-65,-2.3
22113,56954,57641,242,1.2
22115,48624,45819,-882,-5.8
22117,45354,45090,147,-0.6
22119,36887,35184,-130,-4.6
22121,27262,28425,-45,4.3
22123,9693,9254,10,-4.5
22125,15262,15155,-81,-0.7
22127,13718,13405,-161,-2.3
23001,111178,115272,209,3.7
23003,67053,66776,59,-0.4
23005,303606,313809,187,3.4
23007,29468,30902,230,4.9
23009,55512,56946,308,2.6
23011,124723,128461,631,3
23013,40663,40981,164,0.8
23015,35256,36491,258,3.5
23017,57892,60039,222,3.7
23019,152179,156840,555,3.1
23021,16801,17432,140,3.8
23023,36730,37582,144,2.3
23025,50473,51338,471,1.7
23027,39666,40617,306,2.4
23029,31108,31383,231,0.9
23031,212263,220143,1214,3.7
24001,67950,67097,194,-1.3
24003,593412,602350,-2032,1.5
24005,853338,852425,-2881,-0.1
24009,92921,94913,-156,2.1
24011,33277,34248,130,2.9
24013,172910,177108,19,2.4
24015,103805,106305,529,2.4
24017,166692,174478,1492,4.7
24019,32523,33138,257,1.9
24021,272787,299317,2546,9.7
24023,28797,28393,56,-1.4
24025,261245,265514,250,1.6
24027,332821,339668,-1271,2.1
24029,19124,19557,142,2.3
24031,1060856,1082273,-9380,2
24033,965398,966629,-7901,0.1
24035,50033,53688,767,7.3
24037,114006,116469,416,2.2
24039,24567,25241,172,2.7
24041,37522,38244,240,1.9
24043,154677,157228,1068,1.6
24045,103563,106329,-197,2.7
24047,52522,54337,310,3.5
24510,583189,568271,-3279,-2.6
25001,228060,232570,46,2
25003,129812,128726,196,-0.8
25005,576776,588593,349,2
25007,20580,21061,-42,2.3
25009,807781,823938,-3226,2
25011,70934,70871,129,-0.1
25013,463714,464151,-748,0.1
25015,148589,165399,-966,11.3
25017,1627578,1668956,-9643,2.5
25019,14239,14670,-58,3
25021,723750,740754,-1452,2.3
25023,528454,542090,710,2.6
25025,797239,793144,-10971,-0.5
25027,857092,881248,-1804,2.8
26001,10185,10624,190,4.3
26003,8839,8695,8,-1.6
26005,120661,122429,333,1.5
26007,28879,28903,207,0.1
26009,23460,24536,156,4.6
26011,15009,15087,34,0.5
26013,8141,8169,14,0.3
26015,62607,64025,90,2.3
26017,103747,102651,170,-1.1
26019,17993,18520,117,2.9
26021,154426,152703,-267,-1.1
26023,44878,46187,63,2.9
26025,134219,133785,183,-0.3
26027,51553,51550,51,0
26029,26035,26105,138,0.3
26031,25585,25964,26,1.5
26033,36787,36253,-39,-1.5
26035,30843,31405,185,1.8
26037,79171,80050,75,1.1
26039,12987,13599,149,4.7
26041,36874,36687,82,-0.5
26043,25907,25995,31,0.3
26045,109199,109494,114,0.3
26047,34113,33949,69,-0.5
26049,405793,402279,280,-0.9
26051,25370,25995,187,2.5
26053,14346,14217,82,-0.9
26055,95427,96625,200,1.3
26057,41687,41372,5,-0.8
26059,45730,45590,41,-0.3
26061,37256,38041,-171,2.1
26063,31372,30780,-19,-1.9
26065,285007,290427,-1559,1.9
26067,66891,66250,106,-1
26069,25189,25361,249,0.7
26071,11619,11709,94,0.8
26073,64521,65072,282,0.9
26075,160223,160233,113,0
26077,261814,264780,-676,1.1
26079,17929,18618,293,3.8
26081,658524,673002,-1019,2.2
26083,2059,2161,-10,5
26085,12098,13005,340,7.5
26087,88587,89168,343,0.7
26089,22308,22871,43,2.5
26091,99318,97746,314,-1.6
26093,193989,196976,79,1.5
26095,6410,6328,-6,-1.3
26097,10811,11144,164,3.1
26099,880294,886175,1588,0.7
26101,25070,25519,210,1.8
26103,66544,67979,372,2.2
26105,29037,29093,63,0.2
26107,40426,41947,214,3.8
26109,23450,23050,106,-1.7
26111,83493,84022,-154,0.6
26113,15067,15239,-80,1.1
26115,154909,156045,593,0.7
26117,66659,69314,619,4
26119,9170,9828,201,7.2
26121,174794,177428,841,1.5
26123,50095,51504,322,2.8
26125,1272526,1296888,-4432,1.9
26127,26716,27014,-24,1.1
26129,20785,20985,129,1
26131,5803,5824,51,0.4
26133,22902,23484,226,2.5
26135,8235,8596,104,4.4
26137,25135,26083,334,3.8
26139,296899,306235,1113,3.1
26141,12999,13230,109,1.8
26143,23465,23932,283,2
26145,189883,187714,163,-1.1
26147,160394,160308,366,-0.1
26149,60942,61171,-65,0.4
26151,40504,40293,8,-0.5
26153,8057,8178,67,1.5
26155,68004,67982,107,0
26157,53311,52757,69,-1
26159,75566,76129,50,0.7
26161,371849,373875,-3718,0.5
26163,1789655,1771063,-9570,-1
26165,33689,34460,145,2.3
27001,15714,16335,292,4
27003,364502,376840,601,3.4
27005,35205,35444,151,0.7
27007,46246,46762,59,1.1
27009,41358,41881,48,1.3
27011,5160,5067,-1,-1.8
27013,69196,70700,-374,2.2
27015,25911,25710,-24,-0.8
27017,36187,36745,154,1.5
27019,107307,112628,638,5
27021,30162,31442,218,4.2
27023,12610,12299,-49,-2.5
27025,56718,59105,272,4.2
27027,65359,66848,334,2.3
27029,8566,8630,-62,0.7
27031,5599,5571,-73,-0.5
27033,11521,11338,-130,-1.6
27035,66285,68642,416,3.6
27037,440436,453156,986,2.9
27039,20888,21242,-19,1.7
27041,39093,39933,119,2.1
27043,13896,13886,-7,-0.1
27045,21245,21502,26,1.2
27047,30891,30314,17,-1.9
27049,47579,47982,-92,0.8
27051,6090,6109,-28,0.3
35041,19153,18713,-178,-2.3
27053,1281722,1273334,-4629,-0.7
27055,18823,18352,-25,-2.5
27057,21389,22050,78,3.1
27059,41390,43687,352,5.5
27061,45043,45442,89,0.9
27063,9990,9861,-30,-1.3
27065,16058,16608,-4,3.4
27067,43723,44674,-322,2.2
27069,4190,3992,-6,-4.7
27071,12032,11594,-70,-3.6
27073,6700,6636,-7,-1
27075,10911,10698,-65,-2
27077,3770,3797,1,0.7
27079,28648,29458,6,2.8
27081,5639,5564,7,-1.3
27083,25426,25577,-93,0.6
27085,36751,36780,-99,0.1
27087,5391,5296,-64,-1.8
27089,9043,8771,-43,-3
27091,19993,19561,-126,-2.2
27093,23433,23491,-33,0.2
27095,26456,27577,230,4.2
27097,34003,34520,163,1.5
27099,40062,40900,-19,2.1
27101,8166,8044,-54,-1.5
27103,34498,34493,21,0
27105,22207,21969,-327,-1.1
27107,6436,6284,-8,-2.4
27109,163041,166424,-500,2.1
27111,60068,60884,223,1.4
27113,13950,13652,-76,-2.1
27115,28891,30319,233,4.9
27117,9414,9100,-98,-3.3
27119,31081,30413,56,-2.1
27121,11330,11495,78,1.5
27123,551739,542015,-3292,-1.8
27125,3942,3882,-25,-1.5
27127,15422,15254,-119,-1.1
27129,14686,14453,-68,-1.6
27131,67100,69025,-124,2.9
27133,9687,9525,-39,-1.7
27135,15310,15265,-68,-0.3
27137,200083,200794,426,0.4
27139,151356,157206,-139,3.9
27141,97589,103059,43,5.6
27143,14801,15194,13,2.7
27145,158488,163997,-481,3.5
27147,37381,37434,-156,0.1
27149,9664,9819,-143,1.6
27151,9816,9666,-44,-1.5
27153,25290,25955,12,2.6
27155,3360,3134,-13,-6.7
27157,21399,21574,-102,0.8
27159,14120,14437,164,2.2
27161,18955,18684,-214,-1.4
27163,268400,283960,3019,5.8
27165,11238,11204,-117,-0.3
27167,6480,6268,-24,-3.3
27169,49672,49973,177,0.6
27171,141875,154593,1945,9
27173,9490,9373,-103,-1.2
28001,29427,28674,-706,-2.6
28003,34732,34228,260,-1.5
28005,12702,12451,59,-2
28007,17817,17222,-35,-3.3
28009,7669,7566,92,-1.3
28011,30843,28395,-345,-7.9
28013,13216,12754,4,-3.5
28015,9940,9378,-55,-5.7
28017,17083,16774,4,-1.8
28019,8207,8091,48,-1.4
28021,9096,8122,-279,-10.7
28023,15547,15155,-17,-2.5
28025,18621,18213,-18,-2.2
28027,21228,20105,-323,-5.3
28029,28271,27536,-242,-2.6
28031,18301,18015,22,-1.6
28033,186129,195871,1843,5.2
28035,78212,78435,-306,0.3
28037,7661,7516,-49,-1.9
28039,24367,25880,256,6.2
28041,13529,13675,48,1.1
28043,21577,20931,-95,-3
28045,46130,46492,389,0.8
28047,208835,213730,1253,2.3
28049,226772,211975,-3395,-6.5
28051,16876,15560,-204,-7.8
28053,7735,7121,-96,-7.9
28055,1325,1295,18,-2.3
28057,23865,24198,76,1.4
28059,143378,147002,551,2.5
28061,16352,15799,-68,-3.4
28063,7245,6900,-67,-4.8
28065,11274,11059,117,-1.9
28067,67173,65837,-251,-2
28069,8962,8562,-16,-4.5
28071,55916,59843,177,7
28073,64393,66734,307,3.6
28075,72676,70588,-449,-2.9
28077,11984,11672,14,-2.6
28079,21250,21462,-45,1
28081,83319,83012,8,-0.4
28083,28341,26157,-428,-7.7
28085,34844,34956,139,0.3
28087,58783,57210,-334,-2.7
28089,109252,114247,288,4.6
28091,24376,24008,40,-1.5
28093,33783,34374,353,1.7
28095,34135,33483,-114,-1.9
28097,9793,9411,-113,-3.9
28099,29003,28973,-32,-0.1
28101,21254,21063,-2,-0.9
28103,10226,9825,-99,-3.9
28105,51705,51965,-513,0.5
28107,33170,32764,154,-1.2
28109,56207,59030,804,5
28111,11459,11406,-26,-0.5
28113,40193,38980,-213,-3
28115,31195,32014,64,2.6
28117,24974,25489,125,2.1
28119,6153,5542,-39,-9.9
28121,157175,160573,-266,2.2
28123,27977,27666,-187,-1.1
28125,3774,3234,-135,-14.3
28127,25890,25597,-4,-1.1
28129,14205,14051,-22,-1.1
28131,18329,19569,526,6.8
28133,25702,23029,-836,-10.4
28135,12647,10921,-551,-13.6
28137,28119,28551,281,1.5
28139,21737,21423,39,-1.4
28141,18854,18553,161,-1.6
28143,9734,9157,-261,-5.9
28145,27814,28363,61,2
28147,13873,13839,37,-0.2
28149,44550,42105,-214,-5.5
28151,44648,41181,-663,-7.8
28153,19807,19749,-31,-0.3
28155,9904,10039,121,1.4
28157,8524,7820,-110,-8.3
28159,17686,17418,-3,-1.5
28161,12436,12458,143,0.2
28163,26670,23024,-1564,-13.7
29001,25272,25660,126,1.5
29003,18102,18091,-11,-0.1
29005,5305,5139,56,-3.1
29007,24781,24304,1,-1.9
29009,34542,35618,310,3.1
29011,11623,11717,-17,0.8
29013,16053,16394,185,2.1
29015,19425,20614,194,6.1
29017,10555,10610,79,0.5
29019,184050,192154,-346,4.4
29021,84472,83574,-7,-1.1
29023,42063,41814,63,-0.6
29025,8821,9000,37,2
29027,44346,45126,268,1.8
29029,42807,44135,183,3.1
29031,81824,83658,212,2.2
29033,8464,8414,92,-0.6
29035,5205,5359,19,3
29037,108162,113873,2046,5.3
29039,14214,15023,308,5.7
29041,7390,7397,12,0.1
29043,89294,96045,1256,7.6
29045,6658,6623,-33,-0.5
29047,254145,263370,1300,3.6
29049,21218,21721,202,2.4
29051,76624,77625,74,1.3
29053,16647,17122,191,2.9
29055,23036,22808,183,-1
29057,7586,7622,-18,0.5
29059,17132,17877,118,4.3
29061,8433,8541,-40,1.3
29063,11596,9884,18,-14.8
29065,14389,14721,136,2.3
29067,11600,12290,93,5.9
29069,28216,27002,50,-4.3
29071,104867,107256,924,2.3
29073,14763,14655,28,-0.7
29075,6136,6298,-1,2.6
29077,299332,307942,1538,2.9
29079,9757,9766,-56,0.1
29081,8157,8186,-16,0.4
29083,21982,22575,194,2.7
29085,8298,8766,140,5.6
29087,4191,4241,-19,1.2
29089,10157,10150,41,-0.1
29091,39806,40762,254,2.4
29093,9513,9420,37,-1
29095,717662,727362,1415,1.4
29097,122896,126479,833,2.9
29099,226947,231888,832,2.2
29101,54039,55880,216,3.4
29103,3739,3740,-3,0
29105,36046,36738,52,1.9
29107,33050,33511,248,1.4
29109,37998,39151,280,3
29111,10039,9852,31,-1.9
29113,59857,65888,938,10.1
29115,11857,11910,148,0.4
29117,13990,14658,93,4.8
29119,23278,24054,-422,3.3
29121,15199,15177,31,-0.1
29123,12625,12852,136,1.8
29125,8451,8506,77,0.7
29127,28493,28425,171,-0.2
29129,3512,3452,-89,-1.7
29131,24778,25668,109,3.6
29133,12121,11750,-43,-3.1
29135,15216,15294,15,0.5
29137,8693,8890,154,2.3
29139,11286,11511,135,2
29141,21001,22399,461,6.7
29143,16329,15212,-68,-6.8
29145,58699,61519,470,4.8
29147,20999,20503,-331,-2.4
29149,8611,8699,34,1
29151,13255,13478,-28,1.7
29153,8519,9090,150,6.7
29155,15589,14407,-187,-7.6
29157,18971,19100,158,0.7
29159,43004,43791,-112,1.8
29161,44568,45672,-210,2.5
29163,17413,17961,99,3.1
29165,107190,113207,256,5.6
29167,31616,33070,205,4.6
29169,54039,53964,-207,-0.1
29171,4685,4539,-97,-3.1
29173,10354,10499,19,1.4
29175,24457,24077,-10,-1.6
29177,23135,23199,121,0.3
29179,6079,5927,-18,-2.5
29181,10670,10715,-38,0.4
29183,406423,423726,3002,4.3
29185,9346,9848,126,5.4
29186,18478,18546,-35,0.4
29187,66446,67503,575,1.6
29189,1003376,992929,-3906,-1
29195,23339,23325,-62,-0.1
29197,4010,4069,-12,1.5
29199,4705,4698,-48,-0.1
29201,38022,37957,64,-0.2
29203,7035,7275,53,3.4
29205,6095,5926,31,-2.8
29207,28650,28438,162,-0.7
29209,31205,32630,85,4.6
29211,5976,5750,-131,-3.8
29213,56064,56744,29,1.2
29215,24323,25715,216,5.7
29217,19675,19787,29,0.6
29219,35740,38478,618,7.7
29221,23432,23583,122,0.6
29223,10935,10820,77,-1.1
29225,39008,42041,390,7.8
29227,1968,1872,-8,-4.9
29229,18214,19505,116,7.1
29510,300315,279695,-5632,-6.9
30001,9377,10006,132,6.7
30003,13083,12796,-61,-2.2
30005,7003,6903,5,-1.4
30007,6863,8302,231,21
30009,10514,11498,77,9.4
30011,1407,1399,10,-0.6
30013,84411,84523,-23,0.1
30015,5917,5880,-2,-0.6
30017,11863,11964,-41,0.9
30019,1653,1625,13,-1.7
30021,8922,8731,-78,-2.1
30023,9423,9811,149,4.1
30025,3029,2946,-54,-2.7
30027,11470,11862,26,3.4
30029,104881,114527,837,9.2
30031,119607,126984,440,6.2
30033,1171,1181,-33,0.9
30035,13744,13503,-37,-1.8
30037,821,863,-16,5.1
30039,3306,3602,51,9
30041,16253,16065,-123,-1.2
30043,12142,13304,244,9.6
30045,2023,2111,10,4.3
30047,31247,33403,224,6.9
30049,71179,75129,295,5.5
30051,1958,1934,-13,-1.2
30053,19744,22184,425,12.4
30055,1729,1717,24,-0.7
30057,8661,9753,258,12.6
30059,1924,2065,22,7.3
30061,4568,5195,75,13.7
30063,118353,122546,625,3.5
30065,4749,5452,73,14.8
30067,17229,18074,201,4.9
30069,502,525,-12,4.6
30071,4211,4214,-35,0.1
30073,5877,6078,-29,3.4
30075,1693,1734,7,2.4
30077,6938,7120,45,2.6
30079,1090,1112,2,2
30081,44417,48187,515,8.5
30083,11534,11028,-89,-4.4
30085,10802,10197,-164,-5.6
30087,8306,8194,36,-1.3
30089,12461,13895,222,11.5
30091,3536,3448,-5,-2.5
30093,35210,36134,94,2.6
30095,9002,9450,204,5
30097,3670,3757,27,2.4
30099,6253,6444,13,3.1
30101,4967,5153,25,3.7
30103,758,739,-30,-2.5
30105,7561,7434,-16,-1.7
30107,2072,2058,-4,-0.7
30109,936,911,25,-2.7
30111,165210,171583,613,3.9
31001,31176,31196,235,0.1
31003,6279,6358,42,1.3
31005,432,423,7,-2.1
31007,678,665,-7,-1.9
31009,428,454,22,6.1
31011,5357,5354,30,-0.1
31013,10819,10703,-53,-1.1
31015,1803,1700,-26,-5.7
31017,2903,2877,-23,-0.9
31019,50204,51156,159,1.9
31021,6724,6727,43,0
31023,8356,8439,13,1
31025,26608,27492,15,3.3
31027,8373,8262,67,-1.3
31029,3889,3764,-22,-3.2
31031,5457,5558,-6,1.9
31033,9486,9602,31,1.2
31035,6110,6103,-45,-0.1
31037,10556,10826,-154,2.6
31039,9011,8952,-31,-0.7
31041,10492,10487,-148,0
31043,21556,21335,-333,-1
31045,8155,8003,-107,-1.9
31047,24082,24554,-475,2
31049,1833,1892,11,3.2
31051,5585,5526,-58,-1.1
31053,37121,37884,96,2.1
31055,585451,601158,-1083,2.7
31057,1651,1581,14,-4.2
31059,5569,5512,-15,-1
31061,2890,2817,2,-2.5
31063,2503,2536,-41,1.3
31065,4632,4468,-100,-3.5
31067,21652,21687,143,0.2
31069,1889,1804,8,-4.5
31071,1805,1707,-34,-5.4
31073,1895,1808,-14,-4.6
31075,616,573,0,-7
31077,2179,2197,-31,0.8
31079,62776,62869,-853,0.1
31081,9402,9564,47,1.7
31083,3054,3018,-21,-1.2
31085,849,846,0,-0.4
31087,2621,2460,-77,-6.1
31089,10105,10120,-79,0.1
31091,707,698,23,-1.3
31093,6486,6572,-3,1.3
31095,7260,7136,44,-1.7
31097,5295,5219,29,-1.4
31099,6692,6749,14,0.9
31101,8326,8148,20,-2.1
31103,760,819,10,7.8
31105,3408,3305,-25,-3
31107,8392,8306,21,-1
31109,323171,332857,-81,3
31111,34535,33319,-156,-3.5
31113,718,694,31,-3.3
31115,605,582,-4,-3.8
31117,396,376,-6,-5.1
31119,35530,35579,-404,0.1
31121,7660,7837,92,2.3
31123,4558,4485,-68,-1.6
31125,3394,3262,23,-3.9
31127,7085,7046,19,-0.6
31129,4091,4094,6,0.1
31131,15903,16591,-13,4.3
31133,2541,2521,30,-0.8
31135,2861,2779,-16,-2.9
31137,8977,9042,-85,0.7
31139,7344,7334,-10,-0.1
31141,34291,35499,-271,3.5
31143,5218,5269,81,1
31145,10684,10409,-67,-2.6
31147,7860,7666,-14,-2.5
31149,1265,1241,-8,-1.9
31151,14715,14740,-39,0.2
31153,191181,204828,2348,7.1
31155,22370,23406,-113,4.6
31157,36051,35734,-57,-0.9
31159,17610,17769,134,0.9
31161,5104,4927,8,-3.5
31163,2953,2949,-11,-0.1
31165,1141,1099,-46,-3.7
31167,5822,5756,-78,-1.1
31169,5024,4870,42,-3.1
31171,674,634,-29,-5.9
31173,6759,6637,21,-1.8
31175,4058,4032,5,-0.6
31177,20926,21254,41,1.6
31179,9702,9870,-84,1.7
31181,3392,3326,11,-1.9
31183,775,808,6,4.3
31185,14105,14375,-18,1.9
32001,25577,26033,144,1.8
32003,2275970,2398871,12225,5.4
32005,49529,49564,454,0.1
32007,53676,54363,-210,1.3
32009,736,720,7,-2.2
32011,1853,1877,11,1.3
32013,17272,17116,-112,-0.9
32015,5727,5785,-39,1
32017,4438,4345,-37,-2.1
32019,59466,63718,1132,7.2
32021,4555,4475,26,-1.8
32023,51971,55990,810,7.7
32027,6620,6536,118,-1.3
32029,4107,4112,-7,0.1
32031,487725,507280,2198,4
32033,9063,8534,95,-5.8
32510,58682,58148,38,-0.9
33001,63774,65257,580,2.3
33003,50240,52580,557,4.7
33005,76542,78078,607,2
33007,31228,31094,163,-0.4
33009,91197,93045,209,2
33011,422929,430462,-65,1.8
33013,154039,157869,887,2.5
33015,314664,322433,1303,2.5
33017,131074,134202,543,2.4
33019,43069,44012,105,2.2
34001,274196,279114,-12,1.8
34003,953711,978641,-2142,2.6
34005,461694,475515,2136,3
34007,523151,533988,-623,2.1
34009,95051,93875,-272,-1.2
34011,153724,155678,867,1.3
34013,860020,881527,-6707,2.5
34015,302575,311783,1896,3
34017,721909,736185,-12735,2
34019,128793,131708,337,2.3
34021,386492,392138,-2719,1.5
34023,861460,890119,-6419,3.3
34025,642778,647520,-1272,0.7
34027,508472,523053,-757,2.9
34029,638554,666434,1130,4.4
34031,523464,526597,-5848,0.6
34033,64843,65874,325,1.6
34035,344788,357467,-17,3.7
34037,143919,147444,783,2.4
34039,573680,594160,-3874,3.6
34041,109520,112031,369,2.3
35001,676882,671747,-4618,-0.8
35003,3609,3795,46,5.2
35005,65153,63697,-197,-2.2
35006,26969,26686,-6,-1
35007,12353,12307,-2,-0.4
35009,48374,47156,-545,-2.5
35011,1683,1657,-1,-1.5
35013,220069,229366,869,4.2
35015,62342,61436,338,-1.5
35017,28214,27541,159,-2.4
35019,4442,4385,20,-1.3
35021,654,635,-14,-2.9
35023,4163,3966,-23,-4.7
35025,74643,75151,-271,0.7
35027,20304,20025,94,-1.4
35028,19422,19675,40,1.3
35029,25457,25878,-6,1.7
35031,72586,68945,-219,-5
35033,4192,4096,-6,-2.3
35035,67866,69711,-233,2.7
35037,8710,8403,-72,-3.5
35039,40268,39955,22,-0.8
35043,149301,157757,1553,5.7
35045,121387,120817,-310,-0.5
35047,27128,26428,-96,-2.6
35049,155056,157765,399,1.7
35051,11565,11389,33,-1.5
35053,16559,15967,-35,-3.6
35055,34465,34482,6,0
35057,15057,15986,313,6.2
35059,4073,3926,-5,-3.6
35061,76507,80813,1374,5.6
36001,314024,319964,-990,1.9
36003,47358,47299,-10,-0.1
36005,1459323,1384724,-25698,-5.1
36007,198172,196397,-392,-0.9
36009,76983,75475,-42,-2
36011,76151,74567,66,-2.1
36013,127370,124105,-319,-2.6
36015,83677,81115,-43,-3.1
36017,47079,45776,86,-2.8
36019,79715,77871,19,-2.3
36021,61419,60299,-200,-1.8
36023,46751,45945,1,-1.7
36025,44230,44191,39,-0.1
36027,295913,299963,34,1.4
36029,952353,950602,-2614,-0.2
36031,37288,36744,104,-1.5
36033,47248,47086,871,-0.3
36035,53111,52073,-19,-2
36037,58315,57604,80,-1.2
36039,47761,46903,2,-1.8
36041,5070,5082,60,0.2
36043,60031,59585,35,-0.7
36045,116071,113140,-1703,-2.5
36047,2716455,2617631,-28158,-3.6
36049,26557,26570,-42,0
36051,61596,61561,237,-0.1
36053,67951,67072,-53,-1.3
36055,757747,752202,-2778,-0.7
36057,49487,49648,37,0.3
36059,1390584,1392438,-4425,0.1
36061,1679602,1660664,-5225,-1.1
36063,212133,209570,133,-1.2
36065,231103,228347,-444,-1.2
36067,474218,469812,-2246,-0.9
36069,112350,113012,416,0.6
36071,400997,411767,-1654,2.7
36073,40069,39686,295,-1
36075,117450,118305,323,0.7
36077,58366,60524,59,3.7
36079,97628,98409,23,0.8
36081,2389813,2316841,-30918,-3.1
36083,160888,160749,21,-0.1
36085,495113,498212,-1240,0.6
36087,337378,348144,-3099,3.2
36089,108327,106198,-520,-2
36091,235811,240360,983,1.9
36093,159294,162261,970,1.9
36095,29761,30151,96,1.3
36097,17861,17121,-195,-4.1
36099,33512,32650,193,-2.6
36101,93321,92015,-86,-1.4
36103,1522175,1535909,-6469,0.9
36105,78465,80450,-431,2.5
36107,48354,47574,62,-1.6
36109,99778,105602,-1414,5.8
36111,181277,182977,-382,0.9
36113,65608,65288,-101,-0.5
36115,61106,59839,-161,-2.1
36117,91213,90757,95,-0.5
36119,1001489,1006447,-4158,0.5
36121,40201,39588,42,-1.5
36123,24720,24387,-70,-1.3
37001,171620,183040,2577,6.7
37003,36410,36693,398,0.8
37005,10889,11379,94,4.5
37007,22034,22432,113,1.8
37009,26590,27266,373,2.5
37011,17815,17811,129,0
37013,44690,44576,377,-0.3
37015,17717,16939,1,-4.4
37017,29630,29777,325,0.5
37019,138167,167112,8011,20.9
37021,269704,279210,1606,3.5
37023,87248,88545,638,1.5
37025,227235,244925,2530,7.8
37027,80584,80739,499,0.2
37029,10407,11184,70,7.5
37031,67695,70259,937,3.8
37033,22473,22363,42,-0.5
37035,160889,167054,1974,3.8
37037,76662,83874,1555,9.4
37039,28864,30373,550,5.2
37041,13707,13891,124,1.3
37043,11145,12042,197,8
37045,99945,102194,908,2.3
37047,50475,50054,154,-0.8
37049,101505,104167,625,2.6
37051,337195,338430,-4213,0.4
37053,28404,32278,770,13.6
37055,37038,38183,28,3.1
37057,169050,177809,2999,5.2
37059,42894,45383,866,5.8
37061,48668,50539,143,3.8
37063,322505,343628,-1162,6.5
37065,48780,49124,212,0.7
37067,382634,398143,1330,4.1
37069,69028,79771,2352,15.6
37071,228625,242010,2752,5.9
37073,10450,10299,13,-1.4
37075,8039,8179,119,1.7
37077,60151,61544,158,2.3
37079,20438,20671,49,1.1
37081,538761,558816,101,3.7
37083,48416,46992,46,-2.9
37085,133716,146096,3343,9.3
37087,62218,63048,550,1.3
37089,116571,120771,1200,3.6
37091,21787,19169,-40,-12
37093,52249,55382,185,6
37095,4514,4583,-45,1.5
37097,187696,206361,5023,9.9
37099,42146,45281,135,7.4
37101,217426,249794,5283,14.9
37103,9145,9462,65,3.5
37105,63402,68537,494,8.1
37107,55058,55332,452,0.5
37109,87169,97611,1575,12
37111,44554,45269,414,1.6
37113,37095,38717,482,4.4
37115,21295,22352,443,5
37117,21959,21523,232,-2
37119,1116263,1206285,2382,8.1
37121,14898,15030,158,0.9
37123,25720,26364,146,2.5
37125,100293,108417,1221,8.1
37127,95159,97990,1138,3
37129,226442,243333,2438,7.5
37131,17439,16580,-18,-4.9
37133,205111,212954,-918,3.8
37135,143732,152877,-1177,6.4
37137,12312,12550,250,1.9
37139,40270,41418,236,2.9
37141,60625,70077,1599,15.6
37143,13022,13460,218,3.4
37145,39187,40143,357,2.4
37147,173643,180783,709,4.1
37149,19380,20320,513,4.9
37151,144407,148389,638,2.8
37153,42725,41990,91,-1.7
37155,115967,118624,240,2.3
37157,91214,93517,1301,2.5
37159,146909,153384,1248,4.4
37161,64357,65587,600,1.9
37163,59070,60404,315,2.3
37165,33420,33898,204,1.4
37167,62679,67326,1455,7.4
37169,44579,45857,612,2.9
37171,71371,71547,342,0.2
37173,14103,13945,126,-1.1
37175,33258,34103,277,2.5
37177,3234,3517,-7,8.8
37179,239688,263386,3669,9.9
37181,42559,42337,-40,-0.5
37183,1130694,1232444,9870,9
37185,18601,19081,371,2.6
37187,10981,10654,-9,-3
37189,54470,54997,-509,1
37191,117772,120338,51,2.2
37193,65872,66186,315,0.5
37195,79301,79958,297,0.8
37197,37253,37995,266,2
37199,18496,18993,152,2.7
38001,2181,2141,-5,-1.8
38003,10842,10798,-27,-0.4
38005,5940,5756,-55,-3.1
38007,934,1063,14,13.8
38009,6375,6391,31,0.3
38011,2981,2886,9,-3.2
38013,2192,2154,-7,-1.7
38015,98589,103107,571,4.6
38017,184897,200945,-551,8.7
38019,3700,3567,-20,-3.6
38021,4960,4930,-23,-0.6
38023,2205,2124,-24,-3.7
38025,4098,4031,-81,-1.6
38027,2321,2309,38,-0.5
38029,3291,3209,-15,-2.5
38031,3388,3323,-39,-1.9
38033,1719,1795,20,4.4
38035,73132,73771,-375,0.9
38037,2291,2247,-14,-1.9
38039,2301,2227,-2,-3.2
38041,2468,2419,4,-2
38043,2392,2371,11,-0.9
38045,4096,4051,-26,-1.1
38047,1880,1880,-14,0
38049,5316,5135,-14,-3.4
38051,2516,2461,-9,-2.2
38053,14776,14782,334,0
38055,9763,9845,11,0.8
38057,8348,8348,7,0
38059,33322,34194,-31,2.6
38061,9803,9474,-59,-3.4
38063,2999,3007,-8,0.3
38065,1868,1882,-1,0.7
38067,6826,6588,-92,-3.5
38069,3975,3853,-15,-3.1
38071,11584,11510,-1,-0.6
38073,5693,5590,2,-1.8
38075,2282,2376,-11,4.1
38077,16532,16658,51,0.8
38079,12200,11692,-62,-4.2
38081,3843,3710,-76,-3.5
38083,1262,1268,-23,0.5
38085,3881,3713,64,-4.3
38087,702,660,-22,-6
38089,33835,33767,315,-0.2
38091,1790,1767,-1,-1.3
38093,21554,21546,-67,0
38095,2139,2051,0,-4.1
38097,7979,7989,15,0.1
38099,10524,10214,-54,-2.9
38101,69922,68427,-725,-2.1
38103,3967,3803,-33,-4.1
38105,41189,40763,794,-1
39001,27451,27671,116,0.8
39003,102137,100866,-157,-1.2
39005,52476,52420,294,-0.1
39007,97512,96906,194,-0.6
39009,62380,63218,-158,1.3
39011,46473,45922,-67,-1.2
39013,66291,64692,143,-2.4
39015,43684,44292,516,1.4
39017,390887,399542,-763,2.2
39019,26702,26460,-126,-0.9
39021,38743,38907,27,0.4
39023,135894,134985,154,-0.7
39025,208755,214123,1455,2.6
39027,42035,42019,-58,0
39029,101650,99823,92,-1.8
39031,36595,37003,127,1.1
39033,42015,41626,108,-0.9
39035,1262635,1240594,-6741,-1.7
39037,51897,51462,46,-0.8
39039,38267,38644,11,1
39041,215162,237966,2801,10.6
39043,75482,73841,-27,-2.2
39045,159464,167762,1579,5.2
39047,28978,28782,26,-0.7
39049,1324505,1356303,-9974,2.4
39051,42640,42028,34,-1.4
39053,29240,28886,37,-1.2
39055,95385,95362,45,0
39057,168130,172347,1273,2.5
39059,38419,38219,251,-0.5
39061,830418,837359,-3624,0.8
39063,74919,75016,-271,0.1
39065,30722,30402,-35,-1
39067,14492,14042,-62,-3.1
39069,27672,27536,-38,-0.5
39071,43364,43785,187,1
39073,28046,27429,-15,-2.2
39075,44236,44668,-176,1
39077,58495,58168,-148,-0.6
39079,32671,32723,85,0.2
39081,65186,63900,211,-2
39083,62792,63848,365,1.7
39085,232527,232360,442,-0.1
39087,58141,55829,136,-4
39089,178796,184898,896,3.4
39091,46114,46085,1,-0.1
39093,313534,322030,2327,2.7
39095,430870,426291,-1433,-1.1
39097,43858,45531,806,3.8
39099,228017,225786,-133,-1
39101,65390,64976,174,-0.6
39103,182639,184625,245,1.1
39105,22160,21491,-102,-3
39107,42532,42648,-115,0.3
39109,108962,111950,933,2.7
39111,13356,13051,-36,-2.3
39113,537139,537443,-6,0.1
39115,13752,13532,14,-1.6
39117,34983,35927,336,2.7
39119,86464,86582,309,0.1
39121,14107,14269,-54,1.1
39123,40298,39692,149,-1.5
39125,18807,18755,11,-0.3
39127,35455,35682,121,0.6
39129,58664,62158,1132,6
39131,27076,27065,173,0
39133,161854,163839,372,1.2
39135,41016,40801,294,-0.5
39137,34407,34206,-206,-0.6
39139,124988,124853,9,-0.1
39141,77068,76046,34,-1.3
39143,58878,58866,2,0
39145,73852,71798,-3,-2.8
39147,55055,54730,-11,-0.6
39149,48154,47952,46,-0.4
39151,374552,374091,978,-0.1
39153,539835,538370,-12,-0.3
39155,201682,200300,677,-0.7
39157,93199,92048,-89,-1.2
39159,63090,71721,1464,13.7
39161,28919,28887,129,-0.1
39163,12808,12545,120,-2.1
39165,243236,256059,14,5.3
39167,59656,58332,162,-2.2
39169,116903,116632,-358,-0.2
39171,37084,36554,-59,-1.4
39173,132267,133077,-119,0.6
39175,21864,21394,31,-2.1
40001,19458,19821,186,1.9
40003,5712,5712,47,0
40005,14165,14600,47,3.1
40007,5028,5025,-95,-0.1
40009,22331,22248,87,-0.4
40011,8702,8573,10,-1.5
40013,46328,50305,1100,8.6
40015,26905,26337,101,-2.1
40017,155445,181760,4433,16.9
40019,48041,49135,180,2.3
40021,47092,48729,568,3.5
40023,14207,14174,-29,-0.2
40025,2290,2133,-44,-6.9
40027,296256,303952,288,2.6
40029,5283,5414,174,2.5
40031,121144,121396,-1035,0.2
40033,5537,5503,73,-0.6
40035,14143,14506,41,2.6
40037,71857,73971,699,2.9
40039,28444,28266,-163,-0.6
40041,40390,41771,189,3.4
40043,4473,4268,50,-4.6
40045,3746,3601,-10,-3.9
40047,62701,62007,-288,-1.1
40049,25655,26149,258,1.9
40051,54884,58353,839,6.3
40053,4177,4123,54,-1.3
40055,5493,5433,-45,-1.1
40057,2475,2315,-65,-6.5
40059,3248,3209,-24,-1.2
40061,11552,11811,62,2.2
40063,13346,13371,20,0.2
40065,24747,24541,-290,-0.8
40067,5331,5374,55,0.8
40069,10244,10293,122,0.5
40071,43611,43437,-176,-0.4
40073,15177,15820,86,4.2
40075,8496,8257,5,-2.8
40077,9484,9509,13,0.3
40079,48201,49854,200,3.4
40081,33502,34972,450,4.4
40083,49752,53860,580,8.3
40085,10157,10423,153,2.6
40087,41910,48434,1329,15.6
40089,30844,30805,-88,-0.1
40091,18950,19710,180,4
40093,7749,7569,-53,-2.3
40095,15339,16147,178,5.3
40097,39053,40144,246,2.8
40099,13878,13754,100,-0.9
40101,66245,66752,201,0.8
40103,10922,10896,82,-0.2
40105,9325,9561,123,2.5
40107,11272,11364,96,0.8
40109,798283,816490,-1686,2.3
40111,36688,37084,328,1.1
40113,45792,46495,680,1.5
40115,30229,30404,163,0.6
40117,15560,16111,276,3.5
40119,81649,84199,-433,3.1
40121,43787,43395,231,-0.9
40123,38094,38310,-199,0.6
40125,72553,74446,753,2.6
40127,10793,10800,63,0.1
40129,3428,3304,-31,-3.6
40131,95405,101371,973,6.3
40133,23512,23351,-137,-0.7
40135,39249,40555,301,3.3
40137,42823,44075,108,2.9
40139,21291,20577,-394,-3.4
40141,6943,6736,-62,-3
40143,670708,693514,12,3.4
40145,81401,91257,1570,12.1
40147,52606,54060,231,2.8
40149,10903,10839,137,-0.6
40151,8603,8582,26,-0.2
40153,20418,19991,-174,-2.1
41001,16731,16750,-31,0.1
41003,93615,98899,-1008,5.6
41005,422512,425857,271,0.8
41007,41157,41043,59,-0.3
41009,52716,54063,213,2.6
41011,64976,64326,211,-1
41013,24930,27336,463,9.7
41015,23518,22774,-154,-3.2
41017,199470,211535,2065,6
41019,111292,112255,644,0.9
41021,2015,1971,-38,-2.2
41023,7233,7093,-94,-1.9
41025,7504,7402,-26,-1.4
41027,23897,23764,-163,-0.6
41029,223755,221331,390,-1.1
41031,24578,25536,62,3.9
41033,88228,88276,784,0.1
41035,69631,70438,242,1.2
41037,8174,8194,-92,0.2
41039,384221,382396,484,-0.5
41041,50517,51212,173,1.4
41043,128967,132474,924,2.7
41045,31643,32315,-108,2.1
41047,346305,352867,-329,1.9
41049,12220,12360,-27,1.1
41051,816321,795897,-4709,-2.5
41053,88003,90549,22,2.9
41055,1873,2002,52,6.9
41057,27462,27264,29,-0.7
41059,79893,80491,249,0.7
41061,26168,26058,94,-0.4
41063,7400,7522,-35,1.6
41065,26610,26507,177,-0.4
41067,601045,611272,-3089,1.7
41069,1459,1456,27,-0.2
41071,107740,110886,1106,2.9
42001,103802,107914,544,4
42003,1249671,1231814,-5192,-1.4
42005,65460,63679,-70,-2.7
42007,167864,165540,584,-1.4
42009,47580,47643,176,0.1
42011,428693,439117,-115,2.4
42013,122664,120269,99,-2
42015,59958,59699,-80,-0.4
42017,646190,650131,-517,0.6
42019,194069,199341,878,2.7
42021,133198,130108,45,-2.3
42023,4532,4348,0,-4.1
42025,64752,65743,572,1.5
42027,157987,159805,-1544,1.2
42029,534860,560745,-196,4.8
42031,37198,36855,-6,-0.9
42033,80431,78132,96,-2.9
42035,37377,37865,42,1.3
42037,64686,66012,258,2
42039,83825,82089,107,-2.1
42041,260254,275516,2518,5.9
42043,286717,293029,-586,2.2
42045,576523,584882,-2034,1.4
42047,30939,30124,11,-2.6
42049,270739,267750,-1008,-1.1
42051,128585,123941,188,-3.6
42053,6964,6601,185,-5.2
42055,155951,159285,866,2.1
42057,14582,14452,-14,-0.9
42059,35867,33960,-215,-5.3
42061,44071,43359,-82,-1.6
42063,83153,82953,-102,-0.2
42065,44480,43367,-137,-2.5
42067,23483,23395,-46,-0.4
42069,215538,216859,-51,0.6
42071,552834,563293,-1241,1.9
42073,85970,84233,56,-2
42075,143292,145319,356,1.4
42077,374493,385655,-564,3
42079,325222,331379,725,1.9
42081,114130,113236,-52,-0.8
42083,40405,39478,106,-2.3
42085,110548,108140,139,-2.2
42087,46145,45935,63,-0.5
42089,168326,166523,-75,-1.1
42091,856900,879190,1137,2.6
42093,18132,18115,-79,-0.1
42095,312810,322989,877,3.3
42097,91550,90027,151,-1.7
42099,45838,46816,273,2.1
42101,1600788,1573916,-15332,-1.7
42103,58576,62376,834,6.5
42105,16387,15993,31,-2.4
42107,142959,144523,973,1.1
42109,39742,39627,-88,-0.3
42111,74014,72134,289,-2.5
42113,5831,5927,35,1.6
42115,38349,38100,103,-0.6
42117,41017,40698,73,-0.8
42119,42655,42159,-198,-1.2
42121,50357,49476,287,-1.7
42123,38526,37373,-102,-3
42125,209414,210434,607,0.5
42127,51155,51419,276,0.5
42129,354339,350935,927,-1
42131,26042,25771,28,-1
42133,456754,471240,2711,3.2
44001,50783,50145,-40,-1.3
44003,170423,172450,597,1.2
44005,85511,83468,-420,-2.4
44007,660044,675912,-562,2.4
44009,129769,130333,120,0.4
45001,24262,24607,157,1.4
45003,169174,179245,1601,6
45005,7934,7551,-15,-4.8
45007,204192,217183,2912,6.4
45009,13261,12870,-65,-2.9
45011,20590,20495,51,-0.5
45013,187829,201775,2048,7.4
45015,231508,264276,5937,14.2
45017,14113,14249,113,1
45019,409958,431001,1247,5.1
45021,56226,57770,816,2.7
45023,32291,32323,378,0.1
45025,43254,44488,207,2.9
45027,30841,31030,80,0.6
45029,38538,39259,250,1.9
45031,62842,62425,269,-0.7
45033,28280,27577,-67,-2.5
45035,162059,174663,3770,7.8
45037,25673,29455,657,14.7
45039,20872,20369,149,-2.4
45041,136814,138049,527,0.9
45043,63517,66035,695,4
45045,527266,570745,5911,8.2
45047,69395,70041,491,0.9
45049,18525,18172,-12,-1.9
45051,353779,413391,14565,16.9
45053,29148,35618,1729,22.2
45055,65596,71698,1500,9.3
45057,96592,111652,2048,15.6
45059,67628,70545,1415,4.3
45061,16546,15958,-18,-3.6
45063,294993,313774,2433,6.4
45065,9522,9983,288,4.8
45067,29082,28368,75,-2.5
45069,26496,25498,-110,-3.8
45071,37738,39203,228,3.9
45073,78787,82475,1001,4.7
45075,83971,83129,165,-1
45077,131689,138207,1200,4.9
45079,415697,430651,2349,3.6
45081,18908,19452,40,2.9
45083,329405,369256,8119,12.1
45085,105493,104776,159,-0.7
45087,27182,26678,128,-1.9
45089,30921,29865,-37,-3.4
45091,283862,303001,2659,6.7
46003,2740,2752,-31,0.4
46005,19166,19459,-242,1.5
46007,3392,3289,-40,-3
46009,6972,7071,27,1.4
46011,34349,36359,48,5.9
46013,38219,37495,-155,-1.9
46015,5250,5261,-59,0.2
46017,1938,1825,-65,-5.8
46019,10291,10891,3,5.8
46021,1380,1342,-15,-2.8
46023,9369,9343,22,-0.3
46025,3851,3974,11,3.2
46027,15003,15245,-183,1.6
46029,28355,29278,267,3.3
46031,3888,3747,-36,-3.6
46033,8342,9330,227,11.8
46035,19954,19907,-46,-0.2
46037,5436,5408,11,-0.5
46039,4302,4335,-30,0.8
46041,5225,5322,-70,1.9
46043,2834,2849,-10,0.5
46045,3997,4027,-27,0.8
46047,6973,7359,80,5.5
46049,2126,2136,18,0.5
46051,7539,7618,34,1
46053,4000,4110,79,2.8
46055,1868,1834,-26,-1.8
46057,6161,6596,36,7.1
46059,3147,3097,-11,-1.6
46061,3460,3477,-4,0.5
46063,1308,1325,-6,1.3
46065,17741,17526,-120,-1.2
46067,7425,7416,5,-0.1
46069,1252,1215,34,-3
46071,2803,2737,-50,-2.4
46073,1643,1689,2,2.8
46075,923,874,0,-5.3
46077,5207,5261,21,1
46079,11016,11006,-45,-0.1
46081,25849,28809,694,11.5
46083,65648,75244,1824,14.6
46085,3701,3721,-9,0.5
46087,5674,5771,-38,1.7
46089,2403,2307,-4,-4
46091,4298,4395,23,2.3
46093,29903,30918,-46,3.4
46095,1922,1834,-5,-4.6
46097,2304,2303,0,0
46099,197718,208639,313,5.5
46101,6339,6529,26,3
46102,13648,13360,-103,-2.1
46103,109573,115979,-176,5.8
46105,2849,2832,18,-0.6
46107,2474,2402,0,-2.9
46109,10262,10283,41,0.2
46111,2330,2392,-23,2.7
46115,6342,6108,-21,-3.7
46117,2970,3015,-17,1.5
46119,1452,1468,-19,1.1
46121,9321,9172,-51,-1.6
46123,5607,5717,26,2
46125,8686,9087,-60,4.6
46127,16857,17402,107,3.2
46129,5294,5270,-21,-0.5
46135,23286,23509,-22,1
46137,2393,2418,21,1
47001,77327,81449,1276,5.3
47003,50396,54228,590,7.6
47005,15853,16173,74,2
47007,14955,15591,611,4.3
47009,135656,142211,1162,4.8
47011,108831,113782,1222,4.5
47013,39306,40238,317,2.4
47015,14561,15142,117,4
47017,28428,29107,234,2.4
47019,56386,57434,627,1.9
47021,41090,42604,350,3.7
47023,17385,17876,114,2.8
47025,32066,33070,441,3.1
47027,7594,7857,217,3.5
47029,36043,37596,658,4.3
47031,58145,61285,773,5.4
47033,13905,13973,37,0.5
47035,61372,65618,1327,6.9
47037,716095,729505,-2741,1.9
47039,11433,11800,143,3.2
47041,20191,21747,365,7.7
47043,54453,57641,775,5.9
47045,36709,36403,48,-0.8
47047,41865,44476,459,6.2
47049,18534,20129,548,8.6
47051,42812,45137,531,5.4
47053,50447,51422,364,1.9
47055,30344,30971,194,2.1
47057,23569,25073,444,6.4
47059,70348,73398,1289,4.3
47061,13548,14148,227,4.4
47063,64542,67715,1098,4.9
47065,367891,386256,3073,5
47067,6626,7038,120,6.2
47069,25438,25434,47,0
47071,26958,27617,345,2.4
47073,56721,59371,1138,4.7
47075,17825,17097,-171,-4.1
47077,27831,28183,233,1.3
47079,32146,32883,626,2.3
47081,24970,25859,178,3.6
47083,8305,8538,173,2.8
47085,18996,19554,328,2.9
47087,11631,12376,150,6.4
47089,54917,59217,1519,7.8
47091,17994,18506,264,2.8
47093,480530,506748,2813,5.5
47095,6985,6422,13,-8.1
47097,25125,24630,118,-2
47099,44179,46467,497,5.2
47101,12607,13418,285,6.4
47103,35338,36751,554,4
47105,55136,62129,1694,12.7
47107,53344,56754,1099,6.4
47109,25858,26103,237,0.9
47111,25269,27189,327,7.6
47113,98834,100409,699,1.6
47115,28905,29826,499,3.2
47117,34472,37847,762,9.8
47119,101836,113411,2413,11.4
47121,12809,13937,370,8.8
47123,46399,49154,865,5.9
47125,221309,246025,2823,11.2
47127,6466,6773,4,4.7
47129,21050,21954,623,4.3
47131,30775,30261,-61,-1.7
47133,22587,23551,326,4.3
47135,8386,8987,72,7.2
47137,4999,5108,57,2.2
47139,17567,18338,425,4.4
47141,80078,84894,681,6
47143,33287,34759,516,4.4
47145,53664,56742,893,5.7
47147,72962,78459,1433,7.5
47149,343302,376996,2809,9.8
47151,21876,22517,341,2.9
47153,15847,17620,383,11.2
47155,98865,100184,-489,1.3
47157,929788,910530,-12304,-2.1
47159,19966,20783,280,4.1
47161,13709,14365,158,4.8
47163,158244,162703,1527,2.8
47165,197420,211721,2642,7.2
47167,61047,62187,381,1.9
47169,11634,12159,-140,4.5
47171,17873,17872,237,0
47173,19845,21064,439,6.1
47175,6175,6686,134,8.3
47177,41059,43619,908,6.2
47179,133225,139642,1140,4.8
47181,16225,15974,50,-1.5
47183,32897,33162,95,0.8
47185,27446,29108,623,6.1
47187,249616,269136,1745,7.8
47189,148651,169948,4566,14.3
48001,57937,59512,240,2.7
48003,18616,18923,-41,1.6
48005,86502,88094,45,1.8
48007,23939,25595,460,6.9
48009,8555,9155,70,7
48011,1851,1809,-13,-2.3
48013,49290,52783,600,7.1
48015,30135,32546,805,8
48017,6867,7031,-103,2.4
48019,20994,22830,304,8.7
48021,98072,114931,3144,17.2
48023,3462,3533,25,2.1
48025,31042,31226,-154,0.6
48027,372404,399578,587,7.3
48029,2015620,2127737,2970,5.6
48031,11452,13358,331,16.6
48033,642,557,-11,-13.2
48035,18249,19013,143,4.2
48037,92913,91992,311,-1
48039,373509,413224,7382,10.6
48041,234515,249624,-1918,6.4
48043,9564,9508,-106,-0.6
48045,1422,1494,40,5.1
48047,7096,6740,-183,-5
48049,38059,38631,288,1.5
48051,17682,20179,545,14.1
48053,49479,55722,1209,12.6
48055,45948,52430,1930,14.1
48057,20064,19942,29,-0.6
48059,13753,14615,189,6.3
48061,421592,431874,-1946,2.4
48063,12430,13164,95,5.9
48065,5794,5822,-37,0.5
48067,28443,28622,162,0.6
48069,7333,7380,-78,0.6
48071,47003,56179,1434,19.5
48073,50612,53223,396,5.2
48075,6658,6679,-55,0.3
48077,10255,10730,77,4.6
48079,2564,2583,-64,0.7
48081,3320,3396,42,2.3
48083,7683,7990,174,4
48085,1075651,1254658,19426,16.6
48087,2643,2611,58,-1.2
48089,20646,21475,149,4
48091,163637,201628,7081,23.2
48093,13629,14359,262,5.4
48095,3316,3326,53,0.3
48097,41749,44258,366,6
48099,83126,86370,145,3.9
48101,1364,1263,-19,-7.4
48103,4675,4594,-18,-1.7
48105,3094,2799,-38,-9.5
48107,5095,5030,4,-1.3
48109,2186,2254,49,3.1
48111,7138,7526,-203,5.4
48113,2610741,2656028,-47168,1.7
48115,12472,11758,-137,-5.7
48117,18527,18495,-228,-0.2
48119,5223,5647,56,8.1
48121,914510,1045120,15331,14.3
48123,19844,20252,33,2.1
48125,1760,1725,12,-2
48127,8582,8181,-90,-4.7
48129,3280,3193,55,-2.7
48131,9810,9585,-60,-2.3
48133,17795,18290,149,2.8
48135,165511,170022,1098,2.7
48137,1420,1383,-9,-2.6
48139,194328,232387,7364,19.6
48141,866684,875784,-7348,1
48143,42719,44496,-141,4.2
48145,16962,17752,60,4.7
48147,35977,38650,895,7.4
48149,24512,25488,110,4
48151,3677,3665,89,-0.3
48153,5374,5042,-100,-6.2
48155,1090,1053,-26,-3.4
48157,829335,958434,10467,15.6
48159,10370,10912,134,5.2
48161,19441,20645,307,6.2
48163,18414,19520,30,6
48165,21704,22892,-41,5.5
48167,351606,367407,2760,4.5
48169,5812,4645,-30,-20.1
48171,26766,28159,332,5.2
48173,1117,1153,-14,3.2
48175,7023,7221,63,2.8
48177,19681,20040,-84,1.8
48179,21195,20888,-184,-1.4
48181,136152,150532,3025,10.6
48183,124317,126679,-537,1.9
48185,29438,33448,850,13.6
48187,173708,195166,5249,12.4
48189,32467,31953,-223,-1.6
48191,2799,2828,-4,1
48193,8247,8644,97,4.8
48195,5252,5006,-124,-4.7
48197,3561,3417,-75,-4
48199,56355,58670,413,4.1
48201,4735383,5009302,-31165,5.8
48203,68806,71370,252,3.7
48205,5340,4996,-169,-6.4
48207,5436,5435,54,0
48209,243988,292029,7430,19.7
48211,3366,3134,-6,-6.9
48213,82402,87467,1362,6.1
48215,872892,914820,-1562,4.8
48217,35964,38771,623,7.8
48219,21497,21505,121,0
48221,62056,69126,1535,11.4
48223,36827,38784,390,5.3
48225,22070,22197,133,0.6
48227,34807,30833,-98,-11.4
48229,3193,3608,-7,13
48231,100250,118729,4285,18.4
48233,20577,19721,-210,-4.2
48235,1512,1526,-40,0.9
48237,8487,9398,175,10.7
48239,14997,15284,18,1.9
48241,32923,32907,201,0
48243,1984,1778,-46,-10.4
48245,256172,253948,-1461,-0.9
48247,4846,4583,-49,-5.4
48249,38888,38886,-64,0
48251,180950,210547,6334,16.4
48253,19680,20850,155,5.9
48255,14811,15137,-61,2.2
48257,147169,197829,9158,34.4
48259,44572,51828,1238,16.3
48261,350,330,-26,-5.7
48263,759,703,-19,-7.4
48265,52696,53900,243,2.3
48267,4293,4401,-46,2.5
48269,267,215,-2,-19.5
48271,3125,3191,-50,2.1
48273,30986,30442,-194,-1.8
48275,3351,3255,-50,-2.9
48277,50135,51249,105,2.2
48279,13006,12687,-203,-2.5
48281,21703,23539,238,8.5
48283,6652,6679,5,0.4
48285,20352,20605,4,1.2
48287,17506,18451,176,5.4
48289,15777,16698,175,5.8
48291,92510,115042,5063,24.4
48293,22150,22569,127,1.9
48295,3038,2880,-57,-5.2
48297,11348,11967,69,5.5
48299,21318,23163,409,8.7
48301,67,48,3,-28.4
48303,311590,327394,1652,5.1
48305,5606,5952,99,6.2
48307,7587,7448,-10,-1.8
48309,261192,270358,-184,3.5
48311,597,565,-14,-5.4
48313,13458,13877,89,3.1
48315,9869,9704,157,-1.7
48317,5261,5179,-42,-1.6
48319,3968,3987,108,0.5
48321,36295,36391,-351,0.3
48323,57873,58829,-289,1.7
48325,51063,55619,711,8.9
48327,1961,1911,-20,-2.5
48329,170725,183587,1742,7.5
48331,24778,26159,165,5.6
48333,4450,4563,68,2.5
48335,9011,8968,-125,-0.5
48337,20043,21890,271,9.2
48339,625420,749613,23919,19.9
48341,21269,21872,-273,2.8
48343,11973,12184,86,1.8
48345,1064,1015,-4,-4.6
48347,64643,65728,-95,1.7
48349,52861,56533,582,6.9
48351,12159,11908,-95,-2.1
48353,14729,14182,-81,-3.7
48355,353600,353125,-1536,-0.1
48357,9953,9717,-333,-2.4
48359,1763,1823,12,3.4
48361,84760,86115,102,1.6
48363,28450,30231,472,6.3
48365,22500,23022,271,2.3
48367,149560,179707,5394,20.2
48369,9854,9669,-213,-1.9
48371,15184,14712,-121,-3.1
48373,50497,54258,307,7.4
48375,118309,114649,-1912,-3.1
48377,6107,5686,-141,-6.9
48379,12179,13306,278,9.3
48381,141334,150547,1614,6.5
48383,3423,3139,-62,-8.3
48385,2750,2772,-36,0.8
48387,11556,11696,134,1.2
48389,14768,11956,-21,-19
48391,6740,6739,63,0
48393,823,837,20,1.7
48395,16768,17659,345,5.3
48397,109202,137044,4531,25.5
48399,9921,9751,-125,-1.7
48401,52254,53391,86,2.2
48403,9891,10058,47,1.7
48405,7925,7767,-29,-2
48407,27538,29326,168,6.5
48409,68848,71467,120,3.8
48411,5728,5508,-28,-3.8
48413,2443,2302,-55,-5.8
48415,16922,16211,-101,-4.2
48417,3109,3169,-16,1.9
48419,24048,24192,-45,0.6
48421,2791,2771,14,-0.7
48423,234200,249091,1823,6.4
48425,9206,10098,195,9.7
48427,65871,66587,-385,1.1
48429,9094,9475,95,4.2
48431,1384,1387,2,0.2
48433,1245,1235,33,-0.8
48435,3357,3269,28,-2.6
48437,6948,6877,-54,-1
48439,2116297,2230708,-3163,5.4
48441,143493,148813,-175,3.7
48443,750,718,20,-4.3
48445,11790,11602,-65,-1.6
48447,1451,1532,13,5.6
48449,31294,31547,-143,0.8
48451,120201,120103,232,-0.1
48453,1296610,1363767,-13504,5.2
48455,13638,14489,309,6.2
48457,19829,20560,177,3.7
48459,41040,44050,594,7.3
48461,3303,3128,-17,-5.3
48463,24564,25138,-135,2.3
48465,47605,47999,-495,0.8
48467,59748,65304,1342,9.3
48469,91315,91949,-152,0.7
48471,76563,83722,800,9.4
48473,57289,65109,575,13.7
48475,11677,11038,7,-5.5
48477,35802,37810,423,5.6
48479,267368,272823,-2517,2
48481,41586,42035,52,1.1
48483,4976,4824,-6,-3.1
48485,129624,129984,-659,0.3
48487,12845,12455,-47,-3
48489,20141,20027,-8,-0.6
48491,615631,727480,14980,18.2
48493,50051,55415,828,10.7
48495,7754,7381,-171,-4.8
48497,68936,81275,3058,17.9
48499,45038,48742,925,8.2
48501,7673,7581,-71,-1.2
48503,17844,18236,99,2.2
48505,13875,13819,-119,-0.4
48507,9660,9209,-212,-4.7
49001,7088,7424,48,4.7
49003,57948,64120,645,10.7
49005,133629,145487,-185,8.9
49007,20480,20613,40,0.6
49009,952,956,-26,0.4
49011,363768,378470,-112,4
49013,19625,20803,128,6
49015,9848,10161,11,3.2
49017,5098,5290,-19,3.8
49019,9683,9788,-150,1.1
49021,57711,65936,616,14.3
49023,11826,13297,145,12.4
49025,7688,8525,73,10.9
49027,13055,13572,70,4
49029,12386,13093,41,5.7
49031,1438,1534,-2,6.7
49033,2504,2752,64,9.9
49035,1187028,1216274,-10002,2.5
49037,14518,14601,121,0.6
49039,28524,30732,-29,7.7
49041,21564,22520,103,4.4
49043,42485,43109,-327,1.5
49045,73351,84488,1625,15.2
49047,35675,38307,23,7.4
49049,663606,747234,5031,12.6
49051,35063,37858,111,8
49053,182029,207943,4178,14.2
49055,2506,2608,-13,4.1
49057,263001,276118,1012,5
50001,37354,38047,-28,1.9
50003,37312,37039,26,-0.7
50005,30179,30535,29,1.2
50007,168419,170851,-280,1.4
50009,5920,6037,81,2
50011,50049,51066,193,2
50013,7275,7528,35,3.5
50015,25925,26248,-132,1.2
50017,29295,30050,158,2.6
50019,27401,27726,140,1.2
50021,60464,60198,89,-0.4
50023,59770,59844,-425,0.1
50025,45878,45627,-200,-0.5
50027,57736,57697,-197,-0.1
51001,33397,33411,-29,0
51003,112560,117313,713,4.2
51005,15194,14632,72,-3.7
51007,13267,13716,139,3.4
51009,31313,31650,152,1.1
51011,16158,16957,174,4.9
51013,238829,239807,-310,0.4
51015,77589,78622,659,1.3
51017,4188,4071,29,-2.8
51019,79581,82182,747,3.3
51021,6256,6186,10,-1.1
51023,33641,34129,88,1.5
51025,15827,15750,79,-0.5
51027,20250,18632,-117,-8
51029,16830,17115,208,1.7
51031,55610,55342,385,-0.5
51033,30929,33477,695,8.2
51035,29145,29242,235,0.3
51036,6746,6564,-23,-2.7
51037,11539,11258,-66,-2.4
51041,365350,389793,2096,6.7
51043,14817,15598,243,5.3
51045,4880,4829,45,-1
51047,52766,56125,606,6.4
51049,9679,10062,208,4
51051,14077,13411,-61,-4.7
51053,27889,28576,326,2.5
51057,10597,10683,133,0.8
51059,1148680,1160925,-8323,1.1
51061,73010,75865,305,3.9
51063,15473,15658,26,1.2
51065,27294,28746,265,5.3
51067,54475,55637,352,2.1
51069,91907,98109,1588,6.7
51071,16786,16533,186,-1.5
51073,38724,40154,230,3.7
51075,24873,28223,1047,13.5
51077,15279,15265,214,-0.1
51079,20608,21744,234,5.5
51081,11396,11150,31,-2.2
51083,33928,33448,255,-1.4
51085,110207,115309,1099,4.6
51087,334939,338696,-336,1.1
51089,50848,49385,240,-2.9
51091,2240,2348,10,4.8
51093,38710,40942,318,5.8
51095,78487,82797,464,5.5
51097,6589,6747,29,2.4
51099,26827,28816,344,7.4
51101,17922,19232,142,7.3
51103,10905,11062,246,1.4
51105,22107,21780,183,-1.5
51107,422723,443380,-730,4.9
51109,37784,42109,1070,11.4
51111,11950,12060,54,0.9
51113,13861,14252,117,2.8
51115,8519,8602,96,1
51117,30283,30824,333,1.8
51119,10611,10949,80,3.2
51121,99584,98998,-1115,-0.6
51125,14739,14766,151,0.2
51127,23126,27218,974,17.7
51131,12215,12004,18,-1.7
51133,11837,12397,111,4.7
51135,15645,15632,112,-0.1
51137,36396,38986,528,7.1
51139,23689,23686,119,0
51141,17591,17308,71,-1.6
51143,60380,59410,180,-1.6
51145,30451,32392,246,6.4
51147,21893,22276,275,1.7
51149,43086,43589,376,1.2
51153,482863,497003,-3563,2.9
51155,33800,33579,165,-0.7
51157,7323,7479,38,2.1
51159,8918,9215,69,3.3
51161,96952,97334,203,0.4
51163,22657,22368,177,-1.3
51165,83779,87674,792,4.6
51167,25756,25420,36,-1.3
51169,21586,21388,191,-0.9
51171,44256,45441,234,2.7
51173,29780,29137,212,-2.2
51175,17951,17941,38,-0.1
51177,140611,152021,1403,8.1
51179,157767,168919,1347,7.1
51181,6551,6579,20,0.4
51183,10798,10753,17,-0.4
51185,40411,38875,91,-3.8
51187,40797,42461,299,4.1
51191,53903,54098,430,0.4
51193,18505,19235,424,3.9
51195,36066,34973,32,-3
51197,28322,28100,65,-0.8
51199,70238,71410,198,1.7
51510,159144,159102,-1359,0
51520,17303,16316,-140,-5.7
51530,6621,6581,32,-0.6
51540,46434,44767,-868,-3.6
51550,249726,254997,-447,2.1
51570,18166,18674,179,2.8
51580,5745,5663,92,-1.4
51590,42578,41993,59,-1.4
51595,5694,5402,-64,-5.1
51600,24179,26340,42,8.9
51610,14677,15034,40,2.4
51620,8148,8373,87,2.8
51630,27995,29992,163,7.1
51640,6717,6739,-46,0.3
51650,137282,137596,37,0.2
51660,51705,51164,-1193,-1
51670,23012,22970,100,-0.2
51678,7315,7802,131,6.7
51680,78993,80301,-46,1.7
51683,42695,43616,-709,2.2
51685,17164,16611,-64,-3.2
51690,13476,13834,59,2.7
51700,186052,183056,-1624,-1.6
51710,237813,231105,-2550,-2.8
51720,3681,3478,22,-5.5
51730,33398,34058,583,2
51735,12473,12854,264,3.1
51740,97997,96482,-526,-1.5
51750,16115,17273,231,7.2
51760,226923,233655,352,3
51770,99898,97912,-9,-2
51775,25396,25908,132,2
51790,25809,26361,373,2.1
51800,94794,103105,1608,8.8
51810,459673,454808,-2284,-1.1
51820,22277,23498,373,5.5
51830,15473,16030,-201,3.6
51840,28003,27800,-114,-0.7
53001,20609,21039,-127,2.1
53003,22328,22523,69,0.9
53005,207426,218190,1173,5.2
53007,79307,81228,200,2.4
53009,77365,77958,970,0.8
53011,505363,527269,1213,4.3
53013,3953,4025,-19,1.8
53015,111021,113982,796,2.7
53017,43032,45795,191,6.4
53019,7197,7543,102,4.8
53021,97152,101238,-220,4.2
53023,2297,2404,52,4.7
53025,99445,104717,116,5.3
53027,75863,77893,496,2.7
53029,87007,86478,-12,-0.6
53031,33061,33944,443,2.7
53033,2274349,2340211,-12501,2.9
53035,275832,281420,2183,2
53037,46823,48172,228,2.9
53039,22820,24124,248,5.7
53041,82562,87049,775,5.4
53043,10927,11862,125,8.6
53045,66033,69632,660,5.5
53047,42147,44942,188,6.6
53049,23492,24245,213,3.2
53051,13506,14332,96,6.1
53053,923655,941170,951,1.9
53055,17826,18668,21,4.7
53057,129901,132736,372,2.2
53059,12045,12660,19,5.1
53061,829975,864113,67,4.1
53063,541198,555947,1018,2.7
53065,46589,49015,363,5.2
53067,296018,302912,2134,2.3
53069,4448,4800,78,7.9
53071,62629,62068,254,-0.9
53073,227451,234954,1276,3.3
53075,47821,48399,-169,1.2
53077,256736,258523,-1371,0.7
54001,15462,15369,-49,-0.6
54003,122699,136287,2788,11.1
54005,21746,20496,27,-5.7
54007,12396,12051,3,-2.8
54009,22484,21285,13,-5.3
54011,94245,91489,-165,-2.9
54013,6196,5873,-2,-5.2
54015,8013,7689,16,-4
54017,7790,7615,-39,-2.2
54019,40445,38600,-163,-4.6
54021,7399,7116,-63,-3.8
54023,10995,10971,24,-0.2
54025,32903,31851,-68,-3.2
54027,23085,23793,259,3.1
54029,29043,28054,25,-3.4
54031,14241,14335,63,0.7
54033,65842,64472,204,-2.1
54035,27726,27718,0,0
54037,57785,61264,1368,6
54039,180208,173906,-173,-3.5
54041,17020,16477,-31,-3.2
54043,20368,19377,-146,-4.9
54045,32516,30560,-117,-6
54047,18939,17147,-62,-9.5
54049,56234,55649,74,-1
54051,30529,29354,-66,-3.8
54053,25413,24770,105,-2.5
54055,59519,57524,-140,-3.4
54057,26901,26778,69,-0.5
54059,23487,21712,-154,-7.6
54061,105912,108697,64,2.6
54063,12386,12462,162,0.6
54065,17087,17780,283,4.1
54067,24562,24017,39,-2.2
54069,42307,41090,44,-2.9
54071,6129,5944,-13,-3
54073,7653,7358,-27,-3.9
54075,7864,7653,-10,-2.7
54077,34191,34055,90,-0.4
54079,57443,57067,200,-0.7
54081,74407,72379,97,-2.7
54083,27892,27190,-42,-2.5
54085,8422,8170,21,-3
54087,13984,13540,-29,-3.2
54089,11940,11544,85,-3.3
54091,16693,16438,119,-1.5
54093,6754,6573,0,-2.7
54095,8292,7843,30,-5.4
54097,23818,23650,117,-0.7
54099,38865,37589,-25,-3.3
54101,8352,7947,-19,-4.8
54103,14412,13766,-131,-4.5
54105,5187,4924,-26,-5.1
54107,84146,82757,5,-1.7
54109,21319,19964,-114,-6.4
55001,20682,21352,-4,3.2
55003,16015,16196,71,1.1
55005,46723,46810,-87,0.2
55007,16238,16838,69,3.7
55009,268966,273909,259,1.8
55011,13323,13464,-2,1.1
55013,16578,17187,184,3.7
55015,52478,53602,132,2.1
55017,66346,67323,377,1.5
55019,34629,34801,-247,0.5
55021,58520,58113,73,-0.7
55023,16084,16008,32,-0.5
55025,562620,588347,976,4.6
55027,89344,88635,232,-0.8
55029,30119,30512,138,1.3
55031,44348,44276,-38,-0.2
55033,45453,46135,162,1.5
55035,105877,108830,418,2.8
55037,4563,4673,24,2.4
55039,104156,104269,-112,0.1
55041,9168,9506,154,3.7
55043,51979,52330,338,0.7
55045,37033,37183,205,0.4
55047,19027,19370,-11,1.8
55049,23718,23963,42,1
55051,6140,6235,1,1.5
55053,21095,21027,113,-0.3
55055,86208,86245,174,0
55057,26780,26590,166,-0.7
55059,169202,168754,165,-0.3
55061,20563,20751,5,0.9
55063,120943,121060,215,0.1
55065,16604,17306,12,4.2
55067,19466,19535,212,0.4
55069,28429,28461,106,0.1
55071,81412,81513,214,0.1
55073,138114,139091,-150,0.7
55075,41900,42343,428,1.1
55077,15580,15743,2,1
55078,4258,4286,68,0.7
55079,938609,924740,-5604,-1.5
55081,46299,46370,39,0.2
55083,39077,40037,344,2.5
55085,37877,38175,260,0.8
55087,190973,195390,496,2.3
55089,91627,93956,173,2.5
55091,7343,7555,47,2.9
55093,42229,43380,134,2.7
55095,45029,45831,116,1.8
55097,70412,72040,396,2.3
55099,14036,14087,101,0.4
55101,198065,198651,622,0.3
55103,17283,17123,-109,-0.9
55105,163761,165461,760,1
55107,14181,14168,-39,-0.1
55109,93893,97954,301,4.3
55111,65793,66486,58,1.1
55113,18119,18835,323,4
55115,40869,41299,198,1.1
55117,118058,118331,-85,0.2
55119,19938,20167,-16,1.1
55121,30813,30801,-323,0
55123,30710,31351,156,2.1
55125,23097,23948,215,3.7
55127,105310,106029,-186,0.7
55129,16623,16982,118,2.2
55131,136811,138727,146,1.4
55133,407518,417029,1591,2.3
55135,51806,51171,60,-1.2
55137,24550,25079,155,2.2
55139,171796,173307,789,0.9
55141,74189,73943,-20,-0.3
56001,37115,39288,-102,5.9
56003,11479,12084,-10,5.3
56005,47146,47946,144,1.7
56007,14508,14250,-64,-1.8
56009,13750,13766,-108,0.1
56011,7179,7775,189,8.3
56013,39190,39721,5,1.4
56015,12517,12635,9,0.9
56017,4620,4625,14,0.1
56019,8469,8803,32,3.9
56021,100733,101783,493,1
56023,19658,21000,4,6.8
56025,80300,80410,364,0.1
56027,2453,2301,-12,-6.2
56029,29666,31082,269,4.8
56031,8632,8512,-45,-1.4
56033,31005,32978,325,6.4
56035,8740,8965,-26,2.6
56037,42196,41273,-146,-2.2
56039,23384,23272,-390,-0.5
56041,20461,20621,-98,0.8
56043,7663,7662,-54,0
56045,6817,6866,68,0.7
