fips,poverty_rate_pct,median_hh_income,pct_65_pluse
01001,10.7,69841,16.3
01003,10.5,75019,21.7
01005,21.9,44290,20.1
01007,20.5,51215,17.4
01009,14.1,61096,18.6
01011,25.7,36723,18.6
01013,21,44881,22
01015,17.5,55826,18.2
01017,15.5,49295,20.3
01019,14.5,50769,24.4
01021,13.6,61873,17
01023,19.5,44483,24.4
01025,20.5,49167,21.1
01027,16.5,51852,20.6
01029,13.2,53319,20.1
01031,17.6,64672,17.2
01033,16.9,56736,20.4
01035,27.6,42266,24.9
01037,11.6,57063,25.3
01039,18,50886,22.2
01041,16.2,49040,20.2
01043,13.9,60916,19
01045,18.7,53955,18.1
01047,29,36810,20.4
01049,20.4,51149,17.6
01051,10.3,75553,16.5
01053,21.2,44447,19
01055,17.1,53070,19.7
01057,18.7,50733,21.9
01059,17.4,51493,16.7
01061,19.1,50951,20.3
01063,35.9,31495,25.1
01065,23.9,41325,20
01067,15.8,60135,23.8
01069,18,57531,18.7
01071,16.8,49454,20.9
01073,16.3,64589,16.8
01075,15.1,47447,22.4
01077,13.6,59082,20.5
01079,13.7,60040,19
01081,18.9,61123,13.3
01083,10.1,83534,15.6
01085,29.6,35160,20.6
01087,22.1,45951,21.2
01089,10.5,83528,15.7
01091,22.6,44205,20.6
01093,16.8,50714,21.4
01095,16.3,60946,17.1
01097,16.3,58119,17.3
01099,22.6,40225,21.6
01101,19.3,58153,16.2
01103,13.6,64858,18
01105,31.2,34368,21.6
01107,22.6,47014,19.9
01109,23.4,47961,15.6
01111,18.4,51551,21.9
01113,22.2,50046,15.3
01115,11.2,78993,17.9
01117,6.9,93543,16.8
01119,28.1,37981,19.8
01121,17.7,56249,19.4
01123,15.2,57185,23.3
01125,16.7,63947,13.9
01127,18,54509,19.7
01129,18.4,60503,21
01131,29,42236,21.7
01133,19.5,48032,22
02013,12.4,72692,13.1
02016,9.2,107344,6
02020,9.3,98152,12.9
02050,24,70616,8.4
02060,9.7,100625,18.5
02063,4.8,88565,13.9
02066,11.4,75053,25.9
02068,6.6,88935,12.2
02070,16.3,74250,12
02090,6.2,84722,12.7
02100,6.1,72607,21.9
02105,12.6,62500,28.3
02110,8.2,100513,16
02122,11.6,77722,20
02130,9.5,89155,17.7
02150,7.7,83716,13.9
02158,31.2,48233,6.8
02164,15.2,64000,10.7
02170,10.3,90625,13.7
02180,21.1,76643,8.9
02185,8.3,86313,8.1
02188,18.4,81298,8.5
02195,5.7,77026,23.5
02198,15.1,59079,20.6
02220,8.4,101207,17.7
02230,6.2,78594,18.2
02240,13.3,74223,15.6
02275,10.9,64545,27.4
02282,7.8,80625,26.8
02290,20.8,52642,17.3
04001,31.2,40338,16.8
04003,15.5,58970,24.8
04005,17.7,69748,14.5
04007,17.8,59089,30.9
04009,17.7,67326,14.5
04011,10.8,75239,14.1
04012,18.4,49506,43.1
04013,11.3,85518,16.3
04015,16.8,55799,32.6
04017,24.7,52752,20.1
04019,14.4,67929,21.6
04021,10.9,77588,21.5
04023,20.2,53614,19.3
04025,12.6,66106,34.1
04027,16.5,60417,20.7
05001,14.7,60831,20.1
05003,22.7,44481,21.5
05005,14.5,48427,31
05007,7.6,89879,13.8
05009,13.4,54195,21.2
05011,20.1,39565,19
05013,13.3,63654,23.8
05015,16.3,55187,23.4
05017,24.4,39683,22.3
05019,20.2,50985,16.4
05021,17.2,48500,21.8
05023,13.8,55979,27.4
05025,15.6,50509,21.2
05027,22.7,47363,17.5
05029,20.6,51212,19.7
05031,19.1,57615,13.9
05033,16.8,60362,17.9
05035,20.7,54271,15.3
05037,20.1,47012,18.9
05039,11.2,44694,25.5
05041,28.9,36064,20.1
05043,22.7,41071,18.2
05045,15,65071,13.7
05047,18.9,51919,20.7
05049,14.8,38941,26
05051,16.5,55409,24.7
05053,12.3,72512,18.5
05055,17,56793,16.2
05057,19,47654,18.7
05059,17.1,52644,20.1
05061,19.8,44492,18.8
05063,19.6,56009,17.6
05065,21.1,47728,25.1
05067,21.2,41215,17.9
05069,20.6,48552,18.6
05071,19.4,44808,17
05073,27.2,37237,25.8
05075,18.2,44164,18.9
05077,27.7,36860,20.4
05079,17.7,51667,14.8
05081,16.5,52241,21.3
05083,14.4,54237,19.9
05085,11.1,71449,14.7
05087,15,53888,19.7
05089,17.8,46953,29
05091,21,49983,17.1
05093,21,53428,15.6
05095,22.2,43955,23.5
05097,20.8,49015,27.3
05099,28.5,41761,21.7
05101,13.3,47395,27.7
05103,17.9,49838,21.4
05105,15.6,60078,21.1
05107,28.7,38874,20.7
05109,18.8,51000,21
05111,20.1,47188,18.5
05113,19,49252,22.7
05115,17.6,54606,16.5
05117,9.4,51094,23.6
05119,16.2,60385,16.7
05121,21.1,52838,19.3
05123,27.8,41784,17.9
05125,9.1,76534,18.4
05127,17.2,45955,20.2
05129,24.5,41978,25.6
05131,16.3,56450,17
05133,19.6,51641,15.7
05135,17.3,42950,25.5
05137,21.6,38531,28.2
05139,19.4,50221,19.2
05141,19.5,47266,27.1
05143,14.8,66426,12.3
05145,16.4,53435,17
05147,22.8,49982,24.8
05149,13.3,58870,17.7
06001,9.2,126240,15.4
06003,12.3,110781,21.1
06005,7.8,81526,27.6
06007,18.3,68574,18.4
06009,13.4,79877,29.2
06011,10.8,75149,15.5
06013,8.3,125727,17.1
06015,11.6,66780,20.5
06017,8.3,106190,23.5
06019,18.7,71434,12.9
06021,12.4,70487,17.2
06023,18.9,61135,19.8
06025,19.6,56393,13.7
06027,10.5,72432,24.9
06029,19,67660,11.9
06031,16.8,68750,10.8
06033,16.7,58738,23.9
06035,13.7,64395,16.5
06037,13.6,87760,15.2
06039,19.9,75496,14.4
06041,7.8,142785,23.8
06043,13.9,65378,29.7
06045,15.2,64688,24.5
06047,18.4,65044,11.7
06049,20.3,56648,31.7
06051,11,86953,17.5
06053,12.6,94486,14.9
06055,8.4,108970,21.1
06057,10.6,84905,29.3
06059,9.5,113702,16.3
06061,6.7,114678,20.5
06063,10.7,64946,31.5
06065,11.1,89672,15.4
06067,12.6,88724,15.3
06069,7.8,108289,13.7
06071,13.6,82184,12.6
06073,10.4,102285,15.4
06075,10.6,141446,17.6
06077,12.6,88531,13.5
06079,12.8,93398,22.1
06081,6.5,156000,17.8
06083,13.8,95977,16.6
06085,6.9,159674,14.8
06087,11.2,109266,19
06089,13,71931,21.5
06091,12.3,60000,35.1
06093,16.6,55499,27.8
06095,9.7,99994,17.4
06097,8.6,102840,21.5
06099,13.1,79661,13.8
06101,14.8,75450,16.4
06103,15.4,61834,20.1
06105,18,53498,30.2
06107,17.8,69489,11.9
06109,10.7,72259,28.1
06111,9,107327,17.4
06113,16.3,88818,13.5
06115,15.3,73313,13.1
08001,9.4,91387,11.3
08003,18.2,51445,15.1
08005,8.5,97215,14.4
08007,8.3,76524,28.8
08009,24.1,40380,25.8
08011,31.7,49194,18.9
08013,11.4,102772,16.4
08014,5,121025,15.6
08015,10,70909,26.3
08017,11.4,67768,19.6
08019,6.8,96667,22.7
08021,13.8,47209,20.6
08023,22.3,36519,28.5
08025,18.2,47563,15.5
08027,9.7,72700,33.1
08029,14.2,58330,28.4
08031,11.2,91681,12.5
08033,18.8,70490,31.9
08035,3.2,145737,13.9
08037,8.3,103174,14.3
08039,5.3,129477,18.8
08041,8.5,87470,14
08043,14,61027,22.9
08045,9.1,86172,14.8
08047,10,88654,22.3
08049,9,84558,20.9
08051,13.1,77358,15.1
08053,4.5,64327,30.9
08055,17.5,52139,34.8
08057,18.2,41809,32.6
08059,6.7,107800,17.9
08061,12.8,56389,22
08063,9.1,59810,19.8
08065,7.2,93655,15.1
08067,12.4,85296,20.8
08069,11.1,91364,17.4
08071,17.4,50408,26
08073,10.3,54257,18.3
08075,13.1,55074,19.1
08077,11.2,71485,21.1
08079,13,52455,32.6
08081,11.7,70975,16.6
08083,13.2,63005,25
08085,11.9,66072,26
08087,12.3,75407,16
08089,23.6,54897,21.3
08091,5,84556,35.8
08093,7.2,95450,23.8
08095,15.7,60372,20.6
08097,7.2,100318,22.8
08099,17.2,57601,18.8
08101,15.4,62250,19.7
08103,9,72620,17.5
08105,14.9,62166,22.8
08107,6.4,104803,18.5
08109,17.6,54283,26.7
08111,16.8,73889,18.5
08113,8.4,80117,18.6
08115,14.5,52833,24.2
08117,7.4,106255,15.7
08119,7.6,80666,25.1
08121,7.6,65164,22.5
08123,9,93287,12.9
08125,15,60051,18.4
09110,10.3,91541,18
09120,13.2,87135,16
09130,6.9,101117,22.2
09140,10.3,86365,19.2
09150,8.6,87564,19.8
09160,9.2,91035,23.1
09170,11.6,86266,18.6
09180,10.6,84185,19.5
09190,7.4,124553,17.4
10001,11.3,72872,18.3
10003,10.2,89901,17.1
10005,11.5,78162,30.2
11001,14.5,106287,12.8
12001,19.7,59659,15.3
12003,13.1,70833,15.2
12005,11.7,70188,18.3
12007,19.1,59740,18.2
12009,9.9,75817,24.5
12011,12.2,74534,17.9
12013,21.2,46901,18.6
12015,9.6,66154,40.5
12017,15.5,55355,36.5
12019,9.1,86094,17.1
12021,10.5,86173,33.8
12023,17,55070,20.3
12027,23.1,50868,23.8
12029,19.3,47655,23.9
12031,14.6,68447,15.3
12033,14.5,65715,17.9
12035,9.4,72923,31.3
12037,17.3,62734,26.5
12039,27.7,46047,19.9
12041,11.2,61070,20.2
12043,21.2,38905,26
12045,11.6,67361,23.7
12047,27.3,47696,19.7
12049,24.3,54231,16.1
12051,21.6,53044,13.8
12053,12,63193,26.4
12055,15.4,55581,36
12057,13.2,75011,15
12059,14.4,48236,21.2
12061,11.4,71049,34.8
12063,18.8,47327,20.9
12065,20.3,56984,24.5
12067,17.8,60692,21.4
12069,9.5,69956,26.6
12071,11.7,73099,28.9
12073,18.5,65074,14.8
12075,17.2,53805,25.1
12077,20.8,53824,14.1
12079,20.9,48176,22.9
12081,10.4,75792,28.5
12083,14.6,58535,28.7
12085,11.4,80701,32.2
12086,14.9,68694,16.9
12087,10.4,82430,24.7
12089,9.2,88900,23.9
12091,9.3,79097,16.6
12093,19,52288,20
12095,13,77011,13
12097,12.5,68711,13.4
12099,11.1,81115,24.8
12101,11.1,67384,21.9
12103,11.4,70293,26.4
12105,14.7,63644,19.5
12107,23.9,47256,23.8
12109,6.7,106169,21.1
12111,11.6,69027,24.6
12113,8.4,88968,16.7
12115,8.2,80633,37.5
12117,9.2,83030,16.6
12119,9.1,73297,57.7
12121,14.2,55479,21.2
12123,17.3,44985,21.2
12125,18.7,64922,16.6
12127,12.2,66581,25.4
12129,5.6,74183,16.5
12131,11.4,79281,20.1
12133,18.9,52723,18.8
13001,23.8,43728,18.6
13003,25,38438,14.2
13005,20.9,50310,17.9
13007,29.4,44405,27.2
13009,22,55413,17.2
13011,12.8,68830,17.4
13013,10.2,77477,12.9
13015,10.1,79431,14.6
13017,25.7,39081,18
13019,22.1,50414,17.6
13021,24.8,50747,16.4
13023,20.5,53005,18.1
13025,16.9,47801,17.4
13027,25.4,47656,22
13029,7.2,94234,10.9
13031,22.5,56832,12.4
13033,19.2,50739,17.7
13035,12.9,59221,15.8
13037,22.7,55714,17.3
13039,15,72399,15.3
13043,17.5,50431,19.1
13045,15.6,72327,14.2
13047,8.7,72425,18.7
13049,22.5,48534,14.3
13051,14.3,69575,16.7
13053,16.2,59221,4.5
13055,20.1,47785,18.7
13057,6.5,105442,15.8
13059,25.9,52267,12.5
13061,23,48715,29.2
13063,16.8,58507,10.7
13065,22.9,55549,17.8
13067,8.5,98712,13.7
13069,19.8,50175,14.6
13071,23.9,49691,16.1
13073,6.8,96122,15.1
13075,20.5,50133,16.2
13077,8.2,94142,15.2
13079,13.3,60905,20.2
13081,24.1,42745,19.8
13083,8.5,58936,21
13085,9.2,88986,19.5
13087,24.8,50485,17.1
13089,13.5,77683,13.8
13091,22.2,50152,19.8
13093,19.7,56545,22.3
13095,26.4,46784,17.4
13097,11.3,80764,12.2
13099,21.1,53750,19.9
13101,12.4,61723,12.3
13103,7.4,85465,12.5
13105,20.6,49727,21.2
13107,24.7,50053,16.4
13109,18.4,53908,17.1
13111,12,58073,30.9
13113,5.5,108986,20
13115,16.8,62540,16.8
13117,4.5,138000,12.7
13119,20.4,52264,19.1
13121,12.9,91490,12.7
13123,14.7,72542,27
13125,12.2,55250,18.5
13127,16.3,68546,22.7
13129,12.9,61997,15.8
13131,20.6,54312,19
13133,8.8,84530,30.9
13135,10.5,84823,11.3
13137,13.6,65622,19.3
13139,12.7,77430,16.3
13141,31.5,33182,25.2
13143,15.1,65016,15.5
13145,7.4,89184,19.2
13147,11.5,57241,22.6
13149,18.7,62907,17.6
13151,9.4,81612,12.5
13153,10.1,80743,13.7
13155,18.1,53915,18.1
13157,8.3,85012,14.5
13159,14,59574,17.5
13161,26.6,40879,15.7
13163,18.8,46561,18.7
13165,23.6,36906,21.2
13167,17.5,54183,20.3
13169,13.5,68259,18
13171,10.5,68457,17.7
13173,27.7,44361,15.2
13175,22.4,49705,18.4
13177,7,88024,13.8
13179,14.5,59013,10.1
13181,18.1,50688,25.8
13183,16,64747,9.8
13185,20.3,55887,13.3
13187,15.7,72388,18.6
13189,19,54058,19
13191,22.4,50348,29.6
13193,25.5,37177,19
13195,18.9,58784,18.4
13197,16.9,50484,21.8
13199,19.7,56458,21.4
13201,24.1,58407,22.5
13205,25.5,51908,18.6
13207,11.4,82863,19.1
13209,16.4,51188,17.8
13211,7.4,85692,20.5
13213,13,67880,15
13215,18.8,56622,14.8
13217,12.3,73732,13.4
13219,6.1,115925,16.8
13221,11.2,69784,19.1
13223,6.1,94557,11.7
13225,17.7,68365,16.7
13227,13.3,75293,23
13229,13.2,56691,17.1
13231,9.6,84184,15.8
13233,19.4,55308,15.4
13235,18.3,47688,23.2
13237,18.6,64163,24.8
13239,15.5,36838,37.2
13241,14.8,61466,28.8
13243,26.8,25425,22.2
13245,21.1,53197,15.3
13247,10.7,72349,15.8
13249,13.2,59647,14.6
13251,18.1,53017,20.7
13253,19,49559,25.7
13255,18.7,60217,19.1
13257,13.9,52264,21.2
13259,27.8,35000,16.2
13261,22.7,41877,17.7
13263,21.6,45098,27.4
13265,21.4,48036,29.5
13267,22.7,52351,15.4
13269,29.4,41743,21.9
13271,31,44948,19
13273,33,43812,20.9
13275,17.9,60140,19
13277,20.9,53165,15.9
13279,19.7,54130,17.1
13281,12.9,58400,36.9
13283,25,43750,18.7
13285,18.5,54905,15.9
13287,21.6,39565,19.3
13289,14.9,55439,24.6
13291,10.4,65697,34.2
13293,21.3,50904,18.6
13295,13.8,55887,19.6
13297,12.2,82381,16.3
13299,22.8,44833,17.1
13301,21.8,46776,23.4
13303,15.5,44009,18.3
13305,20.5,49562,16.1
13307,26.4,40764,19.4
13309,21.5,45262,17.7
13311,11.7,69747,23.2
13313,13.7,64262,14.9
13315,23.1,48036,19.9
13317,17,52542,24.2
13319,20.3,46673,20.6
13321,20.2,57201,20.4
15001,14.6,77215,23.8
15003,9.1,104264,19.6
15005,31.7,86250,20.9
15007,8.8,93612,22.4
15009,9.8,95076,20.7
16001,8.5,88907,16.2
16003,15,59286,30.1
16005,12.2,64080,15.3
16007,10.2,67304,21.2
16009,15,56553,23.9
16011,11,76842,15.2
16013,7.4,84470,22.7
16015,8.2,77349,28.3
16017,10.7,65168,26.4
16019,9.5,76646,13.9
16021,17.2,62438,23.5
16023,21.3,43281,20.3
16025,6.7,55536,19.3
16027,10.1,72355,14.5
16029,7.3,66653,18.1
16031,10.3,67042,14.5
16033,12.7,52083,12.1
16035,12.5,57961,29
16037,11.5,56957,36.6
16039,12.4,58976,14.8
16041,8.4,65991,14.9
16043,9.8,72767,18.3
16045,10.4,66245,23.1
16047,15.3,62395,18.5
16049,10.8,60975,29.4
16051,9.2,82952,11.9
16053,13.9,69338,13.4
16055,9.3,77034,20.1
16057,15.3,65179,14.8
16059,11.8,52057,30.9
16061,17.4,49643,28.3
16063,9.4,66038,15.4
16065,26.8,58259,5.4
16067,14.9,70060,16.1
16069,13.1,71466,21.1
16071,11.8,72563,19.9
16073,13.4,59773,19.3
16075,9,65723,19.8
16077,8.1,59760,17
16079,15.1,49975,23.3
16081,9.4,90740,14.3
16083,10.7,65338,16.6
16085,14.2,76125,27
16087,15.3,53608,26.6
17001,12.3,64962,20.6
17003,21,43523,24.9
17005,12.7,61603,18.8
17007,10.5,81638,16.7
17009,8.9,72288,16.3
17011,12.6,65894,23.2
17013,5.8,92095,25.4
17015,13.6,60871,24.2
17017,10.9,64907,18
17019,18,63091,13.9
17021,11.1,59253,20.3
17023,9.5,70625,20.3
17025,16.7,57266,20.9
17027,7.5,82314,18.8
17029,18.4,56040,18.4
17031,13.3,81797,16
17033,11.6,67614,19.8
17035,9.9,69826,21
17037,15.9,69022,13.9
17039,10.1,64802,20.7
17041,8.9,74186,18.6
17043,6.4,110502,17.3
17045,11.8,56909,24.7
17047,17,59386,22.6
17049,10.6,75380,18.8
17051,16.5,57113,19.5
17053,12.7,60782,19.6
17055,16.9,53471,21
17057,12.6,58617,21.5
17059,15.6,54626,25.3
17061,14.2,60976,20.8
17063,6.3,93060,15.1
17065,12.5,61520,22.9
17067,12.7,65044,24.6
17069,10.5,57155,29.8
17071,11.6,65651,27.6
17073,8.1,69912,21.8
17075,13.4,62439,22.6
17077,21.8,45572,16.5
17079,8.7,71094,21
17081,14.2,61102,20
17083,10,79104,20.6
17085,8,74954,29.9
17087,16.7,65203,19.7
17089,8.3,100678,15.5
17091,12.5,68325,17.8
17093,4.9,110474,11.2
17095,15.9,53291,22.2
17097,8.1,108917,15.8
17099,13.5,72281,19.9
17101,14.7,53438,18.5
17103,11.7,68459,21.3
17105,10,70796,20.1
17107,13.7,64188,19.5
17109,19.9,50434,19.3
17111,6.1,102836,16.5
17113,13,78329,14.6
17115,14.6,62449,21
17117,14.4,68518,21.6
17119,11.3,74800,18.5
17121,16.2,60839,20.2
17123,11.7,69818,24
17125,14,62127,23.1
17127,14.9,62584,22
17129,9.8,81334,20.8
17131,7.9,71710,21.9
17133,4.6,101635,19.7
17135,13.8,61863,21.5
17137,12.5,65175,20.9
17139,9.8,71676,19
17141,8.9,79244,20
17143,15.4,64938,18.3
17145,16.9,59286,20.3
17147,5.9,87516,21.1
17149,15.3,58029,21.8
17151,14.3,62500,29
17153,26.1,43227,23.4
17155,9.9,77526,24.6
17157,12.3,68870,21.3
17159,11.9,60404,20.7
17161,15.4,66768,20.4
17163,13.6,70178,17.3
17165,17.1,54945,21.5
17167,12.9,74114,19.4
17169,19.3,66059,25.7
17171,10.6,73013,23.1
17173,10,68457,23.7
17175,12,62284,22.9
17177,13.1,61943,24.4
17179,8.7,76704,19.9
17181,19.4,56420,22.9
17183,17.2,54537,20.3
17185,14.1,53650,22.6
17187,12.8,64650,20
17189,7.8,75652,21.6
17191,13.8,53107,22
17193,16.4,53097,23.4
17195,12.1,64536,21.8
17197,7,107799,14.6
17199,14.3,65521,19.6
17201,16,64363,18.5
17203,7.6,85629,19.4
18001,12.4,63128,16.3
18003,12.2,68839,15.6
18005,12,80365,16.7
18007,12.1,61811,17.3
18009,17.5,47560,22
18011,5.1,104865,15
18013,8.6,72644,26.6
18015,8.4,64003,20.7
18017,12.7,56525,18.8
18019,9.3,72298,16.7
18021,10.7,67676,18.9
18023,8.5,63690,16.2
18025,23.8,48993,20.8
18027,10.4,68561,16
18029,8.1,82693,19.3
18031,9.3,74228,18.2
18033,10.1,70080,17.4
18035,19.9,56932,17.6
18037,9.5,71918,18.8
18039,12.5,65617,15.4
18041,16.7,56659,20.6
18043,10,78179,17.7
18045,12.4,62526,19.8
18047,8.5,79702,20.3
18049,12.6,62878,20.5
18051,10.2,67763,18.2
18053,18.8,54007,19.3
18055,13.3,59753,20.4
18057,4.3,117957,13.9
18059,4.5,91326,17.3
18061,7.5,72468,19.2
18063,5,99988,15
18065,13,60144,19.6
18067,12.5,62496,19.9
18069,10.1,62734,18.7
18071,11.2,70208,16.2
18073,6.9,79634,18.7
18075,13.2,54114,18.3
18077,11.2,59987,19.2
18079,12.5,68476,17.5
18081,7.2,87227,15.7
18083,13.4,58863,19.1
18085,9.7,73922,18.1
18087,5.7,83741,14.6
18089,14.6,68985,17.9
18091,14,70452,19.4
18093,11.3,65551,20.5
18095,12.9,62632,18.8
18097,15.1,63450,13.2
18099,10.9,68041,19
18101,16.4,65345,21
18103,15.2,61130,18.2
18105,20.2,63372,14.6
18107,11.9,66571,18.9
18109,8.5,79088,18.1
18111,13.5,68596,20.2
18113,8.5,70908,17.1
18115,8.9,67942,23.6
18117,13.3,64758,20.8
18119,11.9,59586,21.3
18121,17.2,66776,20.5
18123,12.8,61099,19.5
18125,12.2,66250,21.5
18127,9.2,85828,18.3
18129,9.9,79124,20.9
18131,11.8,59956,21.4
18133,8.1,76182,17.3
18135,15,61121,20.6
18137,9.6,71084,18.8
18139,13,64393,19.5
18141,14.6,64885,16.9
18143,14.7,54583,17.1
18145,11.5,71301,18.6
18147,6.6,70890,20.6
18149,14.8,62933,20.7
18151,8.8,71483,21.9
18153,13.5,54985,18.9
18155,11.1,65148,18.8
18157,19,58622,12.3
18159,11.5,78309,22.1
18161,6.4,79500,21.1
18163,14.4,60938,18.3
18165,13.3,59363,20
18167,20,52525,17.4
18169,10.7,68414,21.8
18171,12.7,74635,21.4
18173,6.4,95027,18.7
18175,13.5,61358,18.6
18177,16.9,56652,19.7
18179,7.2,69741,18.6
18181,10,66143,21.2
18183,10.7,75790,19.2
19001,10.3,66176,22.6
19003,9.5,68828,24.2
19005,12.1,66000,23.1
19007,20.4,51146,23.7
19009,11.8,54152,25.5
19011,7.9,84742,19.8
19013,14.7,64581,17.7
19015,6.7,79741,20
19017,7.5,83343,19.8
19019,7,78430,18.6
19021,8.2,66564,16.3
19023,10.7,69651,23.2
19025,8.6,66875,23.7
19027,8.3,68528,21.2
19029,17.4,61657,23.4
19031,7.2,79080,21
19033,9.4,65537,23.5
19035,15.2,64478,24.9
19037,7.1,73421,22.6
19039,13.8,66821,19.9
19041,11.5,64082,22.4
19043,13.6,62326,25
19045,13.1,65177,20.3
19047,16.4,65039,18
19049,5.8,102349,12.9
19051,7.2,79505,18.1
19053,15.2,57146,21.1
19055,7.9,76205,21.6
19057,14.1,60662,21.3
19059,6.3,74570,28.2
19061,9.4,75919,19.3
19063,10.4,65181,24.1
19065,12.5,58764,22.9
19067,11.4,64500,23
19069,15.1,63648,21.6
19071,7.6,73750,24.2
19073,10.4,59159,24.4
19075,6.4,83617,21
19077,9.3,79981,24.2
19079,8,71750,21.2
19081,12.1,70212,23.9
19083,8.6,64906,23.8
19085,7.5,77027,20.1
19087,12.1,64604,20.2
19089,8.4,67336,20.5
19091,13.7,66994,21.6
19093,10.4,62841,22.2
19095,9.2,72185,20.3
19097,10.3,71605,22.2
19099,8.2,70128,19.8
19101,14.6,56824,26.7
19103,16.7,74721,13.3
19105,10.4,73071,21.3
19107,12,60856,22.5
19109,9.6,65656,25.4
19111,13,59803,22.2
19113,9.9,76421,17.3
19115,9.9,80223,20.1
19117,16.5,67921,22
19119,5.3,72881,19.1
19121,6.8,89542,17.7
19123,11.9,69019,19.1
19125,7.1,78059,19.4
19127,11.1,72785,18.2
19129,6.9,87810,20.1
19131,6.9,68704,21.7
19133,11.2,62944,24.4
19135,9.2,72518,20.6
19137,12,63190,23.1
19139,11.6,69512,18.1
19141,13.8,68216,21.2
19143,16.3,69138,22.8
19145,13.4,57752,24.2
19147,11.7,68963,22.2
19149,6.8,81600,19.8
19151,8.7,63423,23.9
19153,10.1,81621,14
19155,10.9,71446,18.7
19157,11.1,64837,21.4
19159,9,69821,23.7
19161,7.9,70991,24.3
19163,11.6,76363,17.5
19165,8.5,67690,23.1
19167,6.4,84736,16.2
19169,18.6,69006,13.2
19171,15.4,67955,21
19173,10.4,67279,22.9
19175,12.6,56813,20.8
19177,12.2,60183,23.6
19179,16.7,60034,18.4
19181,5.4,92990,16.7
19183,8.5,71339,20.1
19185,15,59118,22.6
19187,11.7,68054,19.9
19189,9.8,63719,22.1
19191,7.9,75652,23.3
19193,13.3,70147,15.9
19195,7.3,76875,22.9
19197,14.8,64033,22.1
20001,13.1,57618,21
20003,10.9,64925,20.7
20005,12.8,62164,18.1
20007,17.6,57615,23.8
20009,14.7,56733,20.8
20011,11.8,67555,20
20013,14.2,58886,22.3
20015,9,80375,16.2
20017,10.5,54518,25.2
20019,16.9,54592,24
20021,13.1,58274,20.2
20023,17.4,55765,26.2
20025,9.4,65515,22.8
20027,12.9,63136,24.2
20029,10.2,57333,21.4
20031,9.6,67377,22.5
20033,11.2,49417,29.1
20035,13.9,58263,18.9
20037,20.8,50311,16
20039,13,52030,29.8
20041,8.8,67982,21.1
20043,9.8,72833,20.2
20045,15.2,68756,13.9
20047,16.4,53792,22.5
20049,16.7,56087,28.5
20051,17.7,59889,16
20053,8.5,66792,23.6
20055,11.7,72437,11.9
20057,14.4,70495,11.9
20059,9.6,72142,17.9
20061,19.3,57344,8.7
20063,4.1,63203,22.8
20065,11.3,52909,27
20067,5.4,72484,14.4
20069,6.9,77885,16.8
20071,10,78819,18.3
20073,14.9,58276,26.4
20075,3.7,61929,11.8
20077,15.3,55417,21.7
20079,8,73269,21.4
20081,10.8,69138,15.8
20083,6,63125,22.2
20085,9.1,72703,19.7
20087,6.3,77393,20
20089,12.8,52344,31.3
20091,5.3,107261,16
20093,6.1,74135,18.2
20095,9.4,59819,19.7
20097,5.7,73214,22.6
20099,16.1,55439,20.3
20101,8.1,53042,25.7
20103,8.6,86906,16.1
20105,11.9,53546,25.4
20107,10.7,59200,22.8
20109,13.2,71389,21.5
20111,15.2,59078,16.1
20113,9.1,77701,20
20115,10,63438,23.7
20117,9.4,70828,23.1
20119,6.6,74868,18.2
20121,6.7,88000,18.1
20123,12.5,58233,22.8
20125,16.3,53242,20.3
20127,12.8,56716,25.9
20129,14.8,65625,19.6
20131,7.7,77375,20.2
20133,15.4,55704,20.6
20135,11.4,66107,25
20137,8.5,50305,20.3
20139,11,70216,20.9
20141,12.5,59408,26.8
20143,12.1,76755,21
20145,11.2,63625,23.3
20147,13.8,61235,25.6
20149,7.1,87694,15.3
20151,9.5,64348,21.1
20153,10.1,65000,27.9
20155,12.4,60498,20.6
20157,14.6,53611,26.8
20159,7.4,63947,19
20161,22,59560,10
20163,5.3,61596,23.9
20165,11.4,60288,24.8
20167,15.3,53902,26.1
20169,12.3,63316,18.8
20171,8.8,67788,20
20173,14,67675,15.9
20175,13,62269,10.7
20177,12.4,66043,19.4
20179,10.4,70000,23.4
20181,10,64444,21.2
20183,7.8,57024,29.3
20185,10.8,63786,22.8
20187,12.9,70361,15.1
20189,15.3,61909,17.8
20191,10.8,60348,19.5
20193,6.9,73575,18.6
20195,5.5,73375,27.9
20197,7.1,70536,21.6
20199,12.8,60263,26
20201,8.1,62452,23.6
20203,16.3,71282,24
20205,15.8,57056,23.1
20207,12.3,48152,25.9
20209,17.5,60582,13.3
21001,18,50316,19.7
21003,15,59029,17.9
21005,12.5,71747,17
21007,13.8,64740,21.8
21009,21,49171,18.1
21011,23.5,54128,17.3
21013,27.1,32403,18.9
21015,6.6,94752,14.9
21017,13.7,56322,19.5
21019,17.7,60659,20.5
21021,14.2,61635,18.7
21023,20.1,59521,18.2
21025,28.2,41101,18.7
21027,21.3,53673,20.4
21029,9.5,77640,17.4
21031,18.6,52003,19.4
21033,13.9,57618,21.4
21035,17.2,51854,16.9
21037,10.8,77271,17.5
21039,16.7,62019,20.1
21041,18.9,57753,16.5
21043,19.6,50389,19.9
21045,24.4,41689,20.8
21047,17.2,54190,12.7
21049,12.9,67824,18.2
21051,31.8,39607,16
21053,18.4,42168,20.6
21055,18.1,47003,21.1
21057,33.9,39662,22.7
21059,15.2,65323,17.7
21061,16.8,54512,21.8
21063,27.2,40074,21.5
21065,22,43905,19.6
21067,15.7,67631,14.7
21069,22.9,49663,18.6
21071,26.6,41582,19.6
21073,13.4,66470,18.7
21075,25.7,36834,20.6
21077,14.4,62247,15.9
21079,17.1,62572,18.7
21081,12.3,67940,14.5
21083,20.5,50576,18.4
21085,19.3,49893,18.1
21087,21.5,41087,22.5
21089,15.1,59613,22
21091,15.9,66836,18.3
21093,11.7,67608,15.1
21095,27.2,37198,19.5
21097,16.4,63205,19.2
21099,21.2,49653,17.6
21101,15.4,58239,19.2
21103,16.6,60736,18.4
21105,20.8,63750,25.2
21107,19.2,57610,19.1
21109,23,41410,18.2
21111,14.5,67849,17.2
21113,10.5,74886,16.3
21115,23.4,43014,19.2
21117,11.9,79421,15.7
21119,25.9,37736,20.7
21121,36.7,33153,17.4
21123,18.9,67770,18.1
21125,21.3,56999,17.1
21127,22,45584,20.4
21129,28.9,34182,19.6
21131,27.3,40176,19
21133,26.8,40501,20.9
21135,22.6,41632,19.5
21137,18.5,50862,18.5
21139,18.9,59713,22.4
21141,14,61535,19.1
21143,10.6,64464,24.6
21145,15.3,62385,20.5
21147,35.1,37355,16.2
21149,9.3,70549,20.5
21151,15.8,62407,14.8
21153,33.4,33632,19
21155,19.5,55404,17.3
21157,13.4,63611,22.6
21159,29.2,46185,17.9
21161,18.4,51473,19.7
21163,13.7,70163,15.6
21165,28.2,44672,23.4
21167,11.4,63115,18.9
21169,25.7,48572,19.1
21171,22.2,49430,18.7
21173,15.2,57468,16.9
21175,18.2,47493,17.7
21177,17.8,52672,20.2
21179,9.7,67888,17.4
21181,18.5,53616,16.9
21183,13.1,54369,18.6
21185,4,121491,14.6
21187,17.2,59706,20.1
21189,24.9,31064,20.5
21191,14.3,66601,17.5
21193,25.5,45261,18
21195,25,42179,20.1
21197,21.7,39811,16.2
21199,20.3,50943,19.5
21201,27.4,52337,16.6
21203,24.4,48367,19.3
21205,24.5,53657,15
21207,23.4,50520,20.6
21209,10.4,83660,13.4
21211,8.6,82671,16.7
21213,15.1,57392,16.1
21215,7.4,98333,15.5
21217,16.6,61871,18.2
21219,21.7,57759,17
21221,20.4,54630,22.4
21223,13.2,67813,18.5
21225,17.4,60989,19.8
21227,16.8,64801,13.2
21229,12.6,59762,19.5
21231,24.3,41933,21.9
21233,13.9,58786,18.1
21235,25.1,41719,15.7
21237,38.1,29052,19.4
21239,10,80006,20.7
22001,24.4,45266,16.5
22003,20.4,51138,14.7
22005,10.3,92266,12.9
22007,13.9,52546,20.3
22009,27.4,39439,17.8
22011,14.1,64995,16.3
22013,32.1,34992,21.3
22015,16.4,66336,15.4
22017,22.3,50067,18.9
22019,17.8,67849,16.1
22021,25.4,44957,18.5
22023,6.3,72500,19.5
22025,28.1,47753,18.8
22027,35,31784,22.1
22029,34.8,37349,19.2
22031,21.8,46077,18.8
22033,18.6,63075,15.3
22035,35.7,28321,15.7
22037,13.5,72899,20.2
22039,23,42273,16
22041,25.6,44103,19.7
22043,16.1,61112,15.7
22045,22.6,57811,16.8
22047,15.5,57459,17.5
22049,24.3,43345,20.7
22051,16.3,65246,18.6
22053,17.8,56500,17.3
22055,17.4,67660,14.7
22057,18,63439,16.6
22059,15.5,67077,17
22061,30.7,38035,14.3
22063,13.1,78617,13.8
22065,36.7,37267,17.5
22067,30.7,36981,20.1
22069,24.1,46798,17.1
22071,22.6,55339,17.2
22073,24,51241,15.8
22075,13.4,82874,14.1
22077,17.8,59351,22.4
22079,18.9,55946,17
22081,29.4,44539,19.9
22083,23.5,52960,18.3
22085,22.7,52047,21.4
22087,22.6,57638,13.3
22089,9.8,82172,15.5
22091,30,50193,21.4
22093,10.5,64536,19.8
22095,12.6,67418,15.7
22097,24,45637,16.9
22099,16.6,53394,17.2
22101,22.1,51768,18.3
22103,12.2,79277,18.4
22105,19.4,57256,15.4
22107,32.8,36074,28.1
22109,16.5,64819,15.8
22111,28.6,45743,22.3
22113,19.2,57537,16.6
22115,18.3,58281,14
22117,24.2,42776,19.3
22119,26.9,37396,20.7
22121,16,87320,14.8
22123,15.7,48514,21.4
22125,11.6,74277,15.2
22127,22,46368,18.2
23001,13,67298,18.9
23003,14.4,54254,25.7
23005,7.1,92983,20.4
23007,11.8,58522,23.7
23009,10.2,69630,26.6
23011,12.3,65062,21.1
23013,8.8,71903,27.9
23015,8.5,72026,29.4
23017,14.2,57933,23.9
23019,13.5,63248,20.1
23021,16.5,55234,27.4
23023,11.1,82080,24.6
23025,15.6,56199,23
23027,12.8,68441,25.1
23029,17.8,52237,26.3
23031,7.8,82904,22.3
24001,17.2,57393,21.1
24003,5.5,120324,15.9
24005,10,90904,18.1
24009,4,132059,16.3
24011,12.4,66368,17.3
24013,5.3,115876,17.9
24015,10.9,91146,17.1
24017,6.6,120592,13.7
24019,16.3,60495,23
24021,6.3,120458,15.3
24023,11,69031,24.2
24025,7,111317,17.4
24027,5.1,146982,15.2
24029,9.5,74402,27.4
24031,7.1,128733,17
24033,10.2,100708,14.9
24035,7,113347,20.7
24037,7.4,114580,14
24039,20.1,52462,17.8
24041,10.2,84378,29.6
24043,12.5,74157,18.1
24045,14,72861,16.6
24047,8.1,81455,28.6
24510,20.1,59623,15.3
25001,7.4,94452,33.1
25003,11,72565,25
25005,11.6,84198,17.8
25007,5.4,102348,26.5
25009,9.4,99431,18.5
25011,12.2,72584,24.6
25013,15.7,70535,18.3
25015,10.9,86391,19.4
25017,7.5,126779,16.3
25019,3,119750,16.1
25021,6.6,126497,17.8
25023,7.1,109698,19.8
25025,16.5,92859,13.3
25027,10.3,93561,17
26001,14.3,53568,37
26003,10.2,59406,27.2
26005,9.3,80255,18.4
26007,17,51909,25.2
26009,9.4,71421,28.7
26011,13.4,56989,27.2
26013,13.5,55117,23.2
26015,8.1,77873,19.5
26017,14,60523,21.9
26019,10.2,72603,28.7
26021,15.2,63152,21.3
26023,15.4,61958,19.4
26025,14.2,60385,18.6
26027,13.2,68011,22.6
26029,8.7,76495,27.1
26031,12.8,61619,29
26033,15.6,60631,19.6
26035,21.1,49805,25.6
26037,9.4,85928,18.8
26039,14.8,58614,27.3
26041,14,54829,26.2
26043,9.8,61882,24.2
26045,7.7,78025,20.1
26047,9.3,73724,25
26049,15.9,60673,18.8
26051,13.2,55576,27.3
26053,15,49672,29.4
26055,8.6,79486,22
26057,14.3,61128,17.8
26059,15.5,60869,21.4
26061,15.9,56573,18
26063,12.2,56963,27.2
26065,16.4,64354,14.9
26067,11.4,73436,15.8
26069,16.6,47777,31.1
26071,16.9,53614,31.4
26073,23.2,53759,14
26075,12.2,65004,19.1
26077,13.3,70525,16.1
26079,14.1,60365,21.7
26081,10.6,80390,14.9
26083,8.7,53893,36.5
26085,20.6,49680,27.2
26087,9.8,76228,20.2
26089,7.1,91943,33.8
26091,11.6,67013,20.3
26093,4.9,101315,19.7
26095,17.2,54338,22.6
26097,16.9,58598,29.7
26099,9.8,76399,18.3
26101,11.8,60879,28
26103,13.6,64675,20.3
26105,14.6,62296,26.3
26107,19.2,57774,20.4
26109,12.2,55688,26.9
26111,10.9,77538,20.2
26113,10.8,61868,22
26115,11.1,75272,19.9
26117,12,64892,17.9
26119,17.9,47803,33.1
26121,12.6,63495,18.5
26123,14.3,61931,20.7
26125,7.7,95296,18.4
26127,13.3,63624,22.5
26129,17.5,51983,27.9
26131,12.6,51844,38.2
26133,15.8,57050,22
26135,15.8,50581,29.4
26137,9.6,67285,22.1
26139,8.2,87144,16.7
26141,12.2,56713,33.7
26143,15.4,54106,34.5
26145,18.1,58347,20.4
26147,11,69349,20.4
26149,12,64707,18.7
26151,14,59074,23.2
26153,14.8,57708,28.9
26155,11.7,64464,19.8
26157,12.6,62847,21.9
26159,13.8,66902,19.9
26161,13.8,87156,15.7
26163,20.1,59521,16.6
26165,12.9,63123,20.7
27001,12.3,59498,34.4
27003,6.6,98764,15.5
27005,11,71117,22.8
27007,16,67257,17.6
27009,9.8,71480,14
27011,11.5,65475,26.9
27013,16.3,72623,15.3
27015,7.7,68690,22.2
27017,11.1,80042,18.5
27019,4.2,123144,14.5
27021,12.7,64937,27.5
27023,14.4,69192,21.5
27025,5.9,98260,17.1
27027,14.4,77664,14
27029,11.2,64934,21.2
27031,11.3,71643,31.2
27033,14.2,68239,22.7
27035,9.7,71343,24.5
27037,5.6,105212,15.9
27039,5.4,92943,15.9
27041,8.3,77264,24.4
27043,11.8,64391,23.7
27045,8.9,75225,22.2
27047,9.8,69012,23.4
27049,9.3,82749,20.6
27051,10.7,72957,23.6
27053,10,96339,15.6
27055,6.5,77087,23.6
27057,9.7,70622,26.8
27059,7.8,86573,17.2
27061,12.7,66380,25.8
27063,9.1,69955,23.4
27065,9.8,71915,22.1
27067,10,75097,20.7
27069,9.7,69615,26.2
27071,10.7,69115,28.6
27073,8,71639,27.6
27075,8.3,75621,27.9
27077,8.2,70091,26.9
27079,7.1,90218,18.8
27081,9.2,67715,24.9
27083,12.5,72761,17.6
27085,7.7,78468,20.1
27087,20.9,53925,17.9
27089,7.4,71701,23
27091,11.1,62969,24.6
27093,8.3,75037,21
27095,10.5,71455,18.6
27097,10,68640,21.3
27099,12.1,71495,18.6
27101,8.1,74475,26.6
27103,9.6,80362,17.6
27105,12.6,65509,17.2
27107,10.3,69833,21.7
27109,7.9,93494,16.7
27111,8.9,70912,25.4
27113,9.9,72561,19.3
27115,10.5,69666,22.5
27117,11.4,66073,20.6
27119,11.7,69136,19.1
27121,9.8,72205,25.5
27123,12.4,81004,15.8
27125,7.8,77500,22.8
27127,12,67024,22.3
27129,10.7,69086,22.2
27131,9.3,82792,16.6
27133,9.5,70698,20.4
27135,11,73611,19.1
27137,13.4,69455,21.4
27139,4.1,120247,12.7
27141,4.8,102965,12.3
27143,9.9,76082,19.5
27145,12.2,76447,16.1
27147,7.4,83448,19.2
27149,10.3,71060,16.8
27151,10.8,62601,23.5
27153,11.8,63039,22.6
27155,10.1,65931,25.4
27157,8.4,80133,23.3
27159,11.4,56882,20.2
27161,7.2,75052,19.1
27163,5,114457,16.6
27165,13,70593,20.2
27167,14.7,69635,19.9
27169,13.4,70198,18.7
27171,4.9,106666,13.8
27173,8.5,71573,21.5
28001,28.2,40250,22
28003,17.4,49404,19
28005,27,35385,26.3
28007,20.7,48098,19.5
28009,17.6,42139,21
28011,33.7,37315,17.1
28013,18.7,43942,20.8
28015,22.4,55275,25
28017,24.1,43041,18.6
28019,15.9,48321,23.2
28021,27.2,34371,19.4
28023,19.2,46054,22.3
28025,24.8,39904,19.8
28027,36.3,36259,16.5
28029,23,47994,19.1
28031,17.7,47001,17.6
28033,10,82980,13.5
28035,21.5,52821,13.7
28037,23.3,45618,21.5
28039,18.7,54822,14.9
28041,20.5,55838,15.1
28043,22.3,47998,18.8
28045,13.3,67728,22.6
28047,17.4,57233,16.6
28049,21.6,49966,16.3
28051,38,29434,16.8
28053,26.4,32976,18.9
28055,17.2,29271,24.5
28057,10.8,59508,17.5
28059,14.1,64756,17.3
28061,18.9,47157,21.4
28063,28.5,36207,20.2
28065,25,37183,24.6
28067,20.8,51143,17.8
28069,24.6,43595,22.1
28071,18.7,64334,13.7
28073,16.1,69106,15.3
28075,25.1,50033,18.7
28077,23.8,43368,19.6
28079,19.9,48418,18.2
28081,13.8,67144,15.8
28083,31.9,33188,15.1
28085,21.3,48316,17.8
28087,16.9,54460,17.3
28089,11,78794,15.3
28091,20.4,42320,18.8
28093,22.8,51875,19
28095,16.7,51231,20.4
28097,25.6,45057,22.5
28099,25.1,53087,16.9
28101,22,50426,17.2
28103,25.6,38814,18.2
28105,28.6,43482,12.2
28107,24.1,43990,17.5
28109,16.4,56535,19.6
28111,18.1,50435,19.5
28113,27.5,41578,17.9
28115,14.9,52741,15.5
28117,13.5,51466,17.5
28119,33.5,32131,18.4
28121,10,77454,16.7
28123,20.7,48492,15.9
28125,31.8,35741,18.3
28127,19.4,54111,19.1
28129,19.3,51396,20.9
28131,17.9,59307,17.4
28133,29.9,40265,15.4
28135,26.5,37383,18.1
28137,16.8,63995,16.8
28139,18.9,51141,17.4
28141,19.9,46257,21.2
28143,33.8,38402,14.7
28145,14.3,56807,16.6
28147,18.1,45444,22
28149,20.3,56648,19
28151,28.8,40117,17.8
28153,22.9,36791,18
28155,15.1,59964,18.2
28157,28.2,35930,19.7
28159,30.4,49071,21.7
28161,22.7,49171,21.9
28163,31.4,40974,15.2
29001,21.2,56583,15.4
29003,7.4,74007,21
29005,12.5,59260,25.2
29007,18,56232,19
29009,16.7,56611,22
29011,22.2,49503,21.4
29013,18.7,57914,19.3
29015,16.7,52200,31.4
29017,12.2,57286,21.1
29019,17.1,69913,13.5
29021,16.9,59423,17.4
29023,20.3,49213,19.5
29025,13,62520,20.3
29027,11.5,72645,17.9
29029,13.2,62927,29.7
29031,14.1,68912,17.8
29033,10.8,61712,22.3
29035,19.2,45083,20.6
29037,6.5,87413,18
29039,17,45577,23.1
29041,11.9,63307,24.9
29043,8.7,81245,16.7
29045,9.4,51458,21.7
29047,8.5,86150,15.3
29049,12.8,70625,18.9
29051,9.3,73273,18
29053,10.8,67548,19.8
29055,13.6,56345,21.3
29057,14.1,49899,24.6
29059,21.4,53177,21
29061,13.2,60665,21.7
29063,8.7,69093,19.5
29065,14.3,54306,22.2
29067,16.9,49828,24.9
29069,21.4,47368,18.7
29071,8.2,71973,19.2
29073,11.3,65096,23.4
29075,15.6,57458,18.7
29077,14.4,57488,17.2
29079,16.8,53839,22.5
29081,16.1,53364,22.8
29083,16.3,56621,22.4
29085,19.5,35084,32.3
29087,9.8,58516,25.7
29089,12.8,62628,20.1
29091,21.4,49814,19.9
29093,20.7,51161,22.3
29095,13.8,67178,15.9
29097,18.4,57525,16.1
29099,8.6,80522,16.7
29101,11.9,67123,13.1
29103,14.7,53333,21.5
29105,18.6,50825,18.3
29107,9.7,79091,19.3
29109,16.5,55849,18.1
29111,15.3,52340,19.3
29113,10.7,85276,14.8
29115,16.2,61975,21.8
29117,12.2,60148,20.1
29119,17.2,48145,15.6
29121,10,58318,22.3
29123,14,58435,19.6
29125,14.9,61359,22
29127,13.6,63908,19
29129,14.7,60357,22.3
29131,14.6,55172,20.1
29133,23,46258,18.9
29135,10.4,65161,16.7
29137,16,48299,25
29139,14.5,61042,20.5
29141,17,49663,24
29143,18.6,49237,19.9
29145,13.4,64583,18.8
29147,18.6,55970,17.8
29149,21.9,44259,23
29151,10.1,75355,18.3
29153,21.7,42329,29.3
29155,27.4,40748,18.2
29157,11,63356,19.7
29159,13.4,60232,17.3
29161,17.2,55427,17.1
29163,16.3,57572,19.1
29165,6.8,95748,16.1
29167,17.9,56686,18.3
29169,12.8,66435,9.7
29171,16.2,56875,25
29173,12.6,62054,23.2
29175,15.8,55310,17.7
29177,12,72152,19.3
29179,17.9,44357,23.7
29181,19.7,43898,19.9
29183,4.7,102912,17
29185,16.3,46731,25.6
29186,7.9,61310,21.5
29187,17,54813,17.2
29189,9.6,81340,19.1
29195,14.7,56566,17.2
29197,9.7,56023,19.2
29199,7.1,67568,19.4
29201,14.5,58847,18.7
29203,16.7,59000,22.5
29205,15.6,52127,22.3
29207,17,54067,20.6
29209,14,61323,32
29211,14.7,55500,20.8
29213,14.4,58258,22.8
29215,19.3,48055,21.5
29217,19,54519,20.6
29219,9.3,77989,18.2
29221,18.2,51886,17.9
29223,25.1,43393,25.1
29225,16.1,69731,15.8
29227,17.6,46167,26.4
29229,17.6,47304,19.7
29510,19.8,55279,15.5
30001,14.7,58072,23.8
30003,23.6,56680,14.1
30005,20.2,65050,16.7
30007,10.7,63636,23.2
30009,8.5,71017,28
30011,13.8,52171,31.1
30013,13.2,66203,19.6
30015,12.4,56927,23.4
30017,11.7,63585,20.8
30019,11.9,58000,31.7
30021,8.8,70953,21.2
30023,18.1,49533,26.3
30025,12.1,72284,22.2
30027,14.9,59731,25.1
30029,9.6,71327,21.1
30031,10.2,87454,13.6
30033,12.2,61750,26.4
30035,30.3,45129,13.2
30037,18,57353,28.8
30039,10.4,54646,31.3
30041,19.7,55313,16.3
30043,6.3,76576,23.2
30045,15.8,55417,26
30047,17.7,61965,24.2
30049,8.7,74543,20.2
30051,25.5,53264,21.6
30053,16.2,47018,30.1
30055,4.2,71842,30.4
30057,6.8,67420,30.8
30059,10.7,56215,34.7
30061,17.9,61117,28.1
30063,10.9,71246,17.1
30065,15.3,59010,29
30067,13.1,66607,24.6
30069,6.5,59318,28.2
30071,9.4,58156,24
30073,22.9,53500,21.9
30075,9.7,68009,30
30077,6.3,63432,20.9
30079,23.9,45192,42.2
30081,8.3,71323,27
30083,7.1,69578,17.5
30085,30.6,53125,12.2
30087,21.6,56430,17.6
30089,15.1,54035,33
30091,10,63654,22.7
30093,16.2,57504,19.5
30095,8.3,81503,25.2
30097,7.8,69426,25.8
30099,10.5,67766,23.1
30101,12.3,53693,18
30103,10.8,73036,22.8
30105,12.9,64515,24.5
30107,23.7,47054,29
30109,15.9,64792,20.5
30111,10.2,74400,18.3
31001,12.8,65680,18.8
31003,10,63750,24.7
31005,9.6,67500,22.7
31007,9.4,71250,27.8
31009,10.6,61250,34.6
31011,9.2,71367,23.8
31013,10,68778,20.8
31015,10.2,58984,31.9
31017,12.1,51538,27.5
31019,11,74570,16.6
31021,13.7,57303,24.5
31023,7.6,82603,20.9
31025,4.9,88255,18.8
31027,6.2,73977,22.3
31029,7.8,62782,24.7
31031,7.2,63750,22.4
31033,11.1,57594,22
31035,8.1,75938,20.3
31037,8.7,79720,13.8
31039,7.8,70708,21.5
31041,8.6,66310,22.6
31043,11.2,71655,12.8
31045,12.6,54381,19.7
31047,12.3,65383,16.5
31049,9.1,61438,28.1
31051,7.1,69156,22.1
31053,9.3,71294,19.1
31055,11.2,79081,14.1
31057,12,56563,24.6
31059,7.9,76354,23.8
31061,14.1,57692,28.1
31063,12.1,68207,26.3
31065,12.3,60625,26
31067,13.2,64426,22.1
31069,14.1,44777,29.6
31071,11.7,68611,29.4
31073,7,79145,23.9
31075,10.8,69063,21.7
31077,11.2,58894,25.9
31079,11.8,67549,15.7
31081,6.7,79884,20.9
31083,7.2,70536,28.6
31085,12.3,60313,25.5
31087,11.6,52016,26.4
31089,10.8,67225,22.9
31091,7.7,45854,21.3
31093,5.4,74508,22.7
31095,9.9,60568,24.8
31097,6.8,59457,18.7
31099,6.7,79167,20.5
31101,10.7,58132,27.9
31103,10.4,60313,25.3
31105,11.1,59438,28.1
31107,13.2,64821,25.8
31109,11.7,72625,15.3
31111,12.8,64342,21.1
31113,8.2,71650,23.7
31115,8.2,60156,24.2
31117,7.1,61316,21.3
31119,11.8,64637,17.4
31121,8.7,62849,21.8
31123,12.4,59773,22.1
31125,16.1,65438,21.4
31127,13,60132,20.2
31129,7.4,70201,29.3
31131,9.5,81430,20.6
31133,14.1,54926,28.4
31135,7.7,67500,23.9
31137,13.6,65988,21.2
31139,8,75938,19.9
31141,8.7,72335,18.3
31143,6.2,71771,23.2
31145,14.1,60000,21
31147,10.6,55578,24.4
31149,10.5,57500,28.9
31151,9.5,77027,15.4
31153,5.2,101402,12.8
31155,6.4,89395,18.5
31157,13.9,60960,20.9
31159,6.9,81122,18.2
31161,10.7,56900,27.7
31163,9.5,61935,27.9
31165,11.4,54076,27.5
31167,7.1,78275,20.6
31169,9,63095,25.3
31171,4.8,72708,39
31173,18,64838,12.6
31175,9.3,58902,25.8
31177,6.9,90188,19.2
31179,13.2,67687,16.8
31181,9.9,65197,22.9
31183,5.2,55893,29.3
31185,9,74058,20.2
32001,9.1,73268,20.2
32003,13.2,73845,15.9
32005,8.3,88018,32.7
32007,11,83427,13.1
32009,19.4,,24.8
32011,22.1,73095,21.9
32013,12.2,79946,16.5
32015,11.4,84474,14.7
32017,6.6,69496,25.7
32019,11,73460,22.2
32021,18,50584,26.1
32023,15.5,55975,30.9
32027,8.1,72007,17.3
32029,7.1,96000,33.2
32031,10.7,85600,17.7
32033,8.4,72294,20.4
32510,11.1,71809,21.2
33001,8.8,87983,24
33003,7.5,82961,30.9
33005,8.9,81001,22.4
33007,12.9,58439,26.1
33009,10.1,84021,23
33011,6.5,100436,17.3
33013,7.1,93944,19.9
33015,4.8,113927,20.4
33017,8.8,86564,17.1
33019,10.8,75929,23.5
34001,13.1,76819,19.9
34003,6.7,123715,18.2
34005,6.8,105271,18.3
34007,12.2,86384,16.5
34009,8.7,88046,29.5
34011,16.3,64499,15.8
34013,15,76712,14.2
34015,7.6,102807,16.9
34017,14.8,90032,12.6
34019,3.8,139453,20.8
34021,11.1,96333,16
34023,8.5,109028,16.1
34025,6.4,122727,19.1
34027,5.1,134929,18.2
34029,10.4,86411,22.6
34031,13.7,87137,15.9
34033,12.8,78412,19.1
34035,5.5,135960,17
34037,5.4,114316,19
34039,8.9,100117,15.1
34041,8.1,99596,19.6
35001,15.8,66514,18.3
35003,21.2,46439,47.6
35005,22.3,52029,16.5
35006,27.6,51765,18.2
35007,17,52690,28.8
35009,20.9,56259,13
35011,20.6,40804,26.6
35013,22.2,55663,17
35015,12.4,79605,14.8
35017,19.5,45921,30.3
35019,23,40149,17.2
35021,18.7,41250,26.6
35023,20.5,49076,23.3
35025,18.7,68750,11.4
35027,16,51643,31.3
35028,2.9,143188,18.4
35029,26.1,37917,20.8
35031,35.7,44496,13.8
35033,18.8,50178,34
35035,20,52717,17.5
35037,25.4,43698,26.4
35039,20.1,53901,21.8
35041,21.6,52445,15
35043,10,84053,20.1
35045,23.2,53020,16.9
35047,22,47400,25.6
35049,12.5,74689,28
35051,24.9,37840,38.8
35053,29,47556,21
35055,14.4,58908,30.5
35057,20.4,46250,22.5
35059,19.5,45319,22.8
35061,18.4,58333,18.7
36001,12.9,83149,18.2
36003,16.8,61233,20.1
36005,26.9,49036,14.5
36007,18.9,61059,20.3
36009,17.6,58248,20.8
36011,13.8,66583,21.3
36013,17,56507,21.4
36015,15.8,63469,20.3
36017,12.2,62093,22.3
36019,13.8,69208,19
36021,11.4,83619,26.2
36023,12.8,67527,17.1
36025,14.9,60226,26.4
36027,8.3,97273,19.1
36029,14,71175,19.3
36031,11.8,70215,26.4
36033,16.5,63747,19.5
36035,14.5,62615,20.8
36037,10.6,72055,20.3
36039,11,74011,24.1
36041,10,68950,33.8
36043,13.3,68858,22.3
36045,13.4,64978,15.1
36047,18.9,78548,15.5
36049,12.2,68329,20.5
36051,11.6,72464,20.1
36053,9.7,73141,20.3
36055,13.1,74409,18.8
36057,14.7,62923,19.4
36059,5.3,143408,18.7
36061,15.8,104553,18.1
36063,13,67809,20.7
36065,14.6,68819,19.8
36067,13.9,74740,18.7
36069,9.2,79814,22.2
36071,13,96497,14.6
36073,13,63838,19.9
36075,16.5,68461,18
36077,14.1,67086,21.5
36079,6.5,127405,19.3
36081,12.2,84961,17.8
36083,11.8,86663,18.3
36085,10.9,98290,17.2
36087,15.6,110631,15.7
36089,17.4,61900,18.8
36091,6.7,99653,20
36093,12.5,76989,17.9
36095,10.8,71188,23.9
36097,15.1,65625,23
36099,13.3,66007,21.6
36101,13.7,64740,20.8
36103,6.4,128329,17.9
36105,15.2,69826,19.3
36107,12.2,71791,21.8
36109,15.3,73012,16.3
36111,14.3,81804,21.3
36113,9.1,78239,24.3
36115,10.8,72342,21.7
36117,11.3,73914,20.8
36119,8.9,118411,18.2
36121,10.6,68913,20.4
36123,14.1,67521,22.6
37001,14.1,64445,17.2
37003,12.1,65268,21.2
37005,17.4,44272,30.7
37007,21.2,44245,19.7
37009,14.1,50827,27.2
37011,11,57657,23.6
37013,18,57997,25.6
37015,19.8,45931,25.3
37017,21.2,44528,23.5
37019,9.4,74034,33.8
37021,11.8,70578,21.2
37023,17.9,55684,21.7
37025,8.9,86084,13.6
37027,12.7,55401,21.4
37029,5,87781,16.5
37031,10,70235,27
37033,15.7,59407,23.1
37035,12.8,64544,18.7
37037,10.5,88534,25.2
37039,14.6,51496,31.5
37041,20.5,56982,26.1
37043,13.5,53645,32.8
37045,17.2,55769,18.8
37047,18.8,48184,20.7
37049,13.9,64635,20.9
37051,17.2,58780,13
37053,7.6,91548,17.9
37055,7.5,81214,25.2
37057,13.8,62426,19
37059,10,73234,22.2
37061,17.9,51880,19.9
37063,12,79501,14.5
37065,21.9,48480,20.9
37067,14.7,65541,17
37069,10.1,71386,17.5
37071,12.8,65472,16.5
37073,11.8,61612,22.7
37075,8.7,49038,25.5
37077,14.1,70975,17.7
37079,22.4,50904,17.3
37081,15.2,66027,15.9
37083,25.2,45071,22.1
37085,14.5,69012,13.7
37087,11.3,61001,25.7
37089,11.7,67623,26.5
37091,21.4,47472,22.8
37093,17.4,60095,11.7
37095,22.4,47338,19.6
37097,9.1,78678,16.8
37099,19.3,53479,20.2
37101,11.2,79838,13.7
37103,21.3,55659,24.2
37105,15.5,63060,17.1
37107,22.5,44795,21.5
37109,9,78490,19.5
37111,14,55527,21
37113,14.4,53298,29.2
37115,11.4,58628,23.2
37117,19.6,46793,25.6
37119,10.4,83765,11.9
37121,13,58089,26
37123,16.1,55849,22.3
37125,10,82837,24.1
37127,14,60704,19.4
37129,12.4,72892,19
37131,20,47935,29.6
37133,11.7,64568,10.2
37135,12.4,88553,16.1
37137,12.4,61624,30.6
37139,10,63912,18.6
37141,10.7,76838,18.2
37143,11.4,61224,28.9
37145,18.4,64927,21.3
37147,19.4,58851,14.5
37149,13.7,61005,32.6
37151,14.8,59047,18.4
37153,25.2,43626,18.1
37155,28.8,40318,16
37157,16.8,55796,21.1
37159,15.8,63196,17.7
37161,17.6,49771,22.3
37163,20.2,53159,18.1
37165,26.6,43500,18.4
37167,14.2,61631,19.1
37169,12,60039,23.1
37171,16.7,56095,20.6
37173,21.1,55429,19.9
37175,14.2,64523,30.9
37177,20.8,43952,30.8
37179,7.7,99243,13.5
37181,19,46943,19.3
37183,7.9,101763,12.9
37185,22.2,45279,27.7
37187,24.7,41750,28
37189,24.7,51367,17.1
37191,16.9,58082,17.1
37193,16.4,50438,22.9
37195,21,51381,19.3
37197,13.6,60321,21
37199,14.9,54961,27.1
38001,14.5,55417,26.8
38003,11.3,70230,23.4
38005,22.2,68049,15.9
38007,13,81250,26.9
38009,7.6,83460,25.7
38011,9.5,83773,24.5
38013,5.1,96339,21
38015,8.2,84948,17.9
38017,10.3,75023,13
38019,7.7,67064,27.9
38021,10.8,63125,19.9
38023,7.3,89297,25.7
38025,7.2,94688,19.5
38027,12.8,55389,25.5
38029,8.4,67368,29.7
38031,9.1,83412,24.1
38033,18,76528,29
38035,13.9,68450,14.2
38037,17.4,56750,29.7
38039,10.1,64737,29.7
38041,9.3,70827,26.9
38043,10.3,61850,27.6
38045,10.8,70263,26.8
38047,11.5,61339,29
38049,9.8,80614,22.1
38051,15.4,64236,31.3
38053,12.8,88289,9.3
38055,8.3,81847,26.3
38057,10.7,79405,22.5
38059,7,79483,17.3
38061,13.2,81292,13.5
38063,10,68051,28.3
38065,4.7,76953,27.2
38067,8.7,66884,25.9
38069,12.2,63214,26.4
38071,16.3,61319,22.4
38073,10.9,74521,22.1
38075,7.1,76311,21.1
38077,10.4,72524,20.2
38079,25.1,57355,13.2
38081,7.9,77697,23.9
38083,8.5,67361,32
38085,42.7,41676,9.6
38087,6.4,62500,28.7
38089,11,80744,14
38091,13.3,80313,30
38093,12.4,60172,20.4
38095,11.5,63017,23
38097,6.9,88289,20.3
38099,10.5,69976,21.9
38101,7.8,79273,14
38103,10.5,61346,26.7
38105,8.8,90224,9.9
39001,20.3,49521,19
39003,13.1,62001,19.1
39005,13.8,64991,20.3
39007,18.3,55507,20.3
39009,22.1,53837,15.1
39011,7.5,76454,19.7
39013,14.3,58411,22
39015,17.4,69990,19.1
39017,11.7,81194,15.9
39019,12.5,64675,22.3
39021,8.2,74239,19.3
39023,15.6,60846,20.3
39025,8.8,83178,18.4
39027,14.8,68125,18.6
39029,13.9,58474,22
39031,18.8,54687,20.1
39033,13.2,55477,21.2
39035,16.2,62823,19.5
39037,11.2,64654,20.5
39039,10,73615,20.2
39041,5,130088,15.1
39043,12.5,68431,23.7
39045,8.2,87069,16.6
39047,16,60047,17.9
39049,14.5,73795,13
39051,8.7,72866,19.4
39053,14.8,56455,19.9
39055,5.8,100783,22.3
39057,9.8,85218,18.6
39059,15.8,55756,20.1
39061,14.9,70816,16.6
39063,10.3,69699,18.6
39065,18.2,58001,16.1
39067,14.6,53851,22.8
39069,8.4,79267,19.9
39071,14.4,62008,19.1
39073,17.1,61366,20.2
39075,8.8,74774,14.5
39077,12,65972,18.5
39079,17.7,58409,17.9
39081,16.9,56983,22.5
39083,11,73988,19.2
39085,8.2,77952,21.7
39087,17.5,54842,19.1
39089,10.1,81033,17.5
39091,11.3,69183,19.4
39093,12.8,70693,19.8
39095,17.8,60095,17.6
39097,9.7,83229,16.5
39099,18.3,55576,22.5
39101,15.3,57306,18.7
39103,6.1,92660,19.8
39105,22,46701,21.2
39107,6.1,78036,19.2
39109,8.6,74175,19.4
39111,15.1,58962,23.7
39113,14.9,64403,18.6
39115,14.3,55971,22.5
39117,10.9,71047,19.3
39119,15.6,59203,18.6
39121,11.7,55360,29.7
39123,8.4,75728,27.7
39125,9.6,68167,19.3
39127,14.7,64737,18.3
39129,12.1,72927,16.4
39131,19.9,49552,19.1
39133,11.4,72822,18.3
39135,11.2,71237,20.4
39137,7.1,82785,18.9
39139,13.9,57649,20.1
39141,16.8,59819,17.9
39143,13.2,62500,20.3
39145,22.4,49571,18.8
39147,11.9,65020,19.2
39149,11.1,72822,18.1
39151,12.7,65740,20.5
39153,12.6,71016,19.4
39155,16.8,55088,22.4
39157,13,64494,20.2
39159,5.1,109506,13.2
39161,9.5,65344,20
39163,16.7,53813,19.6
39165,5.4,107843,15.8
39167,12.9,61355,22.2
39169,8.7,71769,19
39171,11.9,61834,20.1
39173,12,73124,16.7
39175,7.5,71878,20.8
40001,21.5,48028,15.8
40003,14,67870,20.5
40005,17.6,52034,18.9
40007,9.8,64266,20
40009,23.2,52323,15.1
40011,15.3,59304,19.6
40013,17.4,54280,17.3
40015,19,52817,15.7
40017,8.6,85427,13.7
40019,15.1,58856,17.1
40021,19.3,53668,17.8
40023,22,45456,20.9
40025,10.5,57204,27.2
40027,12.8,74446,14.9
40029,21.3,48162,20.7
40031,17.7,59000,13.8
40033,22.9,60313,20
40035,19.5,50182,19
40037,13.9,61849,18.5
40039,16.5,57562,14.6
40041,18.6,55114,25.7
40043,14.4,60550,19.6
40045,13.8,56992,23.2
40047,12.7,67302,16.7
40049,15.3,57127,18.1
40051,12.3,75730,17
40053,13.5,61824,22.7
40055,14.7,60183,17.1
40057,17,54286,21.4
40059,15.9,59191,20
40061,20,49930,20.1
40063,20.9,47923,18.9
40065,16,61497,15.6
40067,22.8,48750,20.9
40069,21.9,50911,18.7
40071,15.5,56673,19.4
40073,11.7,70617,17.2
40075,25,42063,20.3
40077,19.2,41048,22.1
40079,20,50027,17.9
40081,16.5,59425,19.4
40083,13.7,82735,17.5
40085,14.8,62940,18.1
40087,7.8,84778,15.6
40089,21.1,50175,17.8
40091,20.9,46203,25.5
40093,11.4,69229,21.3
40095,16.5,56495,22.5
40097,17.6,57279,19
40099,12.8,61904,20.7
40101,20.3,51999,17.2
40103,11.5,70071,21.7
40105,16.4,52679,19.9
40107,27.4,45441,18.2
40109,15.7,65374,14.5
40111,17.6,53123,18.5
40113,12.6,60482,21.4
40115,20.7,48656,18.1
40117,17,57551,20.1
40119,23.9,48937,13.2
40121,18.2,54787,20.1
40123,12.6,62564,17
40125,15.7,60828,16.7
40127,23.7,44634,22.7
40129,15.4,62721,22.4
40131,9.6,77688,17.2
40133,22.4,46191,18.4
40135,20.3,49795,18.6
40137,17.5,60236,20.8
40139,18.5,59275,12.2
40141,17.2,47445,20.3
40143,14.7,67317,15.1
40145,9.3,78520,17.1
40147,14.6,61205,20.3
40149,12.6,61980,19.7
40151,19.1,50512,17.5
40153,11.1,65060,16.7
41001,13.8,57844,28.1
41003,19.2,76011,18
41005,7.5,100360,19.9
41007,12.3,68705,25.1
41009,8.7,86359,20.1
41011,15.6,60313,28.1
41013,9.7,81675,25.3
41015,13.3,64769,36.7
41017,9.3,87640,21.3
41019,15.6,58983,26.5
41021,12.6,64219,32.4
41023,15.2,59800,32.3
41025,12.8,48338,26.4
41027,5.5,82095,18.1
41029,12.4,71443,23.5
41031,11.7,73051,19.9
41033,15.8,59097,27.2
41035,18.3,59353,22.3
41037,17.8,61222,25.2
41039,15.3,69311,20.8
41041,15.7,61314,31.8
41043,12.8,73396,19.5
41045,17.8,49902,17.1
41047,13.1,74624,16.7
41049,14.2,70217,16.5
41051,12.5,86247,14.8
41053,12.2,81318,19
41055,17.9,59500,21.2
41057,12,66551,28
41059,12.6,68958,16.4
41061,15.8,64212,21.4
41063,7.8,65559,29.4
41065,12.2,63602,21.4
41067,8,104434,14.8
41069,10,51250,38.9
41071,10.4,87084,18.8
42001,8.4,81071,21.8
42003,11.2,76393,20.2
42005,11.3,64295,24
42007,10.1,70156,22.6
42009,11,60302,24
42011,11.7,77684,18
42013,13,60594,21.5
42015,13.4,62482,22.4
42017,6.1,111951,20.5
42019,8,86775,20.6
42021,14.2,56292,23.9
42023,16,47681,29.5
42025,12,67877,22.6
42027,16.9,72748,15.9
42029,5.9,123041,17.7
42031,13.9,60668,20.6
42033,13.8,60181,21.8
42035,14.2,58842,20
42037,15.7,61992,20.3
42039,12.8,60254,22.7
42041,7.8,85634,19
42043,12.3,74159,18
42045,10.2,88576,17.4
42047,9.1,64103,24.1
42049,15.4,61476,19.7
42051,17.4,56093,22.7
42053,14.7,50061,25
42055,7.8,74946,20.2
42057,11.7,64798,22.8
42059,12.5,66870,20.6
42061,11,65429,22.1
42063,12.8,58739,20.6
42065,15.3,56898,22.2
42067,10,63923,21.2
42069,14,64691,20.5
42071,8.7,83703,19.6
42073,11.6,60779,23.4
42075,10.6,76350,20.5
42077,11.9,77493,17.7
42079,15.4,62321,20.1
42081,12.5,64412,20.6
42083,13.7,61705,21
42085,12.8,60614,23.1
42087,16,61415,22
42089,11.3,82374,19.6
42091,6.5,111521,18.8
42093,8.8,72926,21.8
42095,8.8,86687,20.3
42097,12.2,57948,22.3
42099,8,78824,20.5
42101,22,60698,14.7
42103,9.3,79318,24.3
42105,11.7,59840,25.9
42107,12.5,66901,21.1
42109,8.6,68435,20.6
42111,11.2,59378,23.9
42113,11,64758,31.5
42115,10.9,66930,25.2
42117,11.8,62932,23.5
42119,9.7,72894,19.9
42121,12.8,61626,24.8
42123,11.4,59013,24.7
42125,9.4,77487,22
42127,12.2,62182,25.6
42129,10,72468,24.3
42131,11.4,70268,22.9
42133,8.6,82238,18.8
44001,6.8,110926,21.1
44003,7.4,91278,20.4
44005,8.6,100859,25.5
44007,13,78204,16.3
44009,8,102478,23.3
45001,14.1,52112,22.9
45003,13.9,67940,20.8
45005,26.5,31603,22.4
45007,14.4,64683,18.4
45009,21.6,43206,23.9
45011,28.5,41800,19.1
45013,10.5,84819,28.4
45015,10.3,82327,14.8
45017,16.3,56690,24.4
45019,11.6,84320,17.9
45021,18.5,49047,17.5
45023,19.3,51216,19.2
45025,20.2,47620,19
45027,18.5,48887,24.9
45029,18.7,48779,20.4
45031,20.3,47419,19.9
45033,29.2,44038,18
45035,11.5,76896,15.2
45037,16.4,67092,19.7
45039,16.9,46972,24
45041,18.3,56650,18.1
45043,14.4,66734,30.7
45045,11,74624,16.7
45047,17.1,50635,19.4
45049,20,43059,19.7
45051,12.8,64623,26.4
45053,18.3,63503,23.1
45055,14.1,64343,18.9
45057,12.3,74751,21.8
45059,17.6,55517,19.2
45061,23.3,44145,20.8
45063,11.4,75014,17.1
45065,18,55344,39.5
45067,27.3,34501,21.6
45069,26.2,36293,19.1
45071,16,59670,20.4
45073,16.4,60193,24.9
45075,23.9,43214,20.9
45077,17.2,59411,17.3
45079,16.9,61699,14.1
45081,19.4,52957,20.6
45083,14.5,64195,16.3
45085,16.4,55990,17.8
45087,22.7,41200,21.6
45089,23.6,43471,22.7
45091,8.9,83060,15.4
46003,8.4,74130,19.7
46005,13.8,63082,18.4
46007,31.9,44569,15.3
46009,11.8,61275,21.5
46011,12.8,67341,13.4
46013,10.6,70239,17.8
46015,10.5,74043,21
46017,32.5,47000,9.2
46019,7.2,67692,20.1
46021,8.5,65000,26.9
46023,22.8,64850,19
46025,11.1,62885,23.5
46027,19.8,58794,12.2
46029,10.2,65080,19.6
46031,45.2,43750,13.2
46033,6.6,81958,33.7
46035,12.4,61401,20.8
46037,14,62270,26.7
46039,6.7,79556,22.1
46041,32.3,57928,10
46043,13.7,78125,24.5
46045,8.5,77266,22.9
46047,19.7,61056,32.8
46049,25.6,58000,24.1
46051,11.2,73818,23.4
46053,11,52432,26.6
46055,8.2,59231,29.1
46057,6.6,83194,14.3
46059,6.6,72054,24.2
46061,6.2,86375,16.3
46063,5.6,74766,20.7
46065,9.2,78981,18
46067,10,74459,21.8
46069,8.2,74279,28.3
46071,37.5,26686,12.4
46073,10.4,75417,30.8
46075,15.8,64688,24.4
46077,9.7,70221,23.1
46079,9.4,73792,24.3
46081,11.8,66766,25
46083,5.8,96552,14.7
46085,24.6,61169,18.3
46087,7.4,80847,18.8
46089,12.6,62024,33.1
46091,7.9,72500,23.2
46093,7.6,74161,16.7
46095,46.2,51364,16.4
46097,10.3,72589,25.9
46099,8.8,76074,13.9
46101,9.9,77500,20.2
46102,52.8,34769,7.5
46103,12,70768,20.1
46105,11.7,65455,26.9
46107,7.7,71726,30.7
46109,17.3,63691,20.9
46111,11.4,69870,20.2
46115,9.2,73011,24.5
46117,2.1,77000,24.4
46119,7.9,70250,23.1
46121,49,39148,7.9
46123,18.9,58854,24.6
46125,8.5,75283,20.3
46127,7.3,84137,19.5
46129,15.3,62722,23
46135,9.4,73855,21.4
46137,38.2,47333,11.7
47001,14.8,63171,20.2
47003,13.6,62197,14.8
47005,18.5,50435,24.2
47007,25,49655,20.8
47009,8.9,74607,20.9
47011,13.1,63789,17.3
47013,19.2,50260,21.1
47015,16.5,58092,17.7
47017,16.4,50391,20.2
47019,18,48435,22.8
47021,8.1,82015,16
47023,15.6,60543,18.4
47025,18.2,46587,20
47027,21.7,44712,25
47029,20.3,48416,22
47031,16.1,60656,17.7
47033,14.8,59049,19.3
47035,13.4,58475,32.4
47037,13.9,75664,12.9
47039,21.6,46190,23.8
47041,21.4,48484,18.8
47043,9.9,73223,16.8
47045,17.9,54973,17.7
47047,10.8,84764,23
47049,20.9,50865,23.3
47051,12.7,61553,20.9
47053,13.4,59009,17.5
47055,14.3,61476,21.1
47057,16.4,51351,22.5
47059,15.2,54071,22.1
47061,19.2,45573,20.7
47063,17.2,52794,17.9
47065,12.5,72568,18.4
47067,31.5,31995,22.5
47069,17.3,46173,18.7
47071,20.8,49149,23.5
47073,17.1,55278,21.8
47075,22.8,43513,21
47077,16.8,53471,18.3
47079,18.3,48540,24
47081,14.1,57223,17.8
47083,13.8,54475,20.1
47085,13.7,59333,20.8
47087,20.7,41475,23.3
47089,11.5,63084,20.7
47091,22.1,52152,23.5
47093,12.2,71662,16.3
47095,32.3,30500,16.4
47097,18.7,49205,16.7
47099,15.3,53233,17.8
47101,15.9,49477,20.6
47103,12.4,63115,20.1
47105,12.6,80296,27.5
47107,13.3,59674,20.3
47109,16.1,50714,20.8
47111,15.2,56269,15.4
47113,18.6,58189,17.9
47115,16.9,58103,20.9
47117,14.2,70829,16.9
47119,9.9,74162,17.1
47121,14.3,58395,21
47123,16.1,56648,22.3
47125,11.6,72365,10
47127,11.3,66687,22.1
47129,18.8,57408,18.8
47131,17,53102,21.1
47133,18,46159,20.5
47135,17.7,50489,21.9
47137,25.8,44591,28
47139,13.3,60227,21
47141,16.9,56537,16.5
47143,15.3,58133,19.8
47145,12.7,66218,23.3
47147,10.2,78439,14.9
47149,9.2,82588,11.2
47151,24.9,42679,17.3
47153,23.6,52260,21.8
47155,13.6,63829,20.4
47157,17.5,62337,14.8
47159,13.3,62799,16.7
47161,12,62052,20.9
47163,14.9,56802,22.2
47165,9,86005,16.6
47167,11.6,71736,15.6
47169,10.3,63190,12.3
47171,14.2,50381,23.7
47173,13.9,61858,18.8
47175,13.8,60281,24
47177,15.3,54088,17.9
47179,15.8,61051,18.9
47181,18.5,52824,19.7
47183,19.3,49502,18.3
47185,14.7,52206,21.2
47187,4.5,131202,14.8
47189,7.6,94048,15.9
48001,17.1,58846,15.2
48003,14.2,76902,9.7
48005,16.3,58847,16.9
48007,18.7,61754,28.4
48009,11.7,71958,21.8
48011,5.8,68462,25.2
48013,16.1,69413,15.2
48015,14.5,75994,21
48017,13.6,70625,19.7
48019,16.1,69703,29.8
48021,12.4,82730,15.4
48023,20.8,42313,27.3
48025,17,56075,12.7
48027,14.6,66051,11.9
48029,14.7,70571,12.9
48031,8.7,87564,26.4
48033,4.8,64250,17.3
48035,9.1,69339,25.6
48037,16.3,59295,17.5
48039,7.3,95155,12.8
48041,23.9,58388,10.2
48043,8.4,52612,26.5
48045,15.3,41188,24.6
48047,30.7,31310,21.6
48049,14.5,55305,21
48051,12.6,72888,22.1
48053,8,77158,23.6
48055,13.9,68503,15.3
48057,8.7,71870,19.2
48059,10.1,68455,21
48061,24.4,51334,14.3
48063,22.4,55061,18.8
48065,7.2,84583,20.6
48067,17.3,54328,22.5
48069,14,63485,18.7
48071,13.1,108114,12.6
48073,17.9,59830,18.4
48075,9.8,60333,17.1
48077,10.4,77355,23.4
48079,27.3,42137,14.4
48081,14.1,46431,27
48083,15,52364,26.2
48085,6.3,117588,11.6
48087,26.2,60165,24.3
48089,10.7,68554,23.4
48091,6.4,99015,18.7
48093,14.1,59946,23.9
48095,13.3,59632,19.8
48097,14.1,72472,18.9
48099,9.9,68904,11.4
48101,22.8,58819,23.2
48103,8.2,59915,15.6
48105,3.3,81739,19
48107,22.1,52197,19.2
48109,17.7,42672,29.2
48111,10,72332,11.2
48113,14,74149,11.8
48115,17.7,55789,13.9
48117,15.8,54114,13.2
48119,14,62855,20.4
48121,7,108185,11.5
48123,15.9,64014,20.3
48125,14.5,50417,26.7
48127,44.8,33409,16.2
48129,8.3,56648,25.1
48131,29,50081,17
48133,14.6,51741,21.9
48135,15.3,71031,9.9
48137,25.3,38500,18.4
48139,8.1,95898,13
48141,18.9,58859,13.1
48143,15.9,65351,14.8
48145,14.6,55372,19.3
48147,14.2,68377,18.1
48149,8.8,76541,26.9
48151,10.3,64700,20.8
48153,18.1,55461,19.1
48155,20.9,42212,31.9
48157,7.2,113409,12.6
48159,11.1,66800,22.3
48161,14.3,58460,20.1
48163,19.6,60098,12.4
48165,7.4,76605,9.7
48167,11.2,85348,15.8
48169,14,50545,14.9
48171,9.5,67799,30.2
48173,8.5,106806,14.9
48175,9.2,59556,24.5
48177,14.5,59355,18.1
48179,16.3,56082,16.7
48181,11.1,70455,18.1
48183,17,64809,16.1
48185,13.3,67080,18.6
48187,8.8,93776,14.8
48189,19,52788,14.2
48191,16.4,46728,24.4
48193,18.4,55339,24.9
48195,7.8,68299,14.1
48197,12.8,61179,21.7
48199,12.3,72532,17.7
48201,15.9,73104,11.7
48203,17.4,66040,17.5
48205,6.8,82122,16
48207,14.2,54044,22.7
48209,12,85827,12.2
48211,3.5,72052,23
48213,14.2,63955,22.5
48215,27.2,52281,11.7
48217,14.2,63147,20.4
48219,12.6,54810,15.4
48221,8.2,86802,25.6
48223,12.3,64725,18.7
48225,16.3,54563,22.2
48227,15.1,71457,13.4
48229,19,39336,10.9
48231,12.4,70112,15.5
48233,11.6,65470,18
48235,7.5,58125,21.9
48237,13.5,65693,16.9
48239,14.1,61752,19.8
48241,22.2,49919,21.1
48243,31.2,32625,33.9
48245,18.8,59934,15.5
48247,31.4,42230,9.6
48249,23.2,47492,16.3
48251,10.7,81826,14
48253,12.6,63472,16
48255,21.3,59103,15.2
48257,9.7,88606,10.7
48259,5.1,110498,20.4
48261,5.9,,39.3
48263,8.4,71420,37.3
48265,11.7,67927,29.1
48267,15,65703,31.2
48269,15.3,70192,30.8
48271,11.3,66341,26.5
48273,28.8,57612,13.3
48275,11.4,56304,18.7
48277,18.7,61122,19.5
48279,15.9,56997,17.1
48281,9.2,76919,21
48283,22,55469,16
48285,9.4,61768,24.1
48287,12.2,66000,19.9
48289,14.4,59975,24.6
48291,17.7,64773,11.5
48293,19.4,58109,20.9
48295,13.6,71442,18.6
48297,17.2,53869,20.4
48299,11.7,65636,37
48301,9.3,51087,81.8
48303,17.2,63367,13.3
48305,17.5,57411,15.9
48307,14.6,51919,23.7
48309,17.1,63888,15.3
48311,9.1,45833,17.3
48313,13.4,67128,15.5
48315,18.4,47447,26.9
48317,8.1,77083,10.9
48319,6.4,68750,35.2
48321,21.8,55174,18.2
48323,22.6,51270,12
48325,11.3,73462,17.7
48327,21.1,48191,33.4
48329,10.6,93984,10.7
48331,15.8,59076,21.9
48333,7.7,64494,25.9
48335,13.2,56033,14.6
48337,13.5,62818,21.8
48339,9.3,97266,13.7
48341,15.3,61325,11.2
48343,16.9,55082,21.9
48345,9.7,62857,29.6
48347,22.3,51528,15.7
48349,16.8,59310,16.7
48351,22.4,41044,23.5
48353,18.8,50160,19.5
48355,17.7,66021,16.1
48357,15.5,64988,11.7
48359,17.7,76402,11.7
48361,12.7,73372,16.1
48363,17,64972,20.5
48365,11.9,62593,20.3
48367,7.8,102099,16
48369,9.6,68164,15.6
48371,27.4,67689,13.7
48373,18.1,59066,19.1
48375,20.9,50448,14.3
48377,36.3,29014,19.5
48379,12.8,64874,24.7
48381,9.5,80905,15.9
48383,11.1,70288,10.3
48385,20.5,45417,37.9
48387,20.9,46912,25.8
48389,21.9,56056,12.6
48391,17.3,58016,22.5
48393,6.4,66118,17.8
48395,16.5,66250,20.8
48397,4.3,124917,12.6
48399,10.4,63490,21.4
48401,14.3,67506,17.5
48403,14.3,59924,30.5
48405,27.5,46338,26.8
48407,17.7,59526,21.6
48409,15.1,67512,15.4
48411,14.5,54855,22.5
48413,9,90141,22.9
48415,9.8,62689,15.6
48417,11.6,64659,20.1
48419,23.5,50436,18.5
48421,6.3,74167,18.4
48423,12.2,71923,17.4
48425,6.5,83382,20.1
48427,33.5,38182,11.4
48429,13.5,54695,20.4
48431,2.7,78750,15.7
48433,8.7,61250,28
48435,11.6,75000,19.3
48437,29.5,39031,16.2
48439,10.9,81905,12.3
48441,13.5,66406,15
48443,8.2,46989,38
48445,21.8,45905,16.2
48447,14,58864,26.5
48449,17.3,59220,15.2
48451,11.7,66254,17
48453,11,97169,11
48455,16.1,51663,27.2
48457,19.6,50647,22.4
48459,13.3,62794,18.5
48461,17.1,52321,19.1
48463,21.9,57849,16.5
48465,18.3,59673,13.9
48467,11.5,68274,20.4
48469,16,70101,17.1
48471,17.9,49862,13.9
48473,13.5,76135,11.6
48475,14.6,71719,13.5
48477,12.6,75085,23.1
48479,21,62506,10.3
48481,14.5,66100,18.2
48483,14.2,67964,20.7
48485,15.9,62168,15.4
48487,18.8,51626,19.8
48489,24.6,45645,14.7
48491,6.3,108309,12.9
48493,9.8,92461,17.1
48495,12,91898,12.5
48497,9.1,89897,15.5
48499,12.6,62524,27.6
48501,12,82261,12.8
48503,16.7,63723,21.2
48505,37.4,36527,14.1
48507,36.3,41887,15.7
49001,7.5,85603,15.3
49003,8.6,77865,13
49005,13.1,78292,10
49007,16.8,53673,19.4
49009,10.1,58750,21.1
49011,6,108058,11
49013,13.3,74738,13
49015,11.3,69956,18.6
49017,11.1,61688,22.4
49019,17,62521,20.1
49021,13.6,65527,13.8
49023,9,89803,12.4
49025,10.4,75000,24.7
49027,8.8,70877,17.1
49029,1.7,126092,12.4
49031,11.1,44650,29.9
49033,9.5,76875,21.1
49035,8.4,94658,11.9
49037,18.4,54890,16.2
49039,15.3,67459,14.6
49041,10.5,73765,17
49043,4.5,137058,15.3
49045,4.7,101846,9.2
49047,11.1,69861,11.9
49049,8.7,96877,7.9
49051,5.1,115146,13.6
49053,9.9,76411,22.3
49055,9.1,70074,25.5
49057,7.5,87083,12.4
50001,7.4,88478,22.6
50003,11.4,71494,24.4
50005,12.6,66075,23.1
50007,10.4,94310,16.9
50009,14.3,58985,27.6
50011,10.1,79078,17.7
50013,7.6,90625,23.6
50015,8.1,69897,18.7
50017,9.4,77328,23.6
50019,10.8,66426,23.9
50021,12,64778,24.7
50023,9.4,79853,21.6
50025,12,68021,25.6
50027,8.7,75247,25.5
51001,14.9,57500,25.7
51003,6.8,102617,20.4
51005,13.1,55160,26.3
51007,11.1,66339,22.2
51009,10.8,67298,21.8
51011,12.3,62337,21.1
51013,7.1,140160,11.9
51015,7.3,79972,22.6
51017,21.1,61709,27.2
51019,8.1,77644,23.3
51021,12.7,61375,24.9
51023,6.1,80467,24.3
51025,15.3,52978,22.3
51027,23.9,42216,23.9
51029,13.7,59199,20.8
51031,10.1,62608,21.3
51033,11.6,86267,16.7
51035,16.2,52575,26.2
51036,11.4,70339,26.9
51037,24.6,48892,22.7
51041,6.8,98910,16.1
51043,6.9,114185,23
51045,14,67778,18.8
51047,8.2,96098,16.6
51049,7.7,57057,23.5
51051,20.2,43831,24.6
51053,10.7,83898,19.2
51057,15.5,56481,24.2
51059,5.9,150113,15
51061,6.1,129495,17.2
51063,8.3,61401,24.4
51065,7.7,91959,21.7
51067,11.5,68348,24.6
51069,7.1,95603,18.8
51071,8.9,64819,21.6
51073,6.8,83689,20.9
51075,3.9,118695,25.1
51077,18,42864,26
51079,11.7,85268,19.5
51081,13.5,56759,16.3
51083,17.9,49244,25.6
51085,5.2,109504,19.2
51087,8.4,86397,17
51089,14.8,48445,24.9
51091,10.3,62946,34.8
51093,7.4,96118,20.1
51095,6.5,107046,27
51097,18.5,72851,23.8
51099,6.5,110517,14.3
51101,7.9,85212,16.8
51103,13.1,67169,39.9
51105,27.6,42269,23.1
51107,4,178707,10.8
51109,10.1,80343,21
51111,15.9,54460,23.2
51113,7,82972,23.2
51115,7.9,75487,33.3
51117,17.4,51691,26.9
51119,9.5,74154,34.1
51121,23.8,70769,14.1
51125,14.4,68525,29.6
51127,5.2,120125,18.5
51131,17.1,55933,29.4
51133,10.3,69500,38
51135,18.9,62161,18.8
51137,10.1,94175,20.4
51139,9.5,59396,22.3
51141,10.8,50938,27.6
51143,15,54115,24.5
51145,3.3,110667,19.8
51147,21.6,55082,17.1
51149,8,88225,13.2
51153,6.1,128873,11.3
51155,14.6,60767,22.9
51157,9.5,98125,27.8
51159,9.3,64184,20.8
51161,7.3,82931,22.1
51163,8,63975,27.4
51165,9.6,78468,20.1
51167,18.1,49020,23.6
51169,18,45136,25.3
51171,12.3,64437,22.4
51173,16.5,46859,23
51175,8.7,68465,22
51177,7,109576,15.2
51179,5.1,133792,11.4
51181,11.6,71458,25.5
51183,12.1,62821,19.2
51185,19.3,45788,23.8
51187,11.3,84331,17.2
51191,11,62774,24.7
51193,13.8,59766,26.6
51195,17.7,50740,19.9
51197,15.6,55359,22.3
51199,5.4,108326,17.8
51510,8.4,113638,13
51520,18.3,44706,23.7
51530,22,54458,18.8
51540,22.6,69829,13.5
51550,8.7,94189,14.6
51570,9.6,76250,18.3
51580,23.6,42724,19.8
51590,25,42778,21.1
51595,13.5,49375,18.2
51600,9.9,132774,14.1
51610,3.6,154734,15.4
51620,16.7,65125,18.6
51630,16.4,85368,11.4
51640,23.4,41438,21.1
51650,13,67758,16.7
51660,25.6,59752,10.5
51670,23.8,48681,15.1
51678,15.9,89598,16.9
51680,17.4,59808,14.3
51683,6.7,117919,10.6
51685,5.8,100668,10.4
51690,21.8,42434,16.7
51700,15.1,66718,14.1
51710,17.3,64017,13
51720,25.7,38497,21.3
51730,21.1,50741,16.8
51735,5.8,120919,19.6
51740,17.6,58972,15.5
51750,33.7,52791,9.6
51760,18.8,62671,14.1
51770,19.7,52671,17.8
51775,10.9,66716,19.6
51790,12.6,62586,21.3
51800,9.9,90089,15.3
51810,8.4,90685,15.9
51820,11.7,56364,17.9
51830,14.1,70206,17.5
51840,19.3,64648,16.7
53001,20.5,65042,12.2
53003,14.9,69107,25.2
53005,11.1,87316,15.9
53007,9,78306,20.9
53009,10.8,67999,32.2
53011,8.4,94948,16.7
53013,9,71528,29.3
53015,13,72932,19.8
53017,7.9,80374,18.4
53019,15.6,54650,30.6
53021,13,82755,10.4
53023,10.8,62411,26.1
53025,15,71115,14.6
53027,14.1,63539,23.3
53029,7,88358,26.8
53031,12.6,71143,40.7
53033,8.4,122148,14
53035,8.3,98546,19.7
53037,14.3,69928,17
53039,13.7,70400,25.1
53041,13,69690,21.4
53043,10.4,71227,26.2
53045,12.6,78359,24.2
53047,18.5,60293,23.2
53049,11.6,62350,33
53051,13.6,63750,27.3
53053,8.9,96632,14.8
53055,10.5,83682,36
53057,11.6,85474,22.6
53059,8.3,90085,24.4
53061,7.9,107982,14.8
53063,12.2,73513,17.4
53065,12.9,67405,25.3
53067,9.7,93985,18.7
53069,15.7,57091,34.1
53071,11.7,72212,20
53073,12.7,80989,18.9
53075,23.7,52893,11.9
53077,15.4,68015,14.5
54001,20.8,48347,21.1
54003,11.4,77329,15.3
54005,17.3,56152,22.1
54007,18.8,44449,24.9
54009,12.1,52116,25.2
54011,19.8,52828,20
54013,33.4,41421,26.4
54015,24.9,42790,22.4
54017,14.5,61164,21.6
54019,18.8,52672,22.4
54021,12.9,50991,18.2
54023,13.4,61530,25.2
54025,20.7,48662,24.5
54027,14.2,60299,24.3
54029,15,61017,24.6
54031,17.6,49302,23.2
54033,13.6,58326,20.3
54035,17.5,55671,21.2
54037,8.8,95523,17.3
54039,16.1,58887,22.1
54041,19.4,52279,21.1
54043,20.6,48593,21
54045,21.4,47237,22.4
54047,30.9,29980,21.9
54049,13.6,67537,20.1
54051,15,60329,23.8
54053,17.9,53454,22.8
54055,18,47799,22.9
54057,14.3,68049,22.6
54059,29.9,39527,21.9
54061,20.5,62704,13.4
54063,15.7,54508,25.1
54065,11,63805,25.2
54067,17.8,49280,23.9
54069,15.7,57867,22.8
54071,16.3,61738,29.8
54073,8,61038,19
54075,20.8,41200,27.1
54077,14.1,61373,20.5
54079,10.7,77871,19.7
54081,21.6,52055,22.1
54083,14.7,55057,22.8
54085,21.7,50256,23
54087,20.2,45194,23.6
54089,19.2,42544,27.1
54091,14.7,56807,21.3
54093,13.2,53475,28.2
54095,17.7,58293,24.2
54097,18.3,51859,21.8
54099,15.7,55539,22.2
54101,22.1,42061,25.1
54103,16.6,53341,22.9
54105,18.3,54688,23.1
54107,14.8,56193,21.6
54109,22.6,48038,23.4
55001,13.8,59153,32.2
55003,16.4,57645,21.5
55005,9.9,64619,23.6
55007,8.9,69609,31.3
55009,9.8,77490,16.4
55011,8.7,68722,24
55013,13.1,61664,32.3
55015,5.7,87700,17.2
55017,9.2,74009,19.7
55019,12,66250,17.2
55021,7.8,82792,19.6
55023,12.6,63496,25.1
55025,10.5,88108,15.1
55027,7.9,73992,19
55029,8.7,71785,32.4
55031,10.4,72579,20.7
55033,10.7,71785,17
55035,11.5,71834,17
55037,8.5,62786,29.3
55039,8.7,73154,19.8
55041,15,59727,25.4
55043,13.4,64349,18.5
55045,7,80248,20.6
55047,13.3,66917,23.5
55049,7.7,83372,20.5
55051,11.6,59058,33
55053,12.6,65508,20.5
55055,8.1,80604,18.5
55057,14.3,65150,21.8
55059,10.5,79412,15.8
55061,7.6,80085,22.2
55063,12.4,70704,18.1
55065,10.7,72091,20.4
55067,12.1,57258,25.6
55069,10.5,67726,23.6
55071,9.8,68611,22.3
55073,8.9,76185,19.2
55075,9.1,63401,25.3
55077,11.8,63471,26.6
55078,21.2,59528,16.8
55079,17.5,62118,14.7
55081,11.8,68213,18
55083,8.4,75886,22.7
55085,8.2,69621,28.3
55087,6.4,82857,16.6
55089,4.6,96734,21.6
55091,7.9,74536,24.5
55093,9.5,88802,16.8
55095,8.3,76208,22.6
55097,10.2,73284,18.3
55099,13,58720,28.5
55101,10.8,75331,18.1
55103,14.5,62649,25
55105,10,74390,17.8
55107,12.5,58322,26
55109,6.6,102482,16
55111,8.8,77648,19.9
55113,15,59055,28.5
55115,11,67032,22.3
55117,8.1,71898,19.6
55119,9.3,63142,21.4
55121,8.5,71295,18.7
55123,14.5,69556,21.3
55125,10.9,67132,31.8
55127,9.7,77359,20
55129,11.7,61270,28.1
55131,5.3,95851,19.8
55133,5.2,104100,20.5
55135,10.1,71189,21.3
55137,11.1,64968,26.2
55139,10.9,72873,17.4
55141,10.3,66417,21.8
56001,21,59881,13.5
56003,12,60547,21.7
56005,9.1,95253,13
56007,12.6,66721,19.1
56009,11.3,79164,18.4
56011,6.2,71209,22.9
56013,12.4,64646,20
56015,12.3,64882,23.9
56017,13.7,64375,26.2
56019,10.6,63905,27.5
56021,9.9,77884,17.3
56023,7.1,86092,19.1
56025,9.7,71247,17
56027,17.6,48987,33
56029,8.6,70533,25.4
56031,10.2,66299,27.1
56033,9.8,70855,22.4
56035,8.4,82791,24.2
56037,13.4,76464,14.8
56039,7,112681,17.9
56041,7.6,82672,17.1
56043,8.6,62648,24.3
56045,10.5,87545,22.1
72001,61.9,18605,22.8
72003,46.5,21694,23.2
72005,47.9,19826,24.6
72007,43.6,22361,23
72009,44.6,21714,25
72011,44.9,23591,23.4
72013,42.9,23175,24.1
72015,54.4,18931,22.5
72017,45.4,21750,21.5
72019,49.6,22167,19.4
72021,34.4,30729,24.4
72023,38.5,25720,24.8
72025,36.6,30113,22.5
72027,39,26094,23
72029,33.9,27278,19.4
72031,29.3,35126,24.7
72033,44.2,24307,24.3
72035,37.9,28461,23.9
72037,41.6,23204,26.4
72039,58.2,20614,24.5
72041,36.2,27149,21
72043,52,20797,21.2
72045,53,17254,21.5
72047,44.2,23933,20.9
72049,20.8,27614,22.9
72051,29.2,33388,19.4
72053,41.5,25170,23.8
72054,50.6,21213,21.3
72055,64.7,16210,26.8
72057,48.6,20273,21
72059,50.2,21400,23.7
72061,24.3,46048,25.9
72063,32,39532,17.8
72065,36.4,28001,23.4
72067,40.1,24862,30.2
72069,38.5,26083,26.1
72071,46.7,20484,22.4
72073,54.9,18413,20.2
72075,42.9,23823,20.8
72077,34,28196,18.2
72079,53,18920,27.3
72081,54.9,19323,23.6
72083,54,16170,23.8
72085,37.5,25697,21.2
72087,44.8,22500,22.9
72089,43.8,23769,24.6
72091,45.9,20352,25
72093,52.6,20541,26.1
72095,52.8,19363,26.4
72097,53,17963,26.7
72099,46,21415,20.8
72101,48.7,23010,19.4
72103,48,21416,20.1
72105,50.5,21399,23.1
72107,52.5,19062,20.1
72109,47.8,23422,26.6
72111,51,20959,20
72113,50.9,18827,25.2
72115,45.1,23624,23
72117,44.6,25223,27.9
72119,37,26745,22.7
72121,44.5,20564,25.6
72123,48,21611,22.5
72125,51.9,17921,27.8
72127,39.5,26981,25.5
72129,44.6,21320,22.2
72131,52.4,17834,26.2
72133,45.7,23197,18
72135,33.8,33349,17.3
72137,33.8,29648,22.3
72139,28.2,38773,22.1
72141,53.5,17624,25.4
72143,41.3,25235,21
72145,42.3,23877,23.2
72147,59.5,17531,25.1
72149,41.8,24882,21.8
72151,49.7,21279,25.4
72153,44.6,21918,25.7
