fips,name,rural_raw_value,cropland_share_of_land,gcd_funding,pgma,moratorium,dist_km,land_score,permissive_score,infra_score,siting_risk,is_lit,is_peer
48001,Anderson,0.6786195228,0.101490315884535,0,0,0,48.5070932404945,0.644182867932808,1,0.615653525430276,0.68158690333309,FALSE,FALSE
48003,Andrews,0.1831810854,0.0744847021070497,0,0,0,49.0680279708181,0.176358991111167,1,0.612209778603386,0.449009534497595,FALSE,FALSE
48005,Angelina,0.5190578158,0.0251883157674368,0,0,0,154.290127312309,0.512520719717037,1,0.213760024691584,0.4463582565514,FALSE,FALSE
48007,Aransas,0.2357532522,0.010953115787137,0,0,0,210.066220138607,0.23446213586573,1,0.122375364279759,0.270291695570044,FALSE,FALSE
48009,Archer,0.8735981308,0.214141006448208,0,0,0,108.322362271502,0.780061539319607,1,0.33850256039484,0.631354264388252,FALSE,FALSE
48011,Armstrong,1,0.193421312037774,0,0,0,78.437162906068,0.903289343981113,1,0.456406404219398,0.742159417861776,FALSE,FALSE
48013,Atascosa,0.7145219575,0.104672990407402,0,0,0,61.6850851570648,0.677126382498362,1,0.539641174711687,0.665674227391824,FALSE,FALSE
48015,Austin,0.7883448802,0.12015259953441,0,0,0,84.9728332104901,0.740984036857164,1,0.427531062637399,0.64974831217789,FALSE,FALSE
48017,Bailey,0.2527520278,0.418273018960677,0,0,0,92.5299488872931,0.199892350941831,1,0.396412680108599,0.369255490179925,FALSE,FALSE
48019,Bandera,1,0.0157713041275826,0,0,0,77.5315436531931,0.992114347936209,1,0.460558481113691,0.787799862982604,FALSE,FALSE
48021,Bastrop,0.7200460829,0.0694887716391823,2,0,0,0,0.695028523987837,0,1,0.375429253008626,TRUE,FALSE
48023,Baylor,1,0.276490315097282,0,0,0,68.272044413009,0.861754842451359,1,0.505240642133303,0.742319195453092,FALSE,FALSE
48025,Bee,0.5416626405,0.111993685049867,0,0,0,137.132178477452,0.511331242918282,1,0.253771306721834,0.462713573076721,FALSE,FALSE
48027,Bell,0.1369065445,0.231838735647836,2,0,0,0,0.121036424410603,0,1,0.0918598511746872,TRUE,FALSE
48029,Bexar,0.0470765292,0.0965838171284086,2,0,0,0,0.0448031137563535,0,1,0.0541982974390724,TRUE,FALSE
48031,Blanco,1,0.038775457298622,0,0,0,59.4842837531857,0.980612271350689,1,0.551649257614183,0.820690281630205,FALSE,FALSE
48033,Borden,1,0.133265811894615,0,0,0,0,0.933367094052693,1,1,0.987205839898628,TRUE,FALSE
48035,Bosque,1,0.115083158869169,2,0,0,0,0.942458420565415,0,1,0.497667081403852,TRUE,FALSE
48037,Bowie,0.379436556,0.117573401689721,0,0,0,202.10570491533,0.357130732692824,1,0.132515315818457,0.335187487821552,FALSE,FALSE
48039,Brazoria,0.2259542888,0.14251116027321,0,0,0,74.7388482217702,0.209853784867202,1,0.473601758572246,0.406862794724701,FALSE,FALSE
48041,Brazos,0.1185038208,0.0701786300415545,2,0,0,0,0.114345602900783,0,1,0.0885543836347774,TRUE,FALSE
48043,Brewster,0.3418185627,0.0060738703657413,0,0,0,119.010415714479,0.340780481880778,1,0.304189578898601,0.399806195203088,FALSE,FALSE
48045,Briscoe,1,0.16468911110714,0,0,0,48.3714985035224,0.91765544444643,1,0.616488885432851,0.817044337627301,FALSE,FALSE
48047,Brooks,0.3644714528,0.0187628293381945,0,0,0,269.580652617776,0.361052194966235,1,0.0674879290369462,0.309588674544654,FALSE,FALSE
48049,Brown,0.4339939625,0.100355782037068,0,0,0,102.286044547942,0.412217060746973,1,0.359564951821614,0.458546964830292,FALSE,FALSE
48051,Burleson,1,0.179093709303114,0,0,0,35.646328624878,0.910453145348443,1,0.700148176063716,0.848912080500235,FALSE,FALSE
48053,Burnet,0.6732342764,0.0654638467996966,0,0,0,57.9514108337679,0.651198023634723,1,0.56017048261757,0.661558062445837,FALSE,FALSE
48055,Caldwell,0.5459320445,0.167084475440892,0,0,0,41.4979155255567,0.500323659859172,1,0.660354045472834,0.629444749946629,FALSE,FALSE
48057,Calhoun,0.400427733,0.095991224209559,0,0,0,192.664600517795,0.381208958850936,1,0.14563584210973,0.352638802202949,FALSE,FALSE
48059,Callahan,1,0.127853077252324,0,0,0,48.5835566110889,0.936073461373838,1,0.615182955923128,0.825590391640274,FALSE,FALSE
48061,Cameron,0.1758147533,0.295845234243563,0,0,0,379.989281717591,0.149807774863244,1,0.0223731697471742,0.186123518554575,FALSE,FALSE
48063,Camp,1,0.109771386565553,0,0,0,150.609469603738,0.945114306717224,1,0.22177438535989,0.663466246695502,FALSE,FALSE
48065,Carson,1,0.581689170919464,0,0,0,114.707152766735,0.709155414540268,1,0.317565390454592,0.587458564082448,FALSE,FALSE
48067,Cass,0.8056160821,0.0528094426181673,0,0,0,207.971780084472,0.784344013970034,1,0.124965472373895,0.543046713825606,FALSE,FALSE
48069,Castro,1,0.681929955983408,0,0,0,64.7963521410908,0.659035022008296,1,0.523109995069017,0.649736348930688,FALSE,FALSE
48071,Chambers,0.5410663288,0.243687207250613,0,0,0,71.9108176459085,0.475140857498693,1,0.487186546707002,0.543675144924563,FALSE,FALSE
48073,Cherokee,0.7246488931,0.111020899981242,0,0,0,94.1214451934541,0.684423306958814,1,0.390153724578833,0.60597800769511,FALSE,FALSE
48075,Childress,0.3223289316,0.268575350253039,2,0,0,0,0.279044128749421,0,1,0.16992042071478,TRUE,FALSE
48077,Clay,1,0.167907685043229,0,0,0,119.966453277231,0.916046157478385,1,0.3012952696493,0.682779173964048,FALSE,FALSE
48079,Cochran,1,0.581653991324415,0,0,0,106.051476767795,0.709173004337793,1,0.346277511972114,0.599625528520556,FALSE,FALSE
48081,Coke,1,0.0756375407008094,0,0,0,47.3235303734562,0.962181229649595,1,0.622983463594125,0.841791575655019,FALSE,FALSE
48083,Coleman,0.5316241541,0.179650193899992,0,0,0,72.1075267002325,0.483870962917008,1,0.486229148611267,0.547582665747224,FALSE,FALSE
48085,Collin,0.0614956809,0.173313708293815,0,0,0,0,0.0561666586495839,1,1,0.553842379079321,TRUE,FALSE
48087,Collingsworth,1,0.232762042282617,0,0,0,48.6549757273467,0.883618978858691,1,0.614743754548178,0.799490314126361,FALSE,FALSE
48089,Colorado,1,0.224118222885151,0,0,0,92.509360316352,0.887940888557425,1,0.396494304216794,0.709206775052971,FALSE,FALSE
48091,Comal,0.4661147609,0.0211590123795766,0,0,0,46.0529882560481,0.461183496901907,1,0.630949227921303,0.597656729713016,FALSE,FALSE
48093,Comanche,1,0.282535442926867,0,0,0,87.2390789731304,0.858732278536566,1,0.417951120569616,0.703862824687168,FALSE,FALSE
48095,Concho,1,0.22956679064756,0,0,0,107.950701190253,0.88521660467622,1,0.339762983471003,0.68383776858949,FALSE,FALSE
48097,Cooke,0.6029567054,0.262821797242659,0,0,0,48.9068692165252,0.52372162291363,1,0.613197203703526,0.621035276369282,FALSE,FALSE
48099,Coryell,0.1952872083,0.180493194665072,0,0,0,49.596184626424,0.177663202248355,1,0.608984875677679,0.448288254744899,FALSE,FALSE
48101,Cottle,1,0.17117581323643,0,0,0,50.4261623121128,0.914412093381785,1,0.603951354546451,0.810132951645953,FALSE,FALSE
48103,Crane,1,0.000191065979328648,0,0,0,48.3771710828694,0.999904467010336,1,0.616453915603514,0.857663026278688,FALSE,FALSE
48105,Crockett,1,0.00367565376940387,0,0,0,125.388469165652,0.998162173115298,1,0.285393973067171,0.716613487110537,FALSE,FALSE
48107,Crosby,1,0.523247435886619,0,0,0,70.1773205764395,0.738376282056691,1,0.495705536103299,0.677328784294825,FALSE,FALSE
48109,Culberson,1,0.00703465054118739,0,0,0,135.443040487884,0.996482674729406,1,0.258094261824238,0.704223581089747,FALSE,FALSE
48111,Dallam,0.2330288124,0.427502049823106,0,0,0,255.02622105328,0.183218664915578,1,0.078061194849902,0.226210845459038,FALSE,FALSE
48113,Dallas,0.0057825806,0.0636058567247144,0,0,0,0,0.00559867760342864,1,1,0.528860271925286,TRUE,FALSE
48115,Dawson,0.2990526654,0.781881822898294,0,0,0,48.2824433621926,0.182140743817227,1,0.617038145016704,0.453910487704673,FALSE,FALSE
48117,Deaf Smith,0.1648280687,0.563958471773496,0,0,0,122.309252589629,0.118349975835286,1,0.294318570282067,0.28573889725509,FALSE,FALSE
48119,Delta,1,0.406782874460479,0,0,0,86.8297929146845,0.796608562769761,1,0.419665241673736,0.673897688345311,FALSE,FALSE
48121,Denton,0.0720370865,0.207371765798871,0,0,0,0,0.0645678575847445,1,1,0.557992824631596,TRUE,FALSE
48123,DeWitt,0.5139729621,0.0681707774188215,0,0,0,113.069199464948,0.496453993900694,1,0.322809796462669,0.484598416655272,FALSE,FALSE
48125,Dickens,1,0.236108461435323,0,0,0,101.752843373822,0.881945769282338,1,0.361487276741609,0.691421125139302,FALSE,FALSE
48127,Dimmit,0.3482298317,0.0489472912033344,0,0,0,165.685473118899,0.339707378211046,1,0.190737959787659,0.351234460924577,FALSE,FALSE
48129,Donley,1,0.133014546442768,0,0,0,49.6958998180609,0.933492726778616,1,0.608377927901718,0.821433811803951,FALSE,FALSE
48131,Duval,1,0.0366144531998323,0,0,0,196.020201014622,0.981692773400084,1,0.140829968964727,0.647260841712958,FALSE,FALSE
48133,Eastland,1,0.147546616229645,0,0,0,99.4280408411555,0.926226691885178,1,0.369989590171397,0.716897578018886,FALSE,FALSE
48135,Ector,0.0909057885,0.0033655522100963,0,0,0,0,0.0907528144113016,1,1,0.570928982724754,TRUE,FALSE
48137,Edwards,1,0.00908193475060349,0,0,0,181.970954795952,0.995459032624698,1,0.162072818478952,0.663057167153532,FALSE,FALSE
48139,Ellis,0.3069444805,0.339742423260783,2,0,0,0,0.254803449694204,0,1,0.15794479445651,TRUE,FALSE
48141,El Paso,0.0402364909,0.0846101152970314,0,0,0,298.936507576327,0.0385342838329015,1,0.050319375574273,0.142985003495298,FALSE,FALSE
48143,Erath,0.5098836526,0.202945813010462,0,0,0,66.2463986606824,0.458144276391175,1,0.515579387399616,0.547301395120338,FALSE,FALSE
48145,Falls,0.6819896275,0.516538687044919,0,0,0,51.8022947272991,0.505852614116448,1,0.595697109119297,0.604796955040555,FALSE,FALSE
48147,Fannin,0.7813078347,0.28748497147938,0,0,0,62.4766882978165,0.669000704412327,1,0.535386221614242,0.659858118781439,FALSE,FALSE
48149,Fayette,0.7945569879,0.123123728935853,0,0,0,45.1568845314819,0.745642578298856,1,0.636628595962626,0.740593045217406,FALSE,FALSE
48151,Fisher,1,0.359413755112253,0,0,0,48.6121007980225,0.820293122443874,1,0.615007382009471,0.76831706612909,FALSE,FALSE
48153,Floyd,1,0.514237496249296,0,0,0,48.2977020222838,0.742881251875352,1,0.616944000446306,0.730893337887086,FALSE,FALSE
48155,Foard,1,0.170928671620921,0,0,0,73.6049269689516,0.91453566418954,1,0.479002592298352,0.757283894644339,FALSE,FALSE
48157,Fort Bend,0.0479800773,0.174594633241554,0,0,0,51.8363516444556,0.0437915453004525,1,0.595494267591087,0.37643896274538,FALSE,FALSE
48159,Franklin,1,0.188263973359684,0,0,0,126.038081992004,0.905868013320158,1,0.283546025961764,0.670234868343043,FALSE,FALSE
48161,Freestone,1,0.0814707538141643,0,0,0,0,0.959264623092918,1,1,1,TRUE,FALSE
48163,Frio,0.5070437857,0.167513396384833,0,0,0,86.2318313286947,0.464575472370785,1,0.422182196320016,0.51092914714664,FALSE,FALSE
48165,Gaines,0.6727474766,0.674022538415909,0,0,0,96.8864582542837,0.446023995654585,1,0.379513700046854,0.483695995341081,FALSE,FALSE
48167,Galveston,0.0406436601,0.0340124193886649,0,0,0,69.5827636025363,0.0399524654935942,1,0.498661566873855,0.33353810719104,FALSE,FALSE
48169,Garza,1,0.171126866660219,0,0,0,49.8567218751435,0.91443656666989,1,0.607400308327891,0.811605516885235,FALSE,FALSE
48171,Gillespie,0.5644153414,0.0823005451417098,0,0,0,104.489387074939,0.541189496258218,1,0.351729146148001,0.518945129730159,FALSE,FALSE
48173,Glasscock,1,0.282013401895891,0,0,0,74.3456824256578,0.858993299052055,1,0.475467463951113,0.728347326084801,FALSE,FALSE
48175,Goliad,1,0.088160897054043,0,0,0,137.77540169359,0.955919551472978,1,0.252144229240988,0.681664607757362,FALSE,FALSE
48177,Gonzales,0.6462117743,0.0953786134832119,0,0,0,73.5845568488247,0.61539438277537,1,0.479100175640398,0.609540405248179,FALSE,FALSE
48179,Gray,0.2054930042,0.244592110831243,0,0,0,97.2875000418736,0.180362020370834,1,0.377994739389368,0.351807759813779,FALSE,FALSE
48181,Grayson,0.4768966306,0.309470846311348,0,0,0,49.6009459020188,0.403103828662594,1,0.608955880919683,0.559650442791427,FALSE,FALSE
48183,Gregg,0.1346034659,0.0241593251368072,0,0,0,152.109903260739,0.13297750145139,1,0.218471647496511,0.260847621772815,FALSE,FALSE
48185,Grimes,0.7451824518,0.110615863974414,0,0,0,32.6726992187717,0.703967951437786,1,0.721280631396572,0.755850801075222,FALSE,FALSE
48187,Guadalupe,0.2482195176,0.179228447536645,0,0,0,57.4510748595754,0.225975518206129,1,0.56298024031165,0.452675129502157,FALSE,FALSE
48189,Hale,0.3046245618,0.740349181625406,2,0,0,0,0.191860289284186,0,1,0.126848975611351,TRUE,FALSE
48191,Hall,1,0.248226657179061,2,0,0,0,0.87588667141047,0,1,0.464778630324454,TRUE,FALSE
48193,Hamilton,1,0.127377329222089,0,0,0,49.8026861784027,0.936311335388955,1,0.607728610008565,0.822551332905574,FALSE,FALSE
48195,Hansford,1,0.551268814857779,0,0,0,203.3481872504,0.724365592571111,1,0.130879022804318,0.515919684455611,FALSE,FALSE
48197,Hardeman,1,0.274071442113979,0,0,0,50.0690221230242,0.862964278943011,1,0.606112163818497,0.785631184491599,FALSE,FALSE
48199,Hardin,0.5072113247,0.0112023691282012,0,0,0,110.070367987267,0.504370340457353,1,0.332636931410075,0.492670674170669,FALSE,FALSE
48201,Harris,0.0113372133,0.0681113405456376,2,0,0,0,0.0109511169020426,0,1,0.037474390427231,TRUE,FALSE
48203,Harrison,0.5490492308,0.046005686219181,0,0,0,191.920383251901,0.536419537484466,1,0.146723732304225,0.429778179220366,FALSE,FALSE
48205,Hartley,0.4620958751,0.383155603799809,0,0,0,208.802882902085,0.373568563081329,1,0.12393118476215,0.339673283426176,FALSE,FALSE
48207,Haskell,1,0.575382428599051,1,0,0,0,0.712308785700475,0.5,1,0.630981297195985,TRUE,FALSE
48209,Hays,0.2974359825,0.0262012598757666,2,0,0,38.7696387075745,0.293539383763057,0,0.678618349290957,0.0409910356145265,FALSE,TRUE
48211,Hemphill,1,0.050291104627649,0,0,0,145.326673608366,0.974854447686175,1,0.233805259123735,0.683253299517368,FALSE,FALSE
48213,Henderson,0.6594400487,0.12273638524715,0,0,0,60.8318008536853,0.618971404767679,1,0.544265549624572,0.638902127105549,FALSE,FALSE
48215,Hidalgo,0.0890522416,0.308426734411971,0,0,0,340.215440041175,0.0753191955656231,1,0.0333014479682267,0.153951542342433,FALSE,FALSE
48217,Hill,0.775101745,0.401273356148126,0,0,1,48.4098055153108,0.619587905713791,0.5,0.616252772189685,0.422674930257321,FALSE,TRUE
48219,Hockley,0.4149138692,0.760641979814077,0,0,0,70.0574046719448,0.257113415739696,1,0.496300322430975,0.439822284175822,FALSE,FALSE
48221,Hood,0.4108412611,0.135008200484889,1,1,0,61.5283375385975,0.383107791426973,0.25,0.540487712692051,0.150256038702378,FALSE,TRUE
48223,Hopkins,0.6008644358,0.206736821981073,0,0,0,94.0813741913992,0.538754033850629,1,0.390310094413214,0.534079210656793,FALSE,FALSE
48225,Houston,0.7310341702,0.122554347687395,0,0,0,81.0841940739169,0.686238462266972,1,0.44448367972158,0.629881008374659,FALSE,FALSE
48227,Howard,0.1693918531,0.411192221891379,0,0,0,48.3546181021987,0.134565546876756,1,0.616592960014684,0.430218390571462,FALSE,FALSE
48229,Hudspeth,1,0.0227470176101523,0,0,0,217.678250767092,0.988626491194924,1,0.113405826643677,0.639073433266548,FALSE,FALSE
48231,Hunt,0.6132598343,0.277712452864732,0,0,0,45.9413928137583,0.528104887886564,1,0.63165373152667,0.631016239557541,FALSE,FALSE
48233,Hutchinson,0.3768249503,0.166692018576788,0,0,0,157.737189754507,0.345418094492198,1,0.206517133816708,0.360737487801093,FALSE,FALSE
48235,Irion,1,0.00658555532538551,0,0,0,111.07629210073,0.996707222337307,1,0.3293076295059,0.734490129149001,FALSE,FALSE
48237,Jack,1,0.111012994429293,0,0,0,98.3312704080811,0.944493502785354,1,0.374069861304117,0.727649742124333,FALSE,FALSE
48239,Jackson,0.6056845476,0.218840467908496,0,0,0,145.558687129819,0.539410402699135,1,0.233263428112362,0.467901372848012,FALSE,FALSE
48241,Jasper,0.7785627653,0.0196641066300204,0,0,0,163.957041672089,0.770907894682489,1,0.194063390774817,0.565668684266139,FALSE,FALSE
48243,Jeff Davis,1,0.0160744834779085,0,0,0,132.894531179395,0.991962758261046,1,0.264756349497729,0.704811696510066,FALSE,FALSE
48245,Jefferson,0.0984695508,0.217558006039539,0,0,0,118.679155888606,0.0877581312361714,1,0.305198907595254,0.275232930588363,FALSE,FALSE
48247,Jim Hogg,1,0.0220600745827266,0,0,0,267.256477033044,0.988969962708637,1,0.0690748368341437,0.620470965305455,FALSE,FALSE
48249,Jim Wells,0.5008356689,0.209514829758222,0,0,0,194.909169986427,0.448369418946786,1,0.142403357851524,0.384449284513176,FALSE,FALSE
48251,Johnson,0.4647273617,0.23605045129699,0,0,0,53.8876186674438,0.409877809970328,1,0.583403520756161,0.552176734118451,FALSE,FALSE
48253,Jones,1,0.527797553806479,0,0,0,48.5294354178645,0.736101223096761,1,0.615515990392372,0.72693910210861,FALSE,FALSE
48255,Karnes,1,0.143856119136575,0,0,0,87.8630187158164,0.928071940431713,1,0.415351475965001,0.73701787712825,FALSE,FALSE
48257,Kaufman,0.4192209758,0.182500455252203,0,0,0,49.5293957451018,0.380966966332614,1,0.609391745720416,0.54889873429414,FALSE,FALSE
48259,Kendall,0.5680345085,0.0464843697984157,0,0,0,57.8365524751244,0.554832145424312,1,0.560814254881864,0.614223021589262,FALSE,FALSE
48261,Kenedy,1,0,0,0,0,291.920179162785,1,1,0.0539767548072359,0.61952678680553,FALSE,FALSE
48263,Kent,1,0.108861707636872,0,0,0,77.8876499662616,0.945569146181564,1,0.458921320034145,0.764111866993777,FALSE,FALSE
48265,Kerr,0.3945777406,0.020616521933969,0,0,0,104.763953491113,0.390510330278132,1,0.350764740609504,0.444096697298466,FALSE,FALSE
48267,Kimble,1,0.0263181108650775,0,0,0,164.846104655559,0.986840944567461,1,0.192345692029194,0.671618753719061,FALSE,FALSE
48269,King,1,0.0898931450781773,0,0,0,68.8397348006021,0.955053427460911,1,0.502380565444944,0.787200397108331,FALSE,FALSE
48271,Kinney,1,0.0109389544343718,0,0,0,184.412692022699,0.994530522782814,1,0.158163349847318,0.660942973556581,FALSE,FALSE
48273,Kleberg,0.1963595361,0.104583762315964,0,0,0,238.261253118335,0.186091526574022,1,0.0923091018093053,0.233663464799342,FALSE,FALSE
48275,Knox,1,0.321586695159624,0,0,0,47.32344418455,0.839206652420188,1,0.622984000536989,0.781038654452181,FALSE,FALSE
48277,Lamar,0.4750838524,0.331738755914481,0,0,0,106.971848880061,0.396281989324883,1,0.343105091750587,0.443704558763579,FALSE,FALSE
48279,Lamb,0.5687236489,0.6355088045696,0,0,0,48.4117718689586,0.38800920577855,1,0.616240654599957,0.555278013574611,FALSE,FALSE
48281,Lampasas,0.6613492394,0.0898911558466538,0,0,0,74.6971684688825,0.631624515626014,1,0.473799195757698,0.615313856858715,FALSE,FALSE
48283,La Salle,1,0.0120694837293939,0,0,0,134.856039518554,0.993965258135303,1,0.259613732934971,0.70362332814395,FALSE,FALSE
48285,Lavaca,0.8238678271,0.152640804789648,0,0,0,87.4560987202648,0.760989903015579,1,0.417045067617131,0.655191472334102,FALSE,FALSE
48287,Lee,1,0.11761483694544,0,0,0,40.3329477387191,0.94119258152728,1,0.66809194186969,0.850523934884815,FALSE,FALSE
48289,Leon,1,0.0873212748602114,0,0,0,47.4138644029758,0.956339362569894,1,0.62242095163633,0.838667319027168,FALSE,FALSE
48291,Liberty,0.7737045445,0.0894184173290327,0,0,0,64.7440794097911,0.739112826575265,1,0.523383510431889,0.689413019849798,FALSE,FALSE
48293,Limestone,0.699223336,0.101855944721427,0,0,0,44.498025244788,0.663613309270226,1,0.64083693086806,0.701850151293849,FALSE,FALSE
48295,Lipscomb,1,0.188620224566911,0,0,0,194.216025087638,0.905689887716544,1,0.143393848263385,0.610798810861742,FALSE,FALSE
48297,Live Oak,1,0.0658336290354101,0,0,0,127.66173478881,0.967083185482295,1,0.27897939640788,0.698543249463886,FALSE,FALSE
48299,Llano,0.502141882,0.0409165740720553,0,0,0,95.3908449548863,0.491868919245233,1,0.38523241575485,0.508766385122129,FALSE,FALSE
48301,Loving,1,0.00182925390264532,0,0,0,59.5748410624513,0.999085373048677,1,0.551149925015111,0.82960510620143,FALSE,FALSE
48303,Lubbock,0.1052057211,0.630194349331821,0,0,0,51.0050208292637,0.0720556956227002,1,0.600465429711392,0.3925073656436,FALSE,FALSE
48305,Lynn,1,0.766324350678858,0,0,0,59.8900491164074,0.616837824660571,1,0.54941539119338,0.640028797345538,FALSE,FALSE
48307,McCulloch,0.3595019659,0.0990183732438631,0,0,0,133.045006215917,0.341703315979306,1,0.264358256874256,0.383395354003711,FALSE,FALSE
48309,McLennan,0.2402188971,0.335605317830226,0,0,0,56.1878427906243,0.199909527444964,1,0.570137095925416,0.442828346320905,FALSE,FALSE
48311,McMullen,1,0.0112999611613801,0,0,0,121.67140545608,0.99435001941931,1,0.296201872756378,0.719306821069259,FALSE,FALSE
48313,Madison,1,0.116195505927488,0,0,0,48.9200418107011,0.941902247036256,1,0.613116435044164,0.827594910098369,FALSE,FALSE
48315,Marion,1,0.0660562862631738,0,0,0,207.582534403585,0.966971856868413,1,0.125452842996906,0.633476753299833,FALSE,FALSE
48317,Martin,1,0.460959778402544,1,0,0,68.7144961472033,0.769520110798728,0.5,0.503010134249503,0.448792864991858,FALSE,FALSE
48319,Mason,1,0.065601263309726,0,0,0,144.312596102133,0.967199368345137,1,0.236188288123834,0.680480563683635,FALSE,FALSE
48321,Matagorda,0.4673562267,0.208789807548161,0,0,0,129.868026983955,0.418566618385436,1,0.272891698898036,0.424981666336156,FALSE,FALSE
48323,Maverick,0.0657142364,0.0161601773140997,0,0,0,191.39934907658,0.0651832595438577,1,0.14749020815941,0.197297818727641,FALSE,FALSE
48325,Medina,0.8426144873,0.189404812086272,0,0,0,58.2441707261169,0.762816867985887,1,0.558532926339289,0.71600770619472,FALSE,FALSE
48327,Menard,1,0.0456021789259316,0,0,0,156.328244242749,0.977198910537034,1,0.209447442455513,0.674097109900087,FALSE,FALSE
48329,Midland,0.1372137214,0.117663324216536,0,0,0,48.2910039483026,0.129141210105977,1,0.616985325195844,0.427704753441723,FALSE,FALSE
48331,Milam,0.5711804153,0.205252309969756,2,0,0,0,0.512562365475095,0,1,0.285285469736165,TRUE,FALSE
48333,Mills,1,0.0899608731350257,0,0,0,101.119016273084,0.955019563432487,1,0.363785757569652,0.72849508431778,FALSE,FALSE
48335,Mitchell,0.3505005562,0.216571913121607,0,0,0,0,0.312546268196789,1,1,0.680501635496382,TRUE,FALSE
48337,Montague,0.7285750063,0.147661981272689,1,1,0,76.7844164147893,0.67478359183199,0.25,0.464012325213801,0.261968837235729,FALSE,FALSE
48339,Montgomery,0.2287623521,0.0276932131501877,0,0,0,49.9535800920093,0.225594769811278,1,0.606812276044772,0.471047897254875,FALSE,FALSE
48341,Moore,0.314589381,0.310383656366936,0,0,0,182.285467415227,0.265767679835504,1,0.16156387977018,0.302352127889164,FALSE,FALSE
48343,Morris,1,0.0668679461758234,0,0,0,171.605998635598,0.966566026912088,1,0.179773062689888,0.656278397781578,FALSE,FALSE
48345,Motley,1,0.128045414661728,0,0,0,51.4248896503055,0.935977292669136,1,0.597949547988399,0.818245318769093,FALSE,FALSE
48347,Nacogdoches,0.4782608696,0.0536236348302243,0,0,0,145.148063843066,0.465437826487492,1,0.234223231306768,0.431763122981157,FALSE,FALSE
48349,Navarro,0.5367132867,0.181982831282734,0,0,0,0,0.487876984949636,1,1,0.767120295421039,TRUE,FALSE
48351,Newton,1,0.00887117469106838,0,0,0,188.613599096763,0.995564412654466,1,0.151656680918049,0.658698468654211,FALSE,FALSE
48353,Nolan,0.2962410096,0.183638871752838,0,0,0,0,0.269040327215067,1,1,0.659008389039686,TRUE,FALSE
48355,Nueces,0.062770048,0.713896396883179,0,0,0,212.286468160798,0.0403643924503079,1,0.119688268156743,0.173263695978067,FALSE,FALSE
48357,Ochiltree,0.1621567649,0.453221169660675,0,0,0,194.397022858711,0.125410325571815,1,0.143134543333037,0.225207379573638,FALSE,FALSE
48359,Oldham,1,0.122743649791426,0,0,0,164.171552411889,0.938628175104287,1,0.193647550130463,0.648351469649032,FALSE,FALSE
48361,Orange,0.3606853127,0.0243887756093628,0,0,0,147.603597442008,0.356286976121483,1,0.228541840861346,0.375433502380967,FALSE,FALSE
48363,Palo Pinto,0.5037840121,0.102498003621489,0,0,0,113.878403745823,0.477965584351663,1,0.320208146299431,0.474362904710453,FALSE,FALSE
48365,Panola,0.7186430128,0.053232681797873,0,0,0,181.23167861575,0.699515365386676,1,0.163275424031589,0.517361322092613,FALSE,FALSE
48367,Parker,0.6434807249,0.131655687821656,1,1,0,79.7964132451011,0.601121776181656,0.25,0.450244670185942,0.219747705286314,FALSE,TRUE
48369,Parmer,1,0.790306001476883,0,0,0,101.775826684756,0.604846999261559,1,0.361404204543545,0.554490801520786,FALSE,FALSE
48371,Pecos,0.4371750148,0.0283604909723825,2,0,0,0,0.430975765769707,0,1,0.244979229818992,TRUE,FALSE
48373,Polk,0.8884344512,0.0302671679942469,0,0,0,116.663008535972,0.874989253806827,1,0.311414615659877,0.666780907491289,FALSE,FALSE
48375,Potter,0.1126429023,0.116108610692114,0,0,0,146.955231042351,0.10610349685481,1,0.230028443474768,0.252464829558894,FALSE,FALSE
48377,Presidio,1,0.00175328995462243,0,0,0,169.298801992972,0.999123355022689,1,0.183968998877487,0.674139487095575,FALSE,FALSE
48379,Rains,1,0.14934607916953,0,0,0,80.8618894933554,0.925326960415235,1,0.445472886419967,0.748416818411628,FALSE,FALSE
48381,Randall,0.1697725803,0.378720863860406,0,0,0,99.5013759481682,0.137624371164487,1,0.369718357376095,0.327189402173715,FALSE,FALSE
48383,Reagan,1,0.0538871983082736,0,0,0,111.43965461482,0.973056400845863,1,0.328113220355964,0.722300132485359,FALSE,FALSE
48385,Real,1,0.00587536441671372,0,0,0,132.32703506321,0.997062317791643,1,0.266263102838056,0.707969074009529,FALSE,FALSE
48387,Red River,1,0.185430716609916,0,0,0,149.402409135031,0.907284641695042,1,0.224467557705246,0.645917687403656,FALSE,FALSE
48389,Reeves,0.1130322756,0.039542844584934,0,0,0,60.3439723269449,0.110797466746434,1,0.546927118905707,0.388975934614237,FALSE,FALSE
48391,Refugio,1,0.149968553115165,0,0,0,182.030656212749,0.925015723442417,1,0.161976087587806,0.628215087578641,FALSE,FALSE
48393,Roberts,1,0.0846639507621603,0,0,0,145.59864562634,0.95766802461892,1,0.233170238173445,0.67449378596458,FALSE,FALSE
48395,Robertson,1,0.223926972148447,0,0,0,44.8397300486519,0.888036513925777,1,0.638650897308244,0.811796294719991,FALSE,FALSE
48397,Rockwall,0.1373598345,0.135837248127856,0,0,0,35.6130820869111,0.128030543539111,1,0.700380989792002,0.462470312827177,FALSE,FALSE
48399,Runnels,1,0.432239505074513,0,0,0,52.6737015925926,0.783880247462744,1,0.590528715188965,0.739962408641151,FALSE,FALSE
48401,Rusk,0.6407476922,0.0701029705225064,0,0,0,138.333197605873,0.61828853391067,1,0.25074169431496,0.514270796620383,FALSE,FALSE
48403,Sabine,1,0.013587781643818,0,0,0,220.556430758992,0.993206109178091,1,0.110188327647219,0.639973438468836,FALSE,FALSE
48405,San Augustine,1,0.0183674939924742,0,0,0,190.603652602985,0.990816253003763,1,0.148668463998114,0.655087360999684,FALSE,FALSE
48407,San Jacinto,1,0.0391803326137095,0,0,0,82.5429830779726,0.980409833693145,1,0.438046666053579,0.772484752660475,FALSE,FALSE
48409,San Patricio,0.2783215766,0.550860809219446,0,0,0,187.124685090186,0.201663352145446,1,0.153931612341809,0.267450740081277,FALSE,FALSE
48411,San Saba,1,0.100138959989557,0,0,0,128.154305599494,0.949930520005221,1,0.277608604166162,0.689488847578447,FALSE,FALSE
48413,Schleicher,1,0.0688069512205575,0,0,0,156.063432056597,0.965596524389721,1,0.210002819835658,0.668600358358219,FALSE,FALSE
48415,Scurry,0.3180368533,0.404028080263709,0,0,0,48.2177428457498,0.253788943654045,1,0.617437501061959,0.489475967544631,FALSE,FALSE
48417,Shackelford,1,0.0831677203922065,0,0,0,60.2713005614936,0.958416139803897,1,0.547324724954917,0.807893481043446,FALSE,FALSE
48419,Shelby,0.7867371576,0.0697733709456642,0,0,0,189.670740751867,0.759290505833019,1,0.150061899373344,0.541296718245889,FALSE,FALSE
48421,Sherman,1,0.683803507922171,0,0,0,223.023967444251,0.658098246038914,1,0.107502661407425,0.473282794068044,FALSE,FALSE
48423,Smith,0.3492476839,0.106393824497468,0,0,0,111.289179981058,0.330668785506498,1,0.328607319176086,0.405150512210957,FALSE,FALSE
48425,Somervell,1,0.249956639520296,0,0,0,38.0025376245478,0.875021680239852,1,0.683844055597549,0.8245038168004,FALSE,FALSE
48427,Starr,0.2859526699,0.10926446029884,0,0,0,320.743627845098,0.270330437826182,1,0.040460209129847,0.253324384195622,FALSE,FALSE
48429,Stephens,0.400615317,0.0503622953071921,0,0,0,96.7843136149366,0.390527363550331,1,0.379901550997795,0.456443223172537,FALSE,FALSE
48431,Sterling,1,0.0266680172945088,0,0,0,54.3326428200645,0.986665991352746,1,0.580813002672489,0.836030518346976,FALSE,FALSE
48433,Stonewall,1,0.114973388389535,0,0,0,48.7462157286459,0.942513305805232,1,0.614183118139768,0.828348483215903,FALSE,FALSE
48435,Sutton,1,0.0233934091584809,0,0,0,200.080097530568,0.98830329542076,1,0.135226926418115,0.648154005794777,FALSE,FALSE
48437,Swisher,1,0.736918438744422,0,0,0,51.6691371143288,0.631540780627789,1,0.596490853518599,0.667226813096701,FALSE,FALSE
48439,Tarrant,0.0122815828,0.0626517453303797,1,1,0,48.0081269703433,0.0118968515010802,0.25,0.618733105506804,0,FALSE,FALSE
48441,Taylor,0.1750600525,0.274808176714964,0,0,0,0,0.151006085578425,1,1,0.600695915189475,TRUE,FALSE
48443,Terrell,1,0.0056663183035081,0,0,0,87.5065782805829,0.997166840848246,1,0.41683459822715,0.771780875664658,FALSE,FALSE
48445,Terry,0.3014960696,0.872654159484114,0,0,0,96.8908046189034,0.169945169997724,1,0.37949720535613,0.347297747526751,FALSE,FALSE
48447,Throckmorton,1,0.171358341416666,0,0,0,48.2473769882203,0.914320829291667,1,0.617254555861688,0.815721163730868,FALSE,FALSE
48449,Titus,0.5065446283,0.125656980671506,0,0,0,149.42027106147,0.474719194016226,1,0.224427467055796,0.432200338758327,FALSE,FALSE
48451,Tom Green,0.1668374957,0.194643279292111,0,0,0,99.6220122765491,0.150600597064034,1,0.369272611644107,0.333411295976696,FALSE,FALSE
48453,Travis,0.0511065054,0.0809100770686159,2,0,0,0,0.0490389897546892,0,1,0.0562909478849157,TRUE,FALSE
48455,Trinity,1,0.0240029486172693,0,0,0,117.765976701341,0.987998525691365,1,0.307998684533315,0.721164403683575,FALSE,FALSE
48457,Tyler,1,0.0184868568965836,0,0,0,140.472060389431,0.990756571551708,1,0.2454356206308,0.696034356020937,FALSE,FALSE
48459,Upshur,0.8069059963,0.089746350797267,0,0,0,160.381572590177,0.770697561997821,1,0.201127604136662,0.568556145897499,FALSE,FALSE
48461,Upton,1,0.0721118487875328,0,0,0,72.8861665713484,0.963944075606234,1,0.482457875965137,0.783156294557878,FALSE,FALSE
48463,Uvalde,0.3516528253,0.116490655526712,0,0,0,120.905509801884,0.331170691231491,1,0.298479179793129,0.392640575209411,FALSE,FALSE
48465,Val Verde,0.1030975497,0.00208532106955059,0,0,0,180.182191224986,0.102990053953696,1,0.164998002329323,0.223389267654445,FALSE,FALSE
48467,Van Zandt,1,0.17702502346502,0,0,0,82.9303121273746,0.91148748826749,1,0.43635326569885,0.737717958305581,FALSE,FALSE
48469,Victoria,0.2774121486,0.187823451717351,0,0,0,148.039425686284,0.251359894950811,1,0.22754795835243,0.323175497020124,FALSE,FALSE
48471,Walker,0.4317408377,0.0640881771214604,0,0,0,70.061451199241,0.417906096061457,1,0.496280239909282,0.519250211780175,FALSE,FALSE
48473,Waller,0.7736028454,0.200855514770981,0,0,0,59.6361786392858,0.695911646529444,1,0.550811966664708,0.679685035302232,FALSE,FALSE
48475,Ward,0.2131569907,0.00649418977484226,0,0,0,0,0.21246484972528,1,1,0.631058397529237,TRUE,FALSE
48477,Washington,0.514173998,0.148105348816155,0,0,0,50.6686256390296,0.476098038337007,1,0.602488767833986,0.592973255418937,FALSE,FALSE
48479,Webb,0.058596704,0.0246575896244142,0,0,0,203.209292299414,0.0578742772597124,1,0.131060933462007,0.186729912264759,FALSE,FALSE
48481,Wharton,0.4752946837,0.523881161965474,0,0,0,102.820807428324,0.350795718113616,1,0.357647264039646,0.427390916493372,FALSE,FALSE
48483,Wheeler,1,0.189970621141666,0,0,0,96.9067768199707,0.905014689429167,1,0.379436596139888,0.710418585670736,FALSE,FALSE
48485,Wichita,0.1274835717,0.270510224260885,0,0,0,130.804151330957,0.110240766914927,1,0.270349013182275,0.271582688854259,FALSE,FALSE
48487,Wilbarger,0.260960658,0.291877129528531,0,0,0,101.912202644764,0.222876434111542,1,0.360911672014409,0.365577261662604,FALSE,FALSE
48489,Willacy,0.3559809562,0.450808084188452,0,0,0,341.21639390942,0.275741409763952,1,0.0329697785348016,0.252825711575455,FALSE,FALSE
48491,Williamson,0.0915261807,0.222953380355639,0,0,0,0,0.081323145010947,1,1,0.566270441756472,TRUE,FALSE
48493,Wilson,0.8731131791,0.16563112230692,0,0,0,51.8819152187009,0.800805821222352,1,0.595223000922434,0.750311968355711,FALSE,FALSE
48495,Winkler,0.1809780516,0,0,0,0,37.848874407293,0.1809780516,1,0.684895680147516,0.482070655366827,FALSE,FALSE
48497,Wise,0.9050734351,0.142377640743766,1,1,0,50.0743217556475,0.840642324905303,0.25,0.606080042951681,0.404067253607493,FALSE,FALSE
48499,Wood,0.8729121602,0.114118787704538,0,0,0,119.632685531927,0.823104321452713,1,0.302302576174532,0.63728965336121,FALSE,FALSE
48501,Yoakum,1,0.406635072326559,0,0,0,135.957054292334,0.796682463836721,1,0.256771025412315,0.604955923059364,FALSE,FALSE
48503,Young,0.5195052331,0.15056240205276,0,0,0,97.0770370228769,0.480396255212742,1,0.378791116274993,0.500370946526867,FALSE,FALSE
48505,Zapata,0.2121823025,0.0093586084787678,0,0,0,278.646490747532,0.21118943695239,1,0.0616387278285526,0.23307508398084,FALSE,FALSE
48507,Zavala,0.306204757,0.058521773597624,0,0,0,136.832222681284,0.297244934268165,1,0.254533651242055,0.35727130050693,FALSE,FALSE
