fips,k10,rucc,pct_growth_2020_24,sus_water,sus_power,sus_land,med_water,D_operating,D_queued,D,rco_water,rco_power,rco_land,rco_max,rco_sum,dominant_channel
10001,1,3,5.7,0.568869727228318,0.379904225942297,0.20437954533442,0,0,0,0,0,0,0,0,0,water
10005,1,4,13.6,0.592252596076082,0.406589907276774,0.243257673698474,0,0,0,0,0,0,0,0,0,water
12003,1,1,4.3,0.299431026082644,0.359868767748226,0.319351297116556,0,0,0,0,0,0,0,0,0,water
12005,1,3,14.4,0.533332649981353,0.382553031513721,0.158836849676796,0,0,0,0,0,0,0,0,0,water
12009,1,2,8.2,0.491704311672083,0.399499601682899,0.12419153894708,0,0,0,0,0,0,0,0,0,water
12015,1,3,12.8,0.49525284014707,0.488862954914912,0.134534885773914,0,0,0,0,0,0,0,0,0,water
12017,1,3,10.1,0.199657658392264,0.518084524206768,0.195117909588154,0,0,0,0,0,0,0,0,0,water
12019,1,1,8.1,0.153419536317124,0.312329536932864,0.159182631603421,0,0,0,0,0,0,0,0,0,water
12021,1,2,10.3,0.238889667303634,0.462259630702288,0.154179590835259,0,0,0,0,0,0,0,0,0,water
12035,1,2,17.9,0.491846859024937,0.434792929681549,0.138730985859847,0,0,0,0,0,0,0,0,0,water
12037,1,8,4,0.481979663027614,0.439254963679459,0.447630940939147,0,0,0,0,0,0,0,0,0,water
12045,1,8,11.3,0.484780245973759,0.394176693356225,0.444891224913138,0,0,0,0,0,0,0,0,0,water
12053,1,1,11.5,0.195495657499099,0.424741971252434,0.179402833728443,0,0,0,0,0,0,0,0,0,water
12055,1,3,8.3,0.516171118302995,0.504642918916795,0.177514110216941,0,0,0,0,0,0,0,0,0,water
12061,1,3,7.3,0.160297542889417,0.473828445217417,0.139297861600931,0,0,0,0,0,0,0,0,0,water
12069,1,1,15,0.525889984322685,0.412952916951669,0.177241248315217,0,0,0,0,0,0,0,0,0,water
12071,1,2,12.5,0.518422458202882,0.459129512042529,0.125363454629431,0,0,0,0,0,0,0,0,0,water
12081,1,2,14.1,0.176040693232257,0.429895204218423,0.127685790654069,0,0,0,0,0,0,0,0,0,water
12083,1,2,13.6,0.238116843880018,0.474127753752487,0.21311895427858,0,0,0,0,0,0,0,0,0,water
12085,1,2,4.4,0.17998092272998,0.451267258321953,0.136571205792287,0,0,0,0,0,0,0,0,0,water
12087,1,4,-2.3,0.290849186035149,0.473120717434,0.15513948927294,0,0,0,0,0,0,0,0,0,water
12089,1,1,14.7,0.257225789859603,0.340916966733237,0.26037184795631,0,0,0,0,0,0,0,0,0,water
12091,1,2,4,0.177057735463508,0.345194635928862,0.146420604401279,0,0,0,0,0,0,0,0,0,water
12099,1,1,5.9,0.55188429793724,0.453128539738859,0.116870614213062,0,0,0,0,0,0,0,0,0,water
12101,1,1,16.4,0.163219086105501,0.411500547290883,0.136641151300692,0,0,0,0,0,0,0,0,0,water
12103,1,1,0.6,0.17067520139408,0.456328834395066,0.111615654433083,0,0,0,0,0,0,0,0,0,water
12105,1,2,16.8,0.537300198066908,0.437108201762038,0.149310604302226,0,0,0,0,0,0,0,0,0,water
12109,1,1,20.9,0.161027729569481,0.289164996924576,0.160224131146122,0,0,0,0,0,0,0,0,0,water
12111,1,2,17.9,0.498163277706438,0.446588283175388,0.124593410056271,0,0,0,0,0,0,0,0,0,water
12113,1,2,9.9,0.177878552008275,0.292375640328481,0.17960538279987,0,0,0,0,0,0,0,0,0,water
12115,1,2,9.2,0.156741514947823,0.454823804378036,0.118954481319566,0,0,0,0,0,0,0,0,0,water
12117,1,1,4.9,0.501919692016091,0.357097999381742,0.122026711354998,0,0,0,0,0,0,0,0,0,water
12119,1,3,18.7,0.529798447839696,0.529061333847567,0.18716230743757,0,0,0,0,0,0,0,0,0,water
12127,1,2,8.5,0.522959904930981,0.454512630831688,0.140212400206436,0,0,0,0,0,0,0,0,0,water
12129,1,2,9.5,0.330388158222523,0.292402054047889,0.348674787753363,0,0,0,0,0,0,0,0,0,water
12131,1,2,18.2,0.33226988846448,0.361086813722601,0.299325736019209,0,0,0,0,0,0,0,0,0,water
13011,1,8,12,0.751846636597296,0.367528835936296,0.454834725746037,0,0,0,0,0,0,0,0,0,water
13013,1,1,14.6,0.566664057893903,0.311442368980341,0.2203031315777,0,0,0,0,0,0,0,0,0,water
13015,1,1,7.5,0.253064163870998,0.316545065989005,0.243375572617713,0,0,0,0,0,0,0,0,0,water
13029,1,2,13.5,0.25610587565039,0.244820431386577,0.269233256720021,0,0,0,0,0,0,0,0,0,water
13039,1,4,7.6,0.594155492212217,0.387289514715965,0.210294271961552,0,0,0,0,0,0,0,0,0,water
13045,1,1,8.7,0.330381186549865,0.390674951904371,0.295617145818668,0,0,0,0,0,0,0,0,0,water
13047,1,2,1.4,0.527214891294932,0.333711403264285,0.191076183153728,0,0,0,0,0,0,0,0,0,water
13057,1,1,9.5,0.175951320621563,0.250641922149852,0.173011505977917,0,0,0,0,0,0,0,0,0,water
13067,1,1,2.8,0.13095554767817,0.277461733226221,0.110881307111436,0,0,0,0,0,0,0,0,0,water
13073,1,2,6.8,0.129111308488956,0.254298398932395,0.160603196662338,0,0,0,0,0,0,0,0,0,water
13077,1,1,7.8,0.254759431136718,0.272209183696759,0.26047038337601,0,0,0,0,0,0,0,0,0,water
13083,1,2,-1,0.431625372518967,0.346218354442683,0.432085974352578,0,0,0,0,0,0,0,0,0,water
13085,1,1,24.7,0.326955668354843,0.284129130676663,0.34683938020291,0,0,0,0,0,0,0,0,0,water
13097,1,1,5,0.197211711893632,0.325621158840664,0.162423750133592,0,0,0,0,0,0,0,0,0,water
13103,1,2,12.2,0.338590319343334,0.257196018593148,0.358821757466368,0,0,0,0,0,0,0,0,0,water
13111,1,8,1.6,0.463396974049784,0.460073176411811,0.446314141360451,0,0,0,0,0,0,0,0,0,water
13113,1,1,4.7,0.187331828658613,0.268087753987665,0.17125652866293,0,0,0,0,0,0,0,0,0,water
13117,1,1,10.7,0.113797442430324,0.142460597486254,0.137577971232492,0,0,0,0,0,0,0,0,0,water
13119,1,8,7.4,0.788571479626854,0.45599117038999,0.497486998574301,0,0,0,0,0,0,0,0,0,water
13123,1,6,6.1,0.394244059593082,0.402243682591117,0.390925399296718,0,0,0,0,0,0,0,0,0,water
13127,1,3,2.4,0.203739617755249,0.436496595079026,0.172914058809702,0,0,0,0,0,0,0,0,0,water
13129,1,4,5.3,0.346842759098484,0.369533474920011,0.326111576715463,0,0,0,0,0,0,0,0,0,water
13133,1,8,10.8,0.783321421656157,0.370074511368235,0.449251712615533,0,0,0,0,0,0,0,0,0,water
13135,1,1,4.7,0.17158467897013,0.349195018381257,0.112570542983998,0,0,0,0,0,0,0,0,0,water
13137,1,6,7.6,0.314268813794642,0.383733319481527,0.317957526149862,0,0,0,0,0,0,0,0,0,water
13139,1,3,9,0.251373468796363,0.36059730003163,0.197846749539466,0,0,0,0,0,0,0,0,0,water
13143,1,1,7.9,0.703777215782638,0.383675534648088,0.366874379928403,0,0,0,0,0,0,0,0,0,water
13145,1,2,5.8,0.421837155084132,0.289593952349816,0.437342409189135,0,0,0,0,0,0,0,0,0,water
13147,1,6,8.4,0.721255173742866,0.403797290601951,0.403414835790074,0,0,0,0,0,0,0,0,0,water
13151,1,1,7.2,0.17508038134476,0.315903341511724,0.17357893553626,0,0,0,0,0,0,0,0,0,water
13153,1,3,6.4,0.48310004123336,0.313095560184879,0.140822618933441,0,0,0,0,0,0,0,0,0,water
13157,1,4,22.3,0.649880233717417,0.29216092142374,0.323567963202616,0,0,0,0,0,0,0,0,0,water
13159,1,1,17.4,0.458827295975212,0.409728879808006,0.464967673110057,0,0,0,0,0,0,0,0,0,water
13169,1,3,2.3,0.404041797834287,0.356905924802461,0.396185373564239,0,0,0,0,0,0,0,0,0,water
13171,1,6,11.5,0.649137637479511,0.327799881385524,0.328016109561066,0,0,0,0,0,0,0,0,0,water
13177,1,3,2.6,0.300755611167337,0.289087548325431,0.321239075835598,0,0,0,0,0,0,0,0,0,water
13187,1,1,7.1,0.397863781675586,0.39815163213181,0.380412806258865,0,0,0,0,0,0,0,0,0,water
13207,1,3,12,0.379717066598152,0.306445256269452,0.385886542261378,0,0,0,0,0,0,0,0,0,water
13211,1,1,8.6,0.384142457293898,0.308729447674851,0.381136809305968,0,0,0,0,0,0,0,0,0,water
13213,1,3,3.3,0.314582204182809,0.326408572055245,0.354515050236093,0,0,0,0,0,0,0,0,0,water
13217,1,1,9.8,0.611154951687925,0.37647138286421,0.225214140073057,0,0,0,0,0,0,0,0,0,water
13219,1,3,6.5,0.240807322688043,0.179864063704563,0.291695597427128,0,0,0,0,0,0,0,0,0,water
13221,1,3,8.8,0.800757833560042,0.354835178633716,0.508718799997154,0,0,0,0,0,0,0,0,0,water
13223,1,1,11.2,0.159816395247588,0.226141122567998,0.179131910975759,0,0,0,0,0,0,0,0,0,water
13227,1,1,9.7,0.382375437241123,0.375388103785122,0.383008166628092,0,0,0,0,0,0,0,0,0,water
13229,1,8,4.7,0.401614751842086,0.367869065437884,0.440942896190596,0,0,0,0,0,0,0,0,0,water
13231,1,1,9.1,0.414523429359307,0.305064222505798,0.444021833784163,0,0,0,0,0,0,0,0,0,water
13233,1,4,3.9,0.326586716183325,0.453464999863511,0.288132117034592,0,0,0,0,0,0,0,0,0,water
13237,1,8,5.5,0.490537444538847,0.488095016554095,0.465525320842952,0,0,0,0,0,0,0,0,0,water
13241,1,9,4.7,0.819070270540538,0.470805198802429,0.443749119222383,0,0,0,0,0,0,0,0,0,water
13247,1,1,4.3,0.204694350263995,0.385653576507385,0.156523693588324,0,0,0,0,0,0,0,0,0,water
13257,1,7,2.5,0.304362212409558,0.435027254243094,0.304408101125862,0,0,0,0,0,0,0,0,0,water
13281,1,9,5,0.482815611720606,0.523906239457276,0.443229095544791,0,0,0,0,0,0,0,0,0,water
13291,1,8,11.3,0.487768183708106,0.443201158457141,0.4457744632159,0,0,0,0,0,0,0,0,0,water
13295,1,2,2.4,0.273753248650973,0.38836326196133,0.287218504351281,0,0,0,0,0,0,0,0,0,water
13297,1,1,13,0.312788620812932,0.336706726175982,0.306869889941649,0,0,0,0,0,0,0,0,0,water
13311,1,8,5.5,0.427636740168886,0.372875075565333,0.466647096579894,0,0,0,0,0,0,0,0,0,water
13313,1,3,2.2,0.261075875516007,0.351795387636337,0.228758625196525,0,0,0,0,0,0,0,0,0,water
17007,1,2,0,0.231139836124546,0.327906670249502,0.208680320664944,0,0,0,0,0,0,0,0,0,water
17063,1,1,2.5,0.19380040640664,0.276954471449722,0.197673753843768,0,0,0,0,0,0,0,0,0,water
17089,1,1,0.9,0.158737044662278,0.279409906004167,0.125965674254055,0,0,0,0,0,0,0,0,0,water
17091,1,3,-0.9,0.577834402509013,0.393400129074699,0.213438298730916,0,0,0,0,0,0,0,0,0,water
17093,1,1,8.2,0.141028433717715,0.194002867750596,0.151431507178508,0,0,0,0,0,0,0,0,0,water
17111,1,1,1.9,0.486759337943837,0.251851790148312,0.162107632272789,0,0,0,0,0,0,0,0,0,water
17119,1,1,-1,0.505833435464257,0.351463385609821,0.167051733135948,0,0,0,0,0,0,0,0,0,water
17143,1,2,-1,0.200296190599217,0.419955204629026,0.168726967183762,0,0,0,0,0,0,0,0,0,water
17161,1,2,-1.1,0.498265941398707,0.405980548898901,0.150875607333724,0,0,0,0,0,0,0,0,0,water
17163,1,1,-2.3,0.175301758831936,0.385740502858327,0.160812629032135,0,0,0,0,0,0,0,0,0,water
17167,1,3,-1,0.521365563417725,0.369232661899245,0.176989097106035,0,0,0,0,0,0,0,0,0,water
17179,1,2,-1.1,0.499776226729548,0.329715719944422,0.185673901165667,0,0,0,0,0,0,0,0,0,water
17197,1,1,1.7,0.469757572432151,0.244616513820888,0.127958526561523,0,0,0,0,0,0,0,0,0,water
17201,1,2,-0.4,0.50662280370914,0.42344442299837,0.144088251446609,0,0,0,0,0,0,0,0,0,water
18003,1,2,3.4,0.14884051987867,0.352228012206452,0.155036950104282,0,0,0,0,0,0,0,0,0,water
18005,1,3,3.1,0.207666035287341,0.334496814807301,0.214111015838161,0,0,0,0,0,0,0,0,0,water
18011,1,1,10.7,0.505820319439995,0.221132860029225,0.204578178962893,0,0,0,0,0,0,0,0,0,water
18039,1,3,0.2,0.194917357465972,0.36816012745896,0.192692847837764,0,0,0,0,0,0,0,0,0,water
18043,1,1,1.8,0.191315091228974,0.310892070930061,0.224299597585171,0,0,0,0,0,0,0,0,0,water
18057,1,1,8.8,0.427635226014632,0.17953007855112,0.133537257902317,0,0,0,0,0,0,0,0,0,water
18059,1,1,10.8,0.155296409850292,0.237505807382456,0.206914018154154,0,0,0,0,0,0,0,0,0,water
18063,1,1,8.5,0.128592539273005,0.220065085438681,0.163152864427319,0,0,0,0,0,0,0,0,0,water
18081,1,1,5.1,0.133868221157857,0.286081116361889,0.153441373391593,0,0,0,0,0,0,0,0,0,water
18085,1,4,0.6,0.590510818470481,0.328137201437305,0.279118870714254,0,0,0,0,0,0,0,0,0,water
18089,1,1,0.8,0.490104354955718,0.402612303931137,0.127017889787016,0,0,0,0,0,0,0,0,0,water
18127,1,1,1.5,0.189678197892485,0.313752475586954,0.189647811996193,0,0,0,0,0,0,0,0,0,water
18141,1,2,0.4,0.158668318605628,0.392894417652593,0.144477277519753,0,0,0,0,0,0,0,0,0,water
18173,1,2,3.7,0.495614940531778,0.258347530588061,0.202534195920527,0,0,0,0,0,0,0,0,0,water
19049,1,2,14.7,0.149760223049943,0.206282063492602,0.183183933694559,0,0,0,0,0,0,0,0,0,water
19113,1,2,0.6,0.143592432067041,0.326590050549348,0.15779391725552,0,0,0,0,0,0,0,0,0,water
19163,1,2,0.6,0.155861667071019,0.33969313607274,0.156794192694307,0,0,0,0,0,0,0,0,0,water
20015,1,2,2.6,0.596007771252353,0.298882611799652,0.27073017013327,0,0,0,0,0,0,0,0,0,water
20091,1,1,3.5,0.108889989712113,0.233011070053687,0.124593611505514,0,0,0,0,0,0,0,0,0,water
20103,1,1,3.3,0.206335717054229,0.292239113025515,0.220998864442192,0,0,0,0,0,0,0,0,0,water
21015,1,1,5.6,0.119169370305102,0.244062580646434,0.149057331597535,0,0,0,0,0,0,0,0,0,water
21037,1,1,0.9,0.199764306575514,0.358890776055563,0.167851655612517,0,0,0,0,0,0,0,0,0,water
21113,1,2,6.6,0.559834261476286,0.350253855054613,0.202250353859326,0,0,0,0,0,0,0,0,0,water
21117,1,1,3.3,0.134202759478493,0.324813783715503,0.133183333088844,0,0,0,0,0,0,0,0,0,water
21185,1,1,4.2,0.14911292505423,0.155897317621802,0.194763076203849,0,0,0,0,0,0,0,0,0,water
21209,1,2,7.2,0.189493994928182,0.27500781538363,0.218002429120434,0,0,0,0,0,0,0,0,0,water
21211,1,1,3.9,0.274775305845792,0.303073590356499,0.289603441042974,0,0,0,0,0,0,0,0,0,water
21215,1,1,6.8,0.410791693706191,0.235759667553124,0.443724822930183,0,0,0,0,0,0,0,0,0,water
21219,1,8,3.9,0.460546383558081,0.425011337092408,0.45720548836226,0,0,0,0,0,0,0,0,0,water
21239,1,2,3.1,0.203372362680232,0.319420865686591,0.287884947966134,0,0,0,0,0,0,0,0,0,water
22005,1,2,5.2,0.477395454591773,0.270874182460083,0.147613860641125,0,0,0,0,0,0,0,0,0,water
22063,1,2,7,0.561936491473281,0.313782703161409,0.242055911152801,0,0,0,0,0,0,0,0,0,water
22103,1,2,4.8,0.538937754291607,0.364204682223333,0.18804645533802,0,0,0,0,0,0,0,0,0,water
24003,1,1,1.5,0.141400712237095,0.214593123158459,0.136279126867963,0,0,0,0,0,0,0,0,0,water
24009,1,3,2.1,0.294070442276422,0.172983394371481,0.317718291995732,0,0,0,0,0,0,0,0,0,water
24011,1,6,2.9,0.434854307541853,0.40612972516311,0.432773569091527,0,0,0,0,0,0,0,0,0,water
24013,1,1,2.4,0.2290155118898,0.217482609931782,0.252998694378252,0,0,0,0,0,0,0,0,0,water
24015,1,1,2.4,0.621264708156052,0.319745869169034,0.287538437109887,0,0,0,0,0,0,0,0,0,water
24017,1,1,4.7,0.231228656519479,0.228728470675183,0.205373594071624,0,0,0,0,0,0,0,0,0,water
24019,1,6,1.9,0.324427777646575,0.459781781358917,0.301968102690068,0,0,0,0,0,0,0,0,0,water
24021,1,1,9.7,0.203206176490188,0.212585445555721,0.204985030404377,0,0,0,0,0,0,0,0,0,water
24023,1,8,-1.4,0.383648519198233,0.357504329765446,0.400985930485775,0,0,0,0,0,0,0,0,0,water
24025,1,1,1.6,0.517046467819783,0.24819820933767,0.181244459089443,0,0,0,0,0,0,0,0,0,water
24029,1,6,2.3,0.367524680444161,0.41842822603469,0.345058332804694,0,0,0,0,0,0,0,0,0,water
24035,1,1,7.3,0.315335387506773,0.272394559502384,0.309476985804922,0,0,0,0,0,0,0,0,0,water
24037,1,3,2.2,0.649664975554888,0.228061011658129,0.299827536624188,0,0,0,0,0,0,0,0,0,water
24041,1,6,1.9,0.316059640993748,0.436507940538775,0.284715336258992,0,0,0,0,0,0,0,0,0,water
24043,1,2,1.6,0.239132600293451,0.375672755141838,0.219474230837811,0,0,0,0,0,0,0,0,0,water
24045,1,3,2.7,0.58086864717659,0.396819388891189,0.205140345001378,0,0,0,0,0,0,0,0,0,water
24047,1,4,3.5,0.299768886508708,0.392292969229681,0.251541798194499,0,0,0,0,0,0,0,0,0,water
26021,1,3,-1.1,0.576276726127294,0.433030240868402,0.224769938936401,0,0,0,0,0,0,0,0,0,water
26037,1,2,1.1,0.254023625272644,0.297146109845138,0.310920905137372,0,0,0,0,0,0,0,0,0,water
26045,1,2,0.3,0.222961887627601,0.32513342538457,0.243237487420873,0,0,0,0,0,0,0,0,0,water
26047,1,7,-0.5,0.304294390266621,0.365632553293796,0.325416285680648,0,0,0,0,0,0,0,0,0,water
26055,1,3,1.3,0.273292524241358,0.343610766227915,0.259102815901948,0,0,0,0,0,0,0,0,0,water
26081,1,1,2.2,0.504945257272277,0.320499466228384,0.169209009875718,0,0,0,0,0,0,0,0,0,water
26093,1,1,1.5,0.547973606406629,0.241970147771849,0.246562444121258,0,0,0,0,0,0,0,0,0,water
26099,1,1,0.7,0.145417554647584,0.355414519740037,0.124421813522311,0,0,0,0,0,0,0,0,0,water
26111,1,3,0.6,0.580541939003665,0.351102237470916,0.254828932054054,0,0,0,0,0,0,0,0,0,water
26139,1,1,3.1,0.503683626229284,0.287455176808508,0.199958157506825,0,0,0,0,0,0,0,0,0,water
27003,1,1,3.4,0.154264955893845,0.254733396325946,0.163941348011751,0,0,0,0,0,0,0,0,0,water
27019,1,1,5,0.161158880349068,0.167104932630592,0.195224616729095,0,0,0,0,0,0,0,0,0,water
27037,1,1,2.9,0.116865487358972,0.238915989650736,0.13147557039033,0,0,0,0,0,0,0,0,0,water
27139,1,1,3.9,0.488769240493013,0.169226964239269,0.172720950229322,0,0,0,0,0,0,0,0,0,water
27163,1,1,5.8,0.139374846402711,0.219287250368293,0.157049411536669,0,0,0,0,0,0,0,0,0,water
28033,1,1,5.2,0.194152202828542,0.313781644783713,0.183825729110948,0,0,0,0,0,0,0,0,0,water
28057,1,9,1.4,0.405144723789907,0.342697623452462,0.445274985632228,0,0,0,0,0,0,0,0,0,water
28073,1,3,3.6,0.299521786018826,0.369306846386397,0.295779822488262,0,0,0,0,0,0,0,0,0,water
28089,1,2,4.6,0.200735344075977,0.336088440262679,0.198285778900138,0,0,0,0,0,0,0,0,0,water
28117,1,7,2.1,0.319370607549964,0.375540861228847,0.364348019419299,0,0,0,0,0,0,0,0,0,water
28121,1,2,2.2,0.536353220573122,0.326129483227345,0.223218023511635,0,0,0,0,0,0,0,0,0,water
28137,1,1,1.5,0.393942238301859,0.392146556696082,0.363283667551821,0,0,0,0,0,0,0,0,0,water
28139,1,8,-1.4,0.465475081355797,0.438459987743614,0.447847483720159,0,0,0,0,0,0,0,0,0,water
28145,1,7,2,0.356758371430034,0.385751957536293,0.363330421334076,0,0,0,0,0,0,0,0,0,water
28155,1,9,1.4,0.419096013598533,0.364871264323013,0.448379813302221,0,0,0,0,0,0,0,0,0,water
29037,1,1,5.3,0.518689053562702,0.276257072130757,0.219125370665578,0,0,0,0,0,0,0,0,0,water
29043,1,2,7.6,0.239889315104188,0.307483267873128,0.251880100237521,0,0,0,0,0,0,0,0,0,water
29047,1,1,3.6,0.463751874209497,0.292299595359173,0.138913042387654,0,0,0,0,0,0,0,0,0,water
29165,1,1,5.6,0.4907783868308,0.27729646625182,0.156549138761762,0,0,0,0,0,0,0,0,0,water
29183,1,1,4.3,0.0950718410837766,0.222305122700131,0.129675428402384,0,0,0,0,0,0,0,0,0,water
31153,1,2,7.1,0.108920324890623,0.22373417680542,0.129038011021283,0,0,0,0,0,0,0,0,0,water
36041,1,8,0.2,0.753911554100021,0.412116654918287,0.451868794487799,0,0,0,0,0,0,0,0,0,water
37001,1,3,6.7,0.216090664598477,0.384228139413469,0.198959074634998,0,0,0,0,0,0,0,0,0,water
37003,1,2,0.8,0.387916040543832,0.354937242487907,0.421134219844691,0,0,0,0,0,0,0,0,0,water
37005,1,9,4.5,0.458497415989627,0.505287045427629,0.444464549764169,0,0,0,0,0,0,0,0,0,water
37009,1,9,2.5,0.417635905471252,0.444107671139099,0.43807468721905,0,0,0,0,0,0,0,0,0,water
37011,1,9,0,0.435876334892651,0.382130971903314,0.441378752004576,0,0,0,0,0,0,0,0,0,water
37013,1,6,-0.3,0.35526841236976,0.460826331776978,0.323241222380073,0,0,0,0,0,0,0,0,0,water
37019,1,2,20.9,0.259256134870195,0.430722917830079,0.233795101182486,0,0,0,0,0,0,0,0,0,water
37023,1,2,1.5,0.262159311125957,0.436653245222691,0.265024141307699,0,0,0,0,0,0,0,0,0,water
37025,1,1,7.8,0.502842962686829,0.297565449394589,0.169507105139636,0,0,0,0,0,0,0,0,0,water
37027,1,2,0.2,0.253234380292074,0.381701591419962,0.255591212322961,0,0,0,0,0,0,0,0,0,water
37029,1,1,7.5,0.431704702766946,0.273707776644331,0.439905972082835,0,0,0,0,0,0,0,0,0,water
37031,1,4,3.8,0.209294832107346,0.405429599814962,0.212660494023311,0,0,0,0,0,0,0,0,0,water
37035,1,2,3.8,0.227835857790558,0.359689629365696,0.228797511905512,0,0,0,0,0,0,0,0,0,water
37037,1,2,9.4,0.342110605784014,0.348360531173004,0.32558634122027,0,0,0,0,0,0,0,0,0,water
37039,1,9,5.2,0.425434746833931,0.457581677986263,0.444881551154901,0,0,0,0,0,0,0,0,0,water
37043,1,9,8,0.515736399146794,0.52049048435276,0.436153211246634,0,0,0,0,0,0,0,0,0,water
37045,1,4,2.3,0.356470195391107,0.429537963338482,0.321370794863141,0,0,0,0,0,0,0,0,0,water
37049,1,4,2.6,0.262903151469726,0.410700828319023,0.229542760526076,0,0,0,0,0,0,0,0,0,water
37053,1,1,13.6,0.426678551744473,0.299655440706549,0.430471168740876,0,0,0,0,0,0,0,0,0,water
37055,1,4,3.1,0.207315805681269,0.376570859509688,0.184419417070975,0,0,0,0,0,0,0,0,0,water
37057,1,2,5.2,0.268451002441394,0.388120467371972,0.270896497050125,0,0,0,0,0,0,0,0,0,water
37059,1,2,5.8,0.691428856039245,0.353482272075091,0.346284445529219,0,0,0,0,0,0,0,0,0,water
37061,1,8,3.8,0.467437039038546,0.440022627766582,0.534204428657183,0,0,0,0,0,0,0,0,0,water
37069,1,1,15.6,0.718198442996236,0.351887441781697,0.378336195996901,0,0,0,0,0,0,0,0,0,water
37071,1,1,5.9,0.542506598292761,0.401510119132182,0.17441894305739,0,0,0,0,0,0,0,0,0,water
37073,1,1,-1.4,0.461342033370654,0.415602061887596,0.529523821516244,0,0,0,0,0,0,0,0,0,water
37077,1,6,2.3,0.372247890448456,0.390520528208642,0.354318815521247,0,0,0,0,0,0,0,0,0,water
37079,1,8,1.1,0.491894116411357,0.479280885516835,0.479284657570139,0,0,0,0,0,0,0,0,0,water
37085,1,4,9.3,0.342150421548133,0.374401522495131,0.326645963643125,0,0,0,0,0,0,0,0,0,water
37087,1,4,1.3,0.293613193513758,0.418576224933005,0.267178359131072,0,0,0,0,0,0,0,0,0,water
37089,1,2,3.6,0.560421627481913,0.414252426494074,0.225270133791558,0,0,0,0,0,0,0,0,0,water
37093,1,2,6,0.31206522866061,0.413791473712883,0.255751056238328,0,0,0,0,0,0,0,0,0,water
37097,1,1,9.9,0.211099427376702,0.312368341003604,0.221839377017562,0,0,0,0,0,0,0,0,0,water
37101,1,1,14.9,0.6361527584864,0.315804036139779,0.287744755942828,0,0,0,0,0,0,0,0,0,water
37105,1,4,8.1,0.282884580239581,0.408561020640832,0.252054103120718,0,0,0,0,0,0,0,0,0,water
37109,1,1,12,0.356363996680198,0.333369129529997,0.357155008602323,0,0,0,0,0,0,0,0,0,water
37111,1,6,1.6,0.330927845995936,0.380318499401425,0.356262261566205,0,0,0,0,0,0,0,0,0,water
37113,1,7,4.4,0.70740638519404,0.467824743563671,0.363020239321847,0,0,0,0,0,0,0,0,0,water
37115,1,2,5,0.456907776855679,0.405227580709306,0.445942101014103,0,0,0,0,0,0,0,0,0,water
37121,1,8,0.9,0.416908973810831,0.408665029580197,0.443668746089243,0,0,0,0,0,0,0,0,0,water
37123,1,8,2.5,0.447608841407486,0.418828662437761,0.456635922552503,0,0,0,0,0,0,0,0,0,water
37125,1,3,8.1,0.623151994013979,0.35336318423676,0.278634748579337,0,0,0,0,0,0,0,0,0,water
37127,1,3,3,0.657892812861894,0.403089853215125,0.276985103083662,0,0,0,0,0,0,0,0,0,water
37133,1,3,3.8,0.599719744618471,0.363714824039906,0.233506446288326,0,0,0,0,0,0,0,0,0,water
37137,1,9,1.9,0.45027618800423,0.451492789339509,0.457641942810413,0,0,0,0,0,0,0,0,0,water
37139,1,4,2.9,0.297163255098043,0.390157303967315,0.267547611289744,0,0,0,0,0,0,0,0,0,water
37141,1,2,15.6,0.665520744146835,0.353824049846794,0.341623961358189,0,0,0,0,0,0,0,0,0,water
37149,1,8,4.9,0.400208389511747,0.457072542151028,0.42876872561945,0,0,0,0,0,0,0,0,0,water
37151,1,2,2.8,0.331543727681671,0.401154576609718,0.320336192425832,0,0,0,0,0,0,0,0,0,water
37157,1,2,2.5,0.660871019271356,0.434527645621183,0.314170223453419,0,0,0,0,0,0,0,0,0,water
37159,1,1,4.4,0.604411802720937,0.41526282566434,0.255705990964596,0,0,0,0,0,0,0,0,0,water
37161,1,4,1.9,0.365581823466981,0.457642475870223,0.33922098806552,0,0,0,0,0,0,0,0,0,water
37163,1,6,2.3,0.415581762727144,0.450685541799177,0.409286555029752,0,0,0,0,0,0,0,0,0,water
37167,1,6,7.4,0.37001856274024,0.388993612516217,0.356308026478635,0,0,0,0,0,0,0,0,0,water
37169,1,2,2.9,0.385994632524259,0.392109873143148,0.384787490356516,0,0,0,0,0,0,0,0,0,water
37171,1,6,0.2,0.366685646196736,0.422724534544896,0.368443047659211,0,0,0,0,0,0,0,0,0,water
37175,1,6,2.5,0.309449393890858,0.459327068873448,0.312426892071087,0,0,0,0,0,0,0,0,0,water
37179,1,1,9.9,0.188495362248317,0.244525016128371,0.208691706539894,0,0,0,0,0,0,0,0,0,water
37183,1,1,9,0.47323478331633,0.262041167381301,0.129133107428067,0,0,0,0,0,0,0,0,0,water
37191,1,3,2.2,0.33085232620018,0.424067344751291,0.295374653344585,0,0,0,0,0,0,0,0,0,water
37193,1,6,0.5,0.325472873311683,0.430088864443804,0.357122732422408,0,0,0,0,0,0,0,0,0,water
37197,1,2,2,0.436778277332151,0.375489068501358,0.45611750817821,0,0,0,0,0,0,0,0,0,water
37199,1,8,2.7,0.44783475947519,0.462912026299084,0.444640340128763,0,0,0,0,0,0,0,0,0,water
39017,1,1,2.2,0.14683555413858,0.330873718703596,0.14264378665678,0,0,0,0,0,0,0,0,0,water
39025,1,1,2.6,0.197149178622113,0.310033626330464,0.197890099303932,0,0,0,0,0,0,0,0,0,water
39041,1,1,10.6,0.477687005814706,0.163816581892794,0.178516569708977,0,0,0,0,0,0,0,0,0,water
39043,1,3,-2.2,0.217524823465454,0.405288425161855,0.204840664482549,0,0,0,0,0,0,0,0,0,water
39045,1,1,5.2,0.223802366144029,0.288305486749696,0.230197799193978,0,0,0,0,0,0,0,0,0,water
39055,1,1,0,0.705320650451256,0.260826039810368,0.372299232753576,0,0,0,0,0,0,0,0,0,water
39057,1,2,2.5,0.169358625995128,0.307545685094464,0.186209554712966,0,0,0,0,0,0,0,0,0,water
39063,1,4,0.1,0.522513869445594,0.344382295770532,0.217389199543725,0,0,0,0,0,0,0,0,0,water
39085,1,1,-0.1,0.11449275441728,0.337040528604321,0.139919631434136,0,0,0,0,0,0,0,0,0,water
39089,1,1,3.4,0.220557918708048,0.323248895943988,0.231898643473506,0,0,0,0,0,0,0,0,0,water
39093,1,1,2.7,0.172599438166104,0.388784196856456,0.158168771476502,0,0,0,0,0,0,0,0,0,water
39095,1,2,-1.1,0.488478694955202,0.43636996365098,0.128078268032422,0,0,0,0,0,0,0,0,0,water
39103,1,1,1.1,0.202230760751048,0.274165123494366,0.223955688460242,0,0,0,0,0,0,0,0,0,water
39113,1,2,0.1,0.148055399580588,0.408716963479013,0.129638103925017,0,0,0,0,0,0,0,0,0,water
39133,1,2,1.2,0.259095166875895,0.368745652235392,0.239504491963413,0,0,0,0,0,0,0,0,0,water
39151,1,2,-0.1,0.484424617426141,0.380205218923679,0.1607816788218,0,0,0,0,0,0,0,0,0,water
39153,1,2,-0.3,0.137389484701277,0.385283825291578,0.124548822194007,0,0,0,0,0,0,0,0,0,water
39159,1,1,13.7,0.220349830380542,0.183047482587218,0.265325586728067,0,0,0,0,0,0,0,0,0,water
39165,1,1,5.3,0.468955451492155,0.214482589151745,0.171115015367209,0,0,0,0,0,0,0,0,0,water
39173,1,2,0.6,0.216403445688528,0.356726865424361,0.215092791241897,0,0,0,0,0,0,0,0,0,water
40017,1,1,16.9,0.49776773641217,0.28062252012798,0.178237163283692,0,0,0,0,0,0,0,0,0,water
40083,1,1,8.3,0.294726083876875,0.314748269991397,0.32973078937469,0,0,0,0,0,0,0,0,0,water
40087,1,1,15.6,0.722216194903903,0.282199758500142,0.409218027459396,0,0,0,0,0,0,0,0,0,water
40113,1,1,1.5,0.695228418990252,0.389279407020844,0.362410047135174,0,0,0,0,0,0,0,0,0,water
40131,1,1,6.3,0.610893644845535,0.304135680592255,0.297075530671991,0,0,0,0,0,0,0,0,0,water
40145,1,1,12.1,0.555806381424533,0.305918252716886,0.23660858722845,0,0,0,0,0,0,0,0,0,water
42001,1,3,4,0.63543150996723,0.331164397181205,0.320889835854333,0,0,0,0,0,0,0,0,0,water
42007,1,1,-1.4,0.527529576275967,0.360056792827393,0.207767044583361,0,0,0,0,0,0,0,0,0,water
42019,1,1,2.7,0.580388228106841,0.30913353552986,0.257329179244562,0,0,0,0,0,0,0,0,0,water
42041,1,2,5.9,0.507561516453942,0.306657695158015,0.181930490823478,0,0,0,0,0,0,0,0,0,water
42055,1,3,2.1,0.585400309638213,0.327701049123492,0.27845863571001,0,0,0,0,0,0,0,0,0,water
42067,1,8,-0.4,0.772205621404898,0.345426360368823,0.451456594238595,0,0,0,0,0,0,0,0,0,water
42071,1,2,1.9,0.561303840818804,0.339126424606946,0.215473023771203,0,0,0,0,0,0,0,0,0,water
42075,1,3,1.4,0.209012480582698,0.350863721251778,0.204624016815448,0,0,0,0,0,0,0,0,0,water
42099,1,2,2.1,0.737958674478433,0.308638385222949,0.426897914129444,0,0,0,0,0,0,0,0,0,water
42109,1,7,-0.3,0.660266058736725,0.332713138256356,0.352784529860115,0,0,0,0,0,0,0,0,0,water
42125,1,1,0.5,0.531683629655489,0.341046973408831,0.219279992125614,0,0,0,0,0,0,0,0,0,water
42129,1,1,-1,0.515328566308739,0.359856133440523,0.200696887712636,0,0,0,0,0,0,0,0,0,water
42133,1,2,3.2,0.543499172631138,0.322391994858555,0.208559470645835,0,0,0,0,0,0,0,0,0,water
45003,1,2,6,0.242442295425839,0.392444629119501,0.236431444227005,0,0,0,0,0,0,0,0,0,water
45007,1,2,6.4,0.255313500582668,0.38667246971741,0.252028356217514,0,0,0,0,0,0,0,0,0,water
45013,1,3,7.4,0.528080748280047,0.392053677684218,0.172779101736771,0,0,0,0,0,0,0,0,0,water
45015,1,2,14.2,0.192166224636812,0.325315223285939,0.184914990473931,0,0,0,0,0,0,0,0,0,water
45019,1,2,5.1,0.197506715657814,0.381370195676507,0.141771204732044,0,0,0,0,0,0,0,0,0,water
45021,1,6,2.7,0.654145592906989,0.436880139481855,0.332710280393046,0,0,0,0,0,0,0,0,0,water
45035,1,2,7.8,0.194041209501581,0.352022767429072,0.16169850415369,0,0,0,0,0,0,0,0,0,water
45043,1,4,4,0.604336673325125,0.434702362949082,0.251758094943542,0,0,0,0,0,0,0,0,0,water
45051,1,2,16.9,0.553740111896078,0.444055008057014,0.19271069559626,0,0,0,0,0,0,0,0,0,water
45055,1,2,9.3,0.318041759498404,0.402764706933283,0.306248975219068,0,0,0,0,0,0,0,0,0,water
45057,1,1,15.6,0.234040275723054,0.373555691341272,0.238102415287873,0,0,0,0,0,0,0,0,0,water
45059,1,2,4.3,0.364527795160051,0.435909715267511,0.327163124488621,0,0,0,0,0,0,0,0,0,water
45063,1,2,6.4,0.533379132552649,0.336609874529426,0.19829200944277,0,0,0,0,0,0,0,0,0,water
45073,1,4,4.7,0.327646398698024,0.438981574838214,0.324087635739656,0,0,0,0,0,0,0,0,0,water
45077,1,2,4.9,0.616595937113318,0.439369095267521,0.235739048509884,0,0,0,0,0,0,0,0,0,water
45083,1,2,12.1,0.22418965478304,0.386431089484755,0.209739628115259,0,0,0,0,0,0,0,0,0,water
45091,1,1,6.7,0.518889647187354,0.305049817850435,0.188692298733829,0,0,0,0,0,0,0,0,0,water
46083,1,2,14.6,0.493460885901211,0.229903968876023,0.199846918644752,0,0,0,0,0,0,0,0,0,water
47001,1,2,5.3,0.239496028548865,0.408866283357034,0.232106036382881,0,0,0,0,0,0,0,0,0,water
47003,1,4,7.6,0.648432618888184,0.396737063381012,0.304487375590904,0,0,0,0,0,0,0,0,0,water
47009,1,2,4.8,0.225161213512654,0.331633122910296,0.234285570902226,0,0,0,0,0,0,0,0,0,water
47011,1,3,4.5,0.231024492584489,0.394726852425283,0.221167291486918,0,0,0,0,0,0,0,0,0,water
47021,1,1,3.7,0.411660468177538,0.28486555068368,0.443727462739157,0,0,0,0,0,0,0,0,0,water
47023,1,3,2.8,0.302431844485752,0.378217687861518,0.327219075025425,0,0,0,0,0,0,0,0,0,water
47033,1,3,0.5,0.462531324604201,0.407126596475966,0.448640545179707,0,0,0,0,0,0,0,0,0,water
47035,1,4,6.9,0.270574436233127,0.439970033609931,0.301835212791291,0,0,0,0,0,0,0,0,0,water
47043,1,1,5.9,0.325743218729316,0.309680200817282,0.340906040692465,0,0,0,0,0,0,0,0,0,water
47047,1,1,6.2,0.341268857278448,0.353828696669491,0.358362031968782,0,0,0,0,0,0,0,0,0,water
47051,1,7,5.4,0.339540704663411,0.383041255962833,0.346395500265894,0,0,0,0,0,0,0,0,0,water
47063,1,3,4.9,0.192128919626428,0.419037167895972,0.186306826963721,0,0,0,0,0,0,0,0,0,water
47089,1,3,7.8,0.348463092694408,0.367849617970874,0.363493667462654,0,0,0,0,0,0,0,0,0,water
47103,1,6,4,0.345872244036776,0.369445652295009,0.353185206965408,0,0,0,0,0,0,0,0,0,water
47105,1,2,12.7,0.222088551472902,0.377086843376046,0.234948909429583,0,0,0,0,0,0,0,0,0,water
47107,1,4,6.4,0.316636545291819,0.378441469137587,0.317615298752682,0,0,0,0,0,0,0,0,0,water
47111,1,1,7.6,0.410335212547046,0.414110639035822,0.372904701937399,0,0,0,0,0,0,0,0,0,water
47117,1,6,9.8,0.328149320353113,0.352978032537914,0.329062447744799,0,0,0,0,0,0,0,0,0,water
47119,1,1,11.4,0.22784100330101,0.341750993518914,0.235801753149096,0,0,0,0,0,0,0,0,0,water
47125,1,2,11.2,0.191694477861139,0.32698150342832,0.170041575255939,0,0,0,0,0,0,0,0,0,water
47143,1,6,4.4,0.665251146442539,0.408859011678983,0.349643987812423,0,0,0,0,0,0,0,0,0,water
47145,1,2,5.7,0.60704088678919,0.385959222573409,0.283279598391329,0,0,0,0,0,0,0,0,0,water
47147,1,1,7.5,0.282019314252959,0.318749453288839,0.28657066697742,0,0,0,0,0,0,0,0,0,water
47149,1,1,9.8,0.510635354092959,0.295365664443512,0.164297735421909,0,0,0,0,0,0,0,0,0,water
47155,1,4,1.3,0.309272654085984,0.395519318308301,0.288622099756031,0,0,0,0,0,0,0,0,0,water
47163,1,2,2.8,0.196062990494715,0.420567434173774,0.199424017481578,0,0,0,0,0,0,0,0,0,water
47165,1,1,7.2,0.201483152033348,0.306182990563659,0.195386009550095,0,0,0,0,0,0,0,0,0,water
47167,1,1,1.9,0.331371187871698,0.342208906696656,0.336730874698363,0,0,0,0,0,0,0,0,0,water
47189,1,1,14.3,0.550489746446445,0.26703281181374,0.227741403855013,0,0,0,0,0,0,0,0,0,water
48015,1,1,8,0.749494369652656,0.399323603792105,0.376878630027601,0,0,0,0,0,0,0,0,0,water
48039,1,1,10.6,0.534117960830757,0.258479867847129,0.188654966228251,0,0,0,0,0,0,0,0,0,water
48053,1,6,12.6,0.694427059321224,0.360314480929849,0.339051427923981,0,0,0,0,0,0,0,0,0,water
48071,1,1,19.5,0.680608517569343,0.253370437038694,0.297048150852181,0,0,0,0,0,0,0,0,0,water
48085,1,1,16.6,0.161596998480876,0.2245125995302,0.131682027964873,0,0.306345733041576,0,0.306345733041576,0.0495045509569422,0.0687784768801489,0.0403402273853001,0.0687784768801489,0.158623255222391,power
48091,1,1,23.2,0.613989349492307,0.293345155406589,0.266513440538173,0,0,0,0,0,0,0,0,0,water
48121,1,1,14.3,0.156048718144487,0.247176912063693,0.135395960848108,0,0.137855579868709,0,0.137855579868709,0.0215121865275769,0.0340747165426972,0.0186650886945969,0.0340747165426972,0.0742519917648711,power
48139,1,1,19.6,0.564320932899536,0.278474302699421,0.214221186324627,0.67,0.107221006564551,0,0.107221006564551,0.0199673292888085,0.0298582950377935,0.0229690112251788,0.0298582950377935,0.0727946355517809,power
48157,1,1,15.6,0.162952718272948,0.24398242330843,0.127642371646083,0,0,0,0,0,0,0,0,0,water
48167,1,1,4.5,0.503682889183047,0.368471607636973,0.124745560135343,0,0,0,0,0,0,0,0,0,water
48187,1,1,12.4,0.534869961694424,0.261564726884517,0.196722034590354,0,0,0,0,0,0,0,0,0,water
48209,1,1,19.7,0.3090529297237,0.359752343520769,0.21110135971782,0.67,0,0,0,0,0,0,0,0,water
48221,1,4,11.4,0.597851624874392,0.371718121021062,0.251703976186802,0.17,0,0,0,0,0,0,0,0,water
48231,1,1,18.4,0.714116341321571,0.364757621502009,0.315885563527928,0,0,0,0,0,0,0,0,0,water
48251,1,1,16.4,0.615751681982019,0.318594529438415,0.266627339838861,0,0,0,0,0,0,0,0,0,water
48257,1,1,34.4,0.289197973436606,0.288774552273283,0.250949444176463,0,0,0,0,0,0,0,0,0,water
48259,1,1,16.3,0.667750692455466,0.287024294550925,0.303370341425044,0,0,0,0,0,0,0,0,0,water
48329,1,3,7.5,0.542182820652083,0.302034425623332,0.157724887881642,0,0,0,0,0,0,0,0,0,water
48339,1,1,19.9,0.547042652965249,0.283549849569677,0.187500285637524,0,0,0,0,0,0,0,0,0,water
48367,1,1,20.2,0.669448099943162,0.265934103149005,0.330648042833381,0.17,0,0,0,0,0,0,0,0,water
48381,1,2,6.5,0.173010216518146,0.320311292646512,0.180598337979982,0,0,0,0,0,0,0,0,0,water
48397,1,1,25.5,0.145088729718223,0.167123083483129,0.157117920776465,0,0,0,0,0,0,0,0,0,water
48491,1,1,18.2,0.157991875965397,0.238793458986039,0.141886579844517,0,0.0153172866520788,0,0.0153172866520788,0.00242000685286166,0.00365766786193057,0.00217331741556153,0.00365766786193057,0.00825099213035377,power
48493,1,1,10.7,0.436601821434694,0.293533326193595,0.405644362768272,0,0,0,0,0,0,0,0,0,water
48497,1,1,17.9,0.765387436023,0.276517536815116,0.413297374655185,0.17,0,0,0,0,0,0,0,0,water
50009,1,9,2,0.501925573529134,0.470597859993617,0.508440921588359,0,0,0,0,0,0,0,0,0,water
50013,1,3,3.5,0.47925448027092,0.350903698025329,0.444907732783309,0,0,0,0,0,0,0,0,0,water
51001,1,9,0,0.758612187843848,0.44354849973322,0.42552535364065,0,0,0,0,0,0,0,0,0,water
51007,1,1,3.4,0.475849485137046,0.379333103783699,0.448063004738285,0,0,0,0,0,0,0,0,0,water
51019,1,2,3.3,0.313790187548175,0.3288795691908,0.34606701682812,0,0,0,0,0,0,0,0,0,water
51023,1,2,1.5,0.275092504195205,0.315348788544406,0.308242464515993,0,0,0,0,0,0,0,0,0,water
51033,1,8,8.2,0.428148456476564,0.3023675979931,0.443842730218505,0,0,0,0,0,0,0,0,0,water
51041,1,1,6.7,0.137118878638455,0.26406554985926,0.138509893440273,0,0,0,0,0,0,0,0,0,water
51043,1,1,5.3,0.807756590175127,0.262912342144805,0.443363495022774,0,0,0,0,0,0,0,0,0,water
51047,1,1,6.4,0.32689892120512,0.292632014140784,0.311640676120622,0,0,0,0,0,0,0,0,0,water
51049,1,8,4,0.412658583813314,0.411601698223535,0.445971071414355,0,0,0,0,0,0,0,0,0,water
51061,1,1,3.9,0.303140135432188,0.20614892303897,0.301732861415519,0,0,0,0,0,0,0,0,0,water
51063,1,3,1.2,0.438411444434905,0.3802564956873,0.441884436708467,0,0,0,0,0,0,0,0,0,water
51065,1,3,5.3,0.296082896606632,0.29923278857753,0.323402893263531,0,0,0,0,0,0,0,0,0,water
51067,1,2,2.1,0.74034615534487,0.376874603776082,0.410338704050308,0,0,0,0,0,0,0,0,0,water
51073,1,1,3.7,0.663495770979478,0.301102545015195,0.352714626358412,0,0,0,0,0,0,0,0,0,water
51075,1,1,13.5,0.391095888388314,0.212965376374749,0.421608153648972,0,0,0,0,0,0,0,0,0,water
51079,1,3,5.5,0.764475007463572,0.31214438784507,0.44404892751852,0,0,0,0,0,0,0,0,0,water
51085,1,1,4.6,0.212811108770523,0.224795596946682,0.238928241875185,0,0,0,0,0,0,0,0,0,water
51087,1,1,1.1,0.151821196139977,0.324197073805436,0.123135583211655,0,0,0,0,0,0,0,0,0,water
51091,1,8,4.8,0.38714621510675,0.370581510923052,0.476702226873737,0,0,0,0,0,0,0,0,0,water
51093,1,1,5.8,0.63403407241414,0.289407603785011,0.305572382690868,0,0,0,0,0,0,0,0,0,water
51099,1,8,7.4,0.762092652831273,0.210129798966391,0.444093275513406,0,0,0,0,0,0,0,0,0,water
51101,1,1,7.3,0.419255802491455,0.298192995639983,0.452160134909111,0,0,0,0,0,0,0,0,0,water
51103,1,9,1.4,0.429259063044101,0.455115584837933,0.446837801231164,0,0,0,0,0,0,0,0,0,water
51109,1,8,11.4,0.770426907826913,0.336011514115732,0.443852245152834,0,0,0,0,0,0,0,0,0,water
51113,1,8,2.8,0.785300081599804,0.31652984761599,0.460128899266166,0,0,0,0,0,0,0,0,0,water
51115,1,1,1,0.404280341558531,0.341913080385752,0.457385321236537,0,0,0,0,0,0,0,0,0,water
51119,1,8,3.2,0.46754390673735,0.388202542645508,0.44394556962094,0,0,0,0,0,0,0,0,0,water
51125,1,3,0.2,0.799007650659544,0.460936095733876,0.444082776515859,0,0,0,0,0,0,0,0,0,water
51127,1,1,17.7,0.436927117200597,0.196965126544183,0.4438146359492,0,0,0,0,0,0,0,0,0,water
51133,1,9,4.7,0.462433447517453,0.444290107995371,0.489729804453383,0,0,0,0,0,0,0,0,0,water
51137,1,6,7.1,0.633462917628241,0.299752797783977,0.301995749178423,0,0,0,0,0,0,0,0,0,water
51145,1,1,6.4,0.370215535724944,0.204907121191751,0.437662277726498,0,0,0,0,0,0,0,0,0,water
51157,1,1,2.1,0.752976235357318,0.329419922307887,0.47408146857469,0,0,0,0,0,0,0,0,0,water
51171,1,6,2.7,0.690300570380865,0.418202984966244,0.344999704586985,0,0,0,0,0,0,0,0,0,water
51179,1,1,7.1,0.156929002136845,0.138884091803682,0.172826862191877,0,0,0,0,0,0,0,0,0,water
51187,1,1,4.1,0.334014656318839,0.338853395757633,0.311346319375009,0,0,0,0,0,0,0,0,0,water
51550,1,1,2.1,0.242098806315245,0.309248725155278,0.1370706067951,0,0,0,0,0,0,0,0,0,water
51800,1,1,8.8,0.343566925432935,0.33386610585519,0.201311838621993,0,0,0,0,0,0,0,0,0,water
51810,1,1,-1.1,0.216980926708593,0.331711598477903,0.116796448676483,0,0,0,0,0,0,0,0,0,water
54003,1,2,11.1,0.553613255935543,0.327231835640365,0.219084950180913,0,0,0,0,0,0,0,0,0,water
54037,1,1,6,0.653592776124893,0.28149706052152,0.317774435958274,0,0,0,0,0,0,0,0,0,water
54079,1,2,-0.7,0.199512751590562,0.316062553345192,0.22721215169276,0,0,0,0,0,0,0,0,0,water
55009,1,2,1.8,0.499051880580563,0.321113778725445,0.169014152431687,0,0,0,0,0,0,0,0,0,water
55039,1,3,0.1,0.200489895781195,0.322116244215875,0.247364585561998,0,0,0,0,0,0,0,0,0,water
55055,1,4,0,0.577846919150319,0.312287310282504,0.26026586863274,0,0,0,0,0,0,0,0,0,water
55059,1,3,-0.3,0.521243410376538,0.347631017234006,0.154368179972812,0,0,0,0,0,0,0,0,0,water
55073,1,3,0.7,0.565929429729549,0.320617412975406,0.258106164598275,0,0,0,0,0,0,0,0,0,water
55087,1,3,2.3,0.16259194075224,0.265752778373594,0.196545848627055,0,0,0,0,0,0,0,0,0,water
55089,1,1,2.5,0.170622064904745,0.275378396031183,0.192417633429005,0,0,0,0,0,0,0,0,0,water
55101,1,3,0.3,0.50651082825133,0.353498169710678,0.160581132006386,0,0,0,0,0,0,0,0,0,water
55105,1,3,1,0.509751319408432,0.337773463384869,0.178030636299387,0,0,0,0,0,0,0,0,0,water
55109,1,1,4.3,0.291107218700848,0.240832209448982,0.324969785465604,0,0,0,0,0,0,0,0,0,water
55111,1,4,1.1,0.25906715864526,0.325456321270708,0.261181899581592,0,0,0,0,0,0,0,0,0,water
55117,1,3,0.2,0.193325130034908,0.318856670918648,0.209201276541409,0,0,0,0,0,0,0,0,0,water
55127,1,4,0.7,0.245618466404671,0.358365126673639,0.234028749327387,0,0,0,0,0,0,0,0,0,water
55131,1,1,1.4,0.195505680778694,0.257691921666464,0.24439537919891,0,0,0,0,0,0,0,0,0,water
55133,1,1,2.3,0.489711882617349,0.264872914976613,0.162294642221506,0,0,0,0,0,0,0,0,0,water
55139,1,3,0.9,0.491387580991796,0.332288748457052,0.169078931974299,0,0,0,0,0,0,0,0,0,water
