fips,ag_emp_share
01001,0.00810090032283291
01003,0.00748433816690747
01005,0.0145612218483044
01007,0
01009,0
01011,0.0403631787126933
01013,0.0295801174341741
01015,0
01017,0.0215047894550119
01019,0.0342939347533528
01021,0
01023,0.026898375519456
01025,0.0168618554172543
01027,0.0142554194156456
01029,0
01031,0.0202084264237427
01033,0.00208324864842893
01035,0.0315428571428571
01037,0.00978540772532189
01039,0
01041,0
01043,0.00554802812497495
01045,0
01047,0
01049,0
01051,0.00488650147288165
01053,0.0159440128014807
01055,0
01057,0.0327858456465217
01059,0.00772384425468301
01061,0
01063,0.0194702934860415
01065,0.070662581386442
01067,0.0679462571976967
01069,0
01071,0
01073,0.000221259422247397
01075,0
01077,0
01079,0
01081,0
01083,0
01085,0
01087,0.0123851790690474
01089,0.00146888689570903
01091,0.0504270865493465
01093,0.00725522767246434
01095,0
01097,0.00376070370549549
01099,0.0366119302949062
01101,0.000764472861213427
01103,0.00122968652452752
01105,0.0151473799126638
01107,0
01109,0
01111,0
01113,0.0035181236673774
01115,0.0042628935523735
01117,0.00187361458076774
01119,0.0171904844591075
01121,0
01123,0
01125,0.00154896232117671
01127,0.00787997980173811
01129,0
01131,0.0271810199887913
01133,0
01999,0
02013,0
02016,0
02020,0.00192183525151597
02050,0
02060,0
02063,0
02066,0
02068,0
02070,0
02090,0.00371344576821909
02100,0
02105,0
02110,0.00428250392209518
02122,0.00636347916306415
02130,0
02150,0
02158,0
02164,0
02170,0.00769699550034645
02180,0
02185,0
02188,0
02195,0
02198,0
02220,0.0148680253925827
02230,0
02240,0.00788692800249883
02275,0
02282,0
02290,0.0116467162730508
02999,0.00186370634470464
04001,0
04003,0.0296073112954362
04005,0.00112842111619341
04007,0.0012553997785506
04009,0
04011,0.00302913946840736
04012,0.0854119128176883
04013,0.00256467913895862
04015,0.00240803952291965
04017,0.0184179559816954
04019,0.00117543496271748
04021,0.0119760575598964
04023,0.0319222509372839
04025,0.00556683522097855
04027,0
04999,0.000768775126973925
05001,0.00816647035728308
05003,0
05005,0
05007,0.00479393798809248
05009,0
05011,0
05013,0
05015,0
05017,0.0818565400843882
05019,0
05021,0.0507687379884689
05023,0
05025,0.030224321133412
05027,0.00838091729600295
05029,0.024195084778053
05031,0
05033,0
05035,0
05037,0.0494053544297166
05039,0.0289939112786315
05041,0.0661945628038169
05043,0.0399795581413633
05045,0.000947449237956777
05047,0.0149454491107458
05049,0
05051,0.00197744922146122
05053,0
05055,0
05057,0
05059,0.0110620843950034
05061,0
05063,0
05065,0
05067,0
05069,0.00672028420585188
05071,0
05073,0.0664026095060578
05075,0.0350494926227977
05077,0.102579852579853
05079,0
05081,0
05083,0.00789204462415355
05085,0
05087,0
05089,0
05091,0.00564891678477425
05093,0.0240516326480243
05095,0.0468527485046995
05097,0
05099,0.0105493630573248
05101,0.013573543928924
05103,0.0116161439983256
05105,0
05107,0.0754892823858341
05109,0
05111,0
05113,0
05115,0
05117,0.0913408263416179
05119,0.000408566596355206
05121,0.0399363564041368
05123,0.0259749843190791
05125,0
05127,0
05129,0
05131,0.000136466908618807
05133,0.0232698094282849
05135,0
05137,0.003749882816162
05139,0.00635545131270334
05141,0.00862628097029446
05143,0
05145,0.00623424857408144
05147,0
05149,0.0150706198644402
05999,0.00114736933949917
06001,0.000882359547753558
06003,0
06005,0.0130886923260818
06007,0.0337956310648884
06009,0
06011,0.000282927355033412
06013,0.00208301868635499
06015,0.0361880696688025
06017,0.00186034178969157
06019,0.0968718430759254
06021,0.114797015302896
06023,0.000143835222369254
06025,0.0670306001188354
06027,0.0041209682652995
06029,0.0800022408072689
06031,0
06033,0
06035,0.0486279583805057
06037,0.00102671411395632
06039,0.217831729124075
06041,0.000101272203930712
06043,0
06045,0
06047,0
06049,0.112655714027803
06051,0
06053,0.271036690309467
06055,0.0770724137286308
06057,0.00745261805332477
06059,0.00102145877458111
06061,0.00135543962138678
06063,0
06065,0.00672750458015244
06067,0.00440572851266359
06069,0.0974685126296641
06071,0.00285808979552255
06073,0.00586527533802525
06075,0.000251351810280218
06077,0.0472449902993228
06079,0.0465008639842014
06081,0.00314687683415438
06083,0.134826682444519
06085,0.00267840716354734
06087,0.0699424057292278
06089,0
06091,0
06093,0.0493864218239605
06095,0.0103308122786099
06097,0.0301644864186245
06099,0.0317168720809711
06101,0.109628326705415
06103,0
06105,0
06107,0.100086515079451
06109,0.00945187330118968
06111,0.0733106203583421
06113,0.04162284916505
06115,0
06999,0.00138025055827479
08001,0.00357195654519084
08003,0
08005,0.000477348769574615
08007,0.00701772359389407
08009,0.0173178458289335
08011,0.0441332484617017
08013,0.00336316075212035
08014,0
08015,0
08017,0.101339745791824
08019,0
08021,0.0274616901835837
08023,0.145700433784129
08025,0.0859934853420196
08027,0
08029,0.0472791656292362
08031,0.00250004872525864
08033,0
08035,0.00171269136488458
08037,0.00114928117686393
08039,0.0128650193996324
08041,0.00137832857058602
08043,0.00435266900865393
08045,0.00601155654452141
08047,0
08049,0.000816647510737402
08051,0
08053,0
08055,0.0131972789115646
08057,0.0920997042670047
08059,0.00182607976671352
08061,0.0592138846350179
08063,0.0700356816861671
08065,0
08067,0.00318415165102441
08069,0.00513366815226503
08071,0.00564971751412429
08073,0.0220869957178274
08075,0.0392232759176827
08077,0.00452829625650896
08079,0
08081,0.00579848920097883
08083,0.00648216742512435
08085,0.0149041977475501
08087,0.0327500523620023
08089,0.040486162437382
08091,0.00823648877355297
08093,0.00994272987591473
08095,0.230105731775181
08097,0
08099,0
08101,0
08103,0.0149394693912596
08105,0.195678535993826
08107,0.00389356606573515
08109,0.210213608714104
08111,0
08113,0.000274423710208562
08115,0.10663021189337
08117,0
08119,0.000414593698175788
08121,0
08123,0.0332916881017124
08125,0.0441477801924868
08999,0
09110,0.00154747748550029
09120,0
09130,0
09140,0.0036783421696321
09150,0.00593673250544813
09160,0.00866458417260486
09170,0.00241884915844391
09180,0.00894378110912274
09190,0.000531807548029411
09999,2.55393919581563e-05
10001,0
10003,0
10005,0
10999,0
11001,1.67499016353816e-05
11999,0
12001,0.000202066284926035
12003,0.00279853817535311
12005,0.00091307799346206
12007,0.000475398145947231
12009,0.000590184399150052
12011,0.000358729948499624
12013,0.0259093366283111
12015,0.00264240492239744
12017,0.00187093762344238
12019,0.000496118093513909
12021,0.00699184005992798
12023,0.0085100376095264
12027,0.0160585784623154
12029,0.0193201995434176
12031,0.000696671150427447
12033,0.000541040304078348
12035,0.00367809003612017
12037,0.0052783447110986
12039,0.000221363906996626
12041,0.0549645390070922
12043,0.000938321030902039
12045,0.00112248809067514
12047,0.0187078874355925
12049,0.000124457719934571
12051,0.100676183320811
12053,0.00256605628610053
12055,0.000112438267066832
12057,0.00266182335057449
12059,0.00274423710208562
12061,0.00654090290962649
12063,0.00820226619313377
12065,0.0615353205389955
12067,0.00266903914590747
12069,0.00992701197259748
12071,0.00217100798707244
12073,0.000389464600722419
12075,0.00924307793129813
12077,0.0239862178637689
12079,0.00082948830939914
12081,0.00155116151112372
12083,0.00660859210979852
12085,0.00189540738231865
12086,0.00358023708335724
12087,0.000929348287874926
12089,0.00553747113058976
12091,6.42249997207609e-05
12093,0.000716000080676065
12095,0.0012346980517193
12097,0.00148856715703089
12099,0.00476211869356215
12101,0.00255017998733965
12103,0.000247988123289341
12105,0.00333510169350065
12107,0.017944936086529
12109,5.30629984131637e-05
12111,0.00302634093912138
12113,0.00363604064113511
12115,0.000143210758938191
12117,0.000600391279389885
12119,0.00653460236314816
12121,0.000509122646606542
12123,0.00181262284341559
12125,0.00917463442069741
12127,0.000930173561930533
12129,0.00650226736124124
12131,0.00067340549756786
12133,0.000758755640749171
12999,0.000818483364684597
13001,0.0400612231316963
13003,0.0144927536231884
13005,0.0164944356120827
13007,0
13009,0
13011,0
13013,0
13015,0
13017,0.0585073844271607
13019,0.0368718016008398
13021,0
13023,0.0138504155124654
13025,0
13027,0.121728637152123
13029,0.00322719449225473
13031,0
13033,0
13035,0
13037,0
13039,0.00134692790803302
13043,0.0209725158562368
13045,0
13047,0
13049,0
13051,0.000455161487502754
13053,0
13055,0.0131323683032383
13057,0.00172024513493173
13059,0
13061,0.319391634980989
13063,0
13065,0.082635342185904
13067,7.07953106225441e-05
13069,0.0317800740885163
13071,0.0682735408125827
13073,0
13075,0
13077,0
13079,0
13081,0
13083,0.00115125267255085
13085,0.00111319683939407
13087,0
13089,0.00062100594909201
13091,0.00588708865854886
13093,0.0304273846461816
13095,0.00301850735896893
13097,0
13099,0
13101,0.505631067961165
13103,0
13105,0.00989326765188834
13107,0.0236048478015784
13109,0.0221928520292968
13111,0
13113,0
13115,0
13117,0.00114157818967069
13119,0.0257361963190184
13121,0.000189265442417172
13123,0
13125,0
13127,0
13129,0.00559061496764644
13131,0.0756798031646375
13133,0
13135,0.000253987539746142
13137,0
13139,0
13141,0
13143,0
13145,0.00400377714825307
13147,0.0280701754385965
13149,0.0146524440276638
13151,0
13153,0
13155,0.0460988536916061
13157,0
13159,0.0305841574064635
13161,0.0805184142622566
13163,0
13165,0.00923822504922005
13167,0.0371665133394664
13169,0.0112565910302743
13171,0
13173,0.0580222890500619
13175,0
13177,0
13179,0
13181,0.0722622725712324
13183,0
13185,0
13187,0
13189,0
13191,0
13193,0
13195,0
13197,0
13199,0.0287521859890958
13201,0.0464519440523547
13205,0
13207,0
13209,0.0357261548687272
13211,0.0175939807088507
13213,0.00854053726642236
13215,0
13217,0.00185411866359447
13219,0
13221,0.0606563203411918
13223,0
13225,0
13227,0
13229,0
13231,0
13233,0
13235,0.0464685653822414
13237,0.0320851399290501
13239,0
13241,0
13243,0.102853831667391
13245,0.000336307250303878
13247,0
13249,0
13251,0.0294193327043486
13253,0.146189401268408
13255,0.00135388682785382
13257,0
13259,0.0279553903345725
13261,0.037792381096256
13263,0
13265,0
13267,0.130942091616249
13269,0
13271,0.0232080261090294
13273,0.0615204678362573
13275,0
13277,0
13279,0.049437656768347
13281,0
13283,0
13285,0
13287,0.0437823834196891
13289,0
13291,0
13293,0
13295,0.000999716746921706
13297,0.00355724139232504
13299,0.0114541662392724
13301,0
13303,0.00801306986152171
13305,0.00831852917124891
13307,0.108376963350785
13309,0.106326677892711
13311,0.023124115148655
13313,0
13315,0.0377637130801688
13317,0
13319,0.0206756994545135
13321,0
13999,0.00118608677265459
15001,0
15003,0.00360326117107087
15007,0
15009,0
15999,0
16001,0.00226690953332513
16003,0.0459320791595407
16005,0
16007,0
16009,0.000736214385629095
16011,0.0159394023885868
16013,0.0087037132409744
16015,0.0209897136502641
16017,0.010851067151712
16019,0
16021,0
16023,0
16025,0
16027,0.0384891873377255
16029,0.0424221453287197
16031,0.152886334867086
16033,0
16035,0
16037,0
16039,0
16041,0.0292932991578177
16043,0
16045,0
16047,0
16049,0.0511382202374469
16051,0.0873547114985471
16053,0.116023458967313
16055,0.00564046771518807
16057,0.0179724365854074
16059,0.027183396087795
16061,0
16063,0.243360277136259
16065,0
16067,0
16069,0
16071,0
16073,0
16075,8.76608576738315e-05
16077,0.155570864908875
16079,0
16081,0.0179799874921826
16083,0
16085,0
16087,0.0167289402173913
16999,0.00158689586129039
17001,0.00454246977480783
17003,0.0309306821320077
17005,0.0251195514758424
17007,0
17009,0.00505519447023625
17011,0
17013,0.0107490762512597
17015,0.0101419878296146
17017,0
17019,0.00388447365381991
17021,0
17023,0.0185896711492824
17025,0.0321857485988791
17027,0
17029,0
17031,0.000367411465563728
17033,0.00677171076536848
17035,0
17037,0.0100079352049472
17039,0.0229936432260628
17041,0
17043,0.000668284253167351
17045,0.0296000282915444
17047,0.0106854313265572
17049,0
17051,0.0150621810434524
17053,0
17055,0.00216207340102356
17057,0
17059,0.127659574468085
17061,0.0513268537730698
17063,0.00236598316042032
17065,0
17067,0
17069,0
17071,0
17073,0
17075,0
17077,0
17079,0.0300347416788076
17081,0.00127839258274041
17083,0
17085,0
17087,0
17089,0.00289240777834484
17091,0.00925413551539413
17093,0.00409678553613921
17095,0
17097,0.00131475827510977
17099,0.00834507355087639
17101,0.022582441378457
17103,0.00332775346388883
17105,0
17107,0.0209553353803298
17109,0.0105465004793864
17111,0.00697234423254154
17113,0
17115,0
17117,0
17119,0.0019066115604609
17121,0.0094526665732081
17123,0
17125,0
17127,0.00225949422090901
17129,0
17131,0.0249455884815001
17133,0
17135,0.0265963479641601
17137,0.00484592445328032
17139,0.0171871217622852
17141,0.0205316619840069
17143,0.00105554917279412
17145,0
17147,0.039983844911147
17149,0
17151,0
17153,0
17155,0
17157,0.00136518771331058
17159,0.00307272106520997
17161,0.00135047728710436
17163,0.00362403165209296
17165,0.00329252596605705
17167,0.00142834352960381
17169,0
17171,0
17173,0
17175,0.0988680326694369
17177,0.0335331746077278
17179,0
17181,0
17183,0.006253757102135
17185,0.0181052320425658
17187,0.0418148423150573
17189,0.0288914137315371
17191,0.0257907542579075
17193,0.0307410903941468
17195,0
17197,0.0012649576522386
17199,0
17201,0.0011977720260245
17203,0.0292704237658366
17999,0.0014519849147762
18001,0
18003,0.00114014024354907
18005,0
18007,0.0894811994288434
18009,0
18011,0.00477146335845207
18013,0.00763416477702192
18015,0.0348027842227378
18017,0
18019,0.000323928197318548
18021,0
18023,0.0182587300902145
18025,0.00563417190775681
18027,0.0162133793181009
18029,0
18031,0
18033,0
18035,0.00171464518535426
18037,0
18039,0
18041,0
18043,0
18045,0.0259636108465741
18047,0.00771989544708528
18049,0
18051,0.00475963272858456
18053,0
18055,0
18057,0.00513835676050723
18059,0.0052817658646526
18061,0.00454921422663358
18063,0.00219272653567634
18065,0
18067,0
18069,0
18071,0.0260634780692087
18073,0
18075,0
18077,0
18079,0
18081,0.000586213328359402
18083,0.0217203829569539
18085,0
18087,0
18089,0.00155893773618297
18091,0
18093,0.00271222716286278
18095,0.00540075721956893
18097,0.000858537052861923
18099,0
18101,0.00355363868302758
18103,0.0173891544420636
18105,0.00153674832962138
18107,0
18109,0.00461067225536031
18111,0
18113,0
18115,0
18117,0
18119,0.00345202629214546
18121,0
18123,0.00360297536029754
18125,0
18127,0
18129,0.00953651958739956
18131,0
18133,0.00604047115675023
18135,0
18137,0.00998532857424398
18139,0
18141,0
18143,0
18145,0.00927352960547981
18147,0
18149,0.0288553639846743
18151,0.00575321029134257
18153,0
18155,0
18157,0.00254195165699591
18159,0.096257877418995
18161,0.00306138068268789
18163,0.000783491349046559
18165,0
18167,0.00226393481596749
18169,0.0109001689325074
18171,0
18173,0.00362134950137858
18175,0.00726675029196765
18177,0
18179,0.01674789543642
18181,0
18183,0.00682690940122316
18999,0.00155558004849602
19001,0.0173348669076569
19003,0
19005,0.0606060606060606
19007,0
19009,0.150528885272579
19011,0
19013,0
19015,0
19017,0
19019,0
19021,0.0413883004725436
19023,0
19025,0.023682810005322
19027,0
19029,0
19031,0
19033,0.00139260960156483
19035,0.0337951838028529
19037,0
19039,0
19041,0
19043,0
19045,0
19047,0.00852781056077969
19049,0
19051,0
19053,0
19055,0
19057,0
19059,0
19061,0
19063,0.0345476441366852
19065,0
19067,0.0214498336543513
19069,0.0622321594931992
19071,0.0491506228765572
19073,0.0288557981637219
19075,0.082993523626769
19077,0.0689080720884446
19079,0
19081,0
19083,0
19085,0.0209191957037592
19087,0
19089,0.0668966297217824
19091,0
19093,0.0307874070470498
19095,0
19097,0
19099,0
19101,0
19103,0
19105,0
19107,0
19109,0.0472978094444023
19111,0
19113,0.00123082167752472
19115,0
19117,0.0150174708200134
19119,0
19121,0.0187430445733029
19123,0
19125,0
19127,0
19129,0
19131,0
19133,0
19135,0
19137,0
19139,0
19141,0.0403489640130862
19143,0.278696051423324
19145,0
19147,0.075202836299175
19149,0
19151,0
19153,0.000710862418601136
19155,0
19157,0
19159,0
19161,0
19163,0.00201509257604706
19165,0.0239722905842676
19167,0.0667783421592997
19169,0
19171,0
19173,0.0492502742898939
19175,0
19177,0
19179,0
19181,0.00799485909769604
19183,0
19185,0.00130378096479791
19187,0.00324393540584762
19189,0.0694470419549903
19191,0
19193,0
19195,0
19197,0.148441247002398
19999,0
20001,0.00224639915429679
20003,0.0139903302129411
20005,0
20007,0.0211656926235982
20009,0.0238053979118832
20011,0.00774809676111537
20013,0
20015,0.00652887675644396
20017,0
20019,0.049739921976593
20021,0
20023,0
20025,0.127971822717934
20027,0.0352214037761409
20029,0
20031,0.00405435843531797
20033,0.0452934226073257
20035,0.00197488256159525
20037,0.00625125743684074
20039,0
20041,0.0166198501872659
20043,0
20045,0.00164321659648762
20047,0
20049,0.0266084193804607
20051,0.0025369227288886
20053,0.00296871431833752
20055,0.0328787731728623
20057,0.0179818387568657
20059,0.0116238979461163
20061,0
20063,0.112070827035198
20065,0.0203735144312394
20067,0.118287153652393
20069,0.2006683640993
20071,0.142914012738854
20073,0.0175054704595186
20075,0
20077,0.0295707147955542
20079,0.00374254139745084
20081,0.318517486414937
20083,0.220841683366733
20085,0
20087,0
20089,0
20091,0.000458732257756409
20093,0
20095,0.0186224717098815
20097,0.0184280639431616
20099,0
20101,0.250996015936255
20103,0
20105,0.0421686746987952
20107,0.0248714576109052
20109,0
20111,0.000861018601250914
20113,0.00392745579716738
20115,0.0171619924654667
20117,0
20119,0
20121,0.00728348073711016
20123,0.054809933295829
20125,0.00868950186925331
20127,0
20129,0.0394287488357653
20131,0
20133,0.0122322978969709
20135,0.00806451612903226
20137,0
20139,0
20141,0.00539784086365454
20143,0.0202000769526741
20145,0.0247578040904198
20147,0.0457449235683322
20149,0
20151,0.0557691266446478
20153,0.0566037735849057
20155,0.00768988163704501
20157,0
20159,0.0700879380496128
20161,0
20163,0.015735752764389
20165,0
20167,0.0100808463918555
20169,0
20171,0.231695906432749
20173,0.00050916113585285
20175,0.0147506597198728
20177,0.000378183358419496
20179,0
20181,0
20183,0
20185,0.0929221854304636
20187,0.195742327896046
20189,0.139644413046038
20191,0.0149347834653426
20193,0.0228421757933849
20195,0.0036281179138322
20197,0.0338018146237324
20199,0.115064695009242
20201,0.0792043399638336
20203,0.199411572409284
20205,0.00608243297318928
20207,0.0428100987925357
20209,0.000243589879370055
20999,0
21001,0
21003,0.00778345148976253
21005,0
21007,0.0319056486654252
21009,0
21011,0
21013,0.00143820224719101
21015,0
21017,0
21019,0
21021,0
21023,0
21025,0
21027,0.00506046267087277
21029,0
21031,0
21033,0
21035,0
21037,0
21039,0.0731076633756465
21041,0
21043,0
21045,0
21047,0.00423212618855507
21049,0.00498402555910543
21051,0
21053,0.00403511255840295
21055,0
21057,0.00154846701765252
21059,0.000935016362786349
21061,0
21063,0
21065,0
21067,0.00889413009456213
21069,0
21071,0
21073,0.000735157666338344
21075,0
21077,0
21079,0
21081,0.000315756236185665
21083,0
21085,0
21087,0
21089,0
21091,0.00443413602564977
21093,0
21095,0.00169953756768507
21097,0.0048160097255342
21099,0.00217411416412249
21101,0.00756337148250057
21103,0
21105,0.0938536087732721
21107,0
21109,0
21111,0.000302139145147645
21113,0
21115,0
21117,0
21119,0
21121,0
21123,0
21125,0.000713959332876399
21127,0
21129,0
21131,0
21133,0
21135,0
21137,0
21139,0.0064210142283838
21141,0
21143,0
21145,0.000883614474095983
21147,0
21149,0
21151,0
21153,0
21155,0.0054709929039597
21157,0.000381962864721485
21159,0
21161,0.0011310795525952
21163,0.00290818446198587
21165,0
21167,0
21169,0.00194797754096482
21171,0.0191582672924521
21173,0
21175,0
21177,0.00941794040450826
21179,0
21181,0.00701663201663202
21183,0.011022986960613
21185,0
21187,0.0126063662149385
21189,0
21191,0
21193,0.000284600901965935
21195,0
21197,0
21199,0
21201,0
21203,0
21205,0
21207,0.00100904257383475
21209,0
21211,0.0107875509868667
21213,0.00592540003276719
21215,0
21217,0
21219,0
21221,0
21223,0
21225,0
21227,0.00184927853573634
21229,0
21231,0
21233,0.0300358225406448
21235,0
21237,0
21239,0.0608713049567349
21999,0.000179530911375848
22001,0.0105701640197865
22003,0.0134935553168636
22005,0.00108536548936043
22007,0.0102826141811759
22009,0
22011,0.0371031746031746
22013,0.0290368271954674
22015,0.00376763785487533
22017,0.00140564384499078
22019,0.00114408093104517
22021,0
22023,0.00956937799043062
22025,0.00846991530084699
22027,0.0124290957624291
22029,0.0141948347892138
22031,0.00717283252477752
22033,0.000165372786291243
22035,0.110176913645122
22037,0.0100063146645942
22039,0.0103385557931012
22041,0.0152466849197402
22043,0.0165111802162002
22045,0.0130686311233196
22047,0.00522006452791137
22049,0.00681759711860046
22051,0.000212662781845913
22053,0.0154515029245254
22055,0.00035896043600027
22057,0.00374714656942271
22059,0.0360422896198206
22061,0.00594624275134259
22063,0.00297458737649433
22065,0.0195424213536702
22067,0
22069,0.00991568179040902
22071,0.000225701075619209
22073,0.00159016907716106
22075,0.00438787207969324
22077,0
22079,0.0111681228979666
22081,0
22083,0.00589958662760365
22085,0.0336338580838044
22087,0
22089,0.000308240620334248
22091,0
22093,0
22095,0
22097,0.00441426146010187
22099,0.00497562956945573
22101,0.00536342247071622
22103,0.00117140832760128
22105,0.00297162627554405
22107,0.165441176470588
22109,0.00173416141281921
22111,0.014052061736927
22113,0.0242836135288741
22115,0.00881288665810669
22117,0.00858214823302105
22119,0.00142353579175705
22121,0.00962661542519121
22123,0
22125,0.000254673254214842
22127,0.0737039350405996
22999,0
23001,0.00992764510719908
23003,0.0516374000535598
23005,0
23007,0
23009,0
23011,0
23013,0.00878643787471573
23015,0.023344142863489
23017,0.0152743233357718
23019,0
23021,0
23023,0
23025,0
23027,0
23029,0
23031,0.0110207541838048
23999,0
24001,0
24003,0.000752632273182238
24005,0.00228955439905355
24009,0.00117498490089497
24011,0.0406600838631138
24013,0.00181797523008749
24015,0.022912385892815
24017,0
24019,0.0112697220135237
24021,0.00307031080324177
24023,0.00783020811868947
24025,0.000975863639320799
24027,0
24029,0
24031,0.000799513395890049
24033,0.000351347728998833
24035,0
24037,0
24039,0.0182249274541723
24041,0
24043,0
24045,0
24047,0
24510,0
24999,0.000833766602070237
25001,0
25003,0.00800602928509905
25005,0.00840553288832384
25007,0.0174619123917117
25009,0.00134114948661457
25011,0.0335956978733806
25013,0.00246259624133936
25015,0.00665596979707409
25017,0.00387245967398993
25019,0
25021,0.00268047000927744
25023,0.00435901228020073
25025,4.86248439369892e-05
25027,0.0048402662536155
25999,0.000555190375303456
26001,0
26003,0
26005,0.041788935985219
26007,0.00385048643113159
26009,0
26011,0
26013,0
26015,0.00717001016221913
26017,0.00606337822014052
26019,0
26021,0.0195070558749573
26023,0.0158227848101266
26025,0.013785046728972
26027,0
26029,0.00477397167292638
26031,0
26033,0
26035,0
26037,0.0425691614840232
26039,0
26041,0
26043,0
26045,0.00891900533457489
26047,0.00686171332351084
26049,0.00131290539445824
26051,0
26053,0
26055,0.00617778395982522
26057,0
26059,0.0207538029260731
26061,0
26063,0
26065,0.00504950955176188
26067,0.0252825288055041
26069,0
26071,0
26073,0.00881180894651176
26075,0.00527502635289304
26077,0.0123618310639318
26079,0.0313173837149605
26081,0.00664489687790681
26083,0.0251836306400839
26085,0.025544267053701
26087,0.01370033769236
26089,0
26091,0.00494001411432604
26093,0.00600830787932283
26095,0.0319430882968336
26097,0
26099,0.0043478839755548
26101,0
26103,0.00651170691656522
26105,0
26107,0
26109,0
26111,0
26113,0.228278087415664
26115,0
26117,0
26119,0
26121,0.00512846772255856
26123,0.041747837198098
26125,0.00133524545165874
26127,0
26129,0.0312161373676753
26131,0
26133,0.0140849430411095
26135,0.00756736803248431
26137,0.00795367334124049
26139,0.0262208204762735
26141,0
26143,0
26145,0.00398295258688227
26147,0.0020449415688886
26149,0.0413068101373354
26151,0.0206613542014601
26153,0.00580698681906167
26155,0.0026416906820365
26157,0.0179731841737271
26159,0.0533020135796842
26161,0.00094891104159298
26163,0.000814714758776052
26165,0.00495012091898428
26999,0.00462087649491732
27001,0
27003,0
27005,0.0163636065520012
27007,0.00229915497026747
27009,0.0184196169638499
27011,0.0292825768667643
27013,0
27015,0
27017,0
27019,0.00293941870250887
27021,0.00482337589710131
27023,0
27025,0
27027,0
27029,0
27031,0
27033,0
27035,0.00207660174947684
27037,0.00577035561952457
27039,0.0342698491629372
27041,0
27043,0.0309283964062075
27045,0.00126732673267327
27047,0
27049,0
27051,0.0753978606835377
27053,0.000880357512098802
27055,0.0303861987845521
27057,0
27059,0.00631387786130585
27061,0
27063,0.0445227577306795
27065,0
27067,0
27069,0
27071,0
27073,0.0237216068031778
27075,0.00313199105145414
27077,0.0161111988627389
27079,0
27081,0.119160260201064
27083,0.0130398760851554
27085,0
27087,0.0119575936883629
27089,0
27091,0.0528188121796804
27093,0.0160490767133474
27095,0
27097,0.0191921893807677
27099,0.00216710106305093
27101,0.0323920970066989
27103,0.0161375526131929
27105,0.03471799553662
27107,0.130536471276129
27109,0.0022574717276256
27111,0.0199102088619949
27113,0.00557901471529111
27115,0.000509213583272334
27117,0
27119,0.0474722181983734
27121,0
27123,0
27125,0.00922463226128148
27127,0
27129,0
27131,0.018010487119082
27133,0
27135,0.0138586787645268
27137,0.00148707031494584
27139,0.00208064058510135
27141,0
27143,0.193396526496596
27145,0.0120334436708138
27147,0
27149,0
27151,0
27153,0
27155,0.0849930523390459
27157,0
27159,0.00620653226516419
27161,0
27163,0.00246857000010416
27165,0
27167,0
27169,0
27171,0.00375336759066394
27173,0
27999,0.00226843585824203
28001,0.00276188597356481
28003,0.00507766953774401
28005,0.0505529225908373
28007,0.00319365673696382
28009,0
28011,0.0252940760472408
28013,0.105599723470446
28015,0
28017,0.039163179916318
28019,0
28021,0
28023,0.0258512507320338
28025,0
28027,0.0520732883317261
28029,0.0265823276029338
28031,0
28033,0
28035,0.00162554131795842
28037,0.0674085850556439
28039,0.0263972935626817
28041,0
28043,0.00913473061865829
28045,0
28047,6.15915250061592e-05
28049,0.00351999853524118
28051,0
28053,0.0821596244131455
28055,0.100478468899522
28057,0
28059,0.00373352855051245
28061,0.0281671942631953
28063,0
28065,0
28067,0.00801286275336725
28069,0.0496284873124912
28071,0.00173941934664282
28073,0.00608607268580495
28075,0.00341105180785746
28077,0.0103812586127699
28079,0.0162102756662698
28081,0.00177946102314251
28083,0.0370296595820967
28085,0.0229743228156766
28087,0.00336211433137779
28089,0.00247938316577214
28091,0.0129979035639413
28093,0.00342920353982301
28095,0.00426660831988622
28097,0.0154130702836005
28099,0
28101,0
28103,0.0402676820122303
28105,0
28107,0.00986715440893338
28109,0.00379169255157345
28111,0.0331517878285579
28113,0.0238992618323925
28115,0.00148948846710358
28117,0.00652714463323664
28119,0
28121,0.00105906526303228
28123,0
28125,0.161704452335428
28127,0.0104859916241925
28129,0
28131,0.0536382536382536
28133,0.0384872824631861
28135,0.0445311082894975
28137,0
28139,0.00776132156080889
28141,0.0176630987749786
28143,0.0405540358647041
28145,0.001221722221091
28147,0
28149,0
28151,0.0129605881850047
28153,0.039782620165673
28155,0.00920810313075506
28157,0.0239334027055151
28159,0.0429005687389684
28161,0.00896395546329496
28163,0.0295024218405989
28999,0.00154656982863203
29001,0.00258444679916264
29003,0
29005,0.114216281895504
29007,0
29009,0
29011,0.0481722867667895
29013,0
29015,0
29017,0
29019,0
29021,0
29023,0
29025,0
29027,0.0138042160168774
29029,0
29031,0.00100612659228517
29033,0.0780022446689113
29035,0
29037,0.0127622546649908
29039,0
29041,0.0371463054847794
29043,0
29045,0
29047,0.00165637638207378
29049,0.0199810764178772
29051,0
29053,0
29055,0
29057,0
29059,0
29061,0
29063,0.00296112331645811
29065,0
29067,0.0118239968986238
29069,0.0326511779394203
29071,0.00261961873500821
29073,0
29075,0.0440662684548631
29077,0.000149039599960999
29079,0
29081,0
29083,0
29085,0
29087,0
29089,0
29091,0.00331441690514301
29093,0.00323950759484558
29095,0.00178867165780504
29097,0.00587914393621486
29099,0.00148142940361167
29101,0
29103,0
29105,0.00806953339432754
29107,0.0213337061372851
29109,0
29111,0
29113,0.0154585254348921
29115,0.02243512005821
29117,0
29119,0.048701864436313
29121,0.0378174784954446
29123,0.0148590473545341
29125,0
29127,0
29129,0
29131,0
29133,0.120808080808081
29135,0
29137,0
29139,0.0138238230550649
29141,0
29143,0
29145,0.00375550827258246
29147,0
29149,0
29151,0.00173270185976666
29153,0.0169790164984783
29155,0.0449948400412797
29157,0.00537028789982448
29159,0.00329396744334504
29161,0
29163,0.0289417044465815
29165,0
29167,0
29169,0
29171,0.130218687872763
29173,0.00711129522231428
29175,0
29177,0
29179,0
29181,0
29183,0
29185,0
29186,0.0100097260496029
29187,0.000670045714409225
29189,0.00147443627079754
29195,0.0319515447877306
29197,0
29199,0.00233553912028026
29201,0.0220113676622356
29203,0.00235811979248546
29205,0
29207,0
29209,0
29211,0
29213,0
29215,0.00767875125881168
29217,0
29219,0
29221,0.000891044997772388
29223,0
29225,0.00504026417936388
29227,0
29229,0
29510,0
29999,0.00259228834749274
30001,0
30003,0.040084388185654
30005,0.0442176870748299
30007,0
30009,0.0763494893823958
30011,0
30013,0.00473978769559275
30015,0
30017,0.0213305076937252
30019,0.0132100396301189
30021,0.00624678474314691
30023,0
30025,0.0159794831327678
30027,0.00508232304515856
30029,0.00681272361907563
30031,0.0126729048006509
30033,0.0173775671406003
30035,0.0125617912183774
30037,0
30039,0.0758655804480652
30041,0
30043,0.0152519291874716
30045,0
30047,0.0157637711596367
30049,0.00475004669115358
30051,0
30053,0.00882773978049944
30055,0.025457793657883
30057,0.0592647543686119
30059,0.161073825503356
30061,0.0212765957446809
30063,0.0087460026113119
30065,0.026051358392259
30067,0.0223526988051092
30069,0.0847058823529412
30071,0
30073,0.0270139893873613
30075,0
30077,0.0501154966355328
30079,0.0527966544694198
30081,0.023753739682082
30083,0.018079149663092
30085,0.0108790887850467
30087,0.00338024282560706
30089,0.017632241813602
30091,0.0328027950310559
30093,0.00178094390026714
30095,0.0149366324683162
30097,0
30099,0
30101,0.00872334533370258
30103,0
30105,0.00605130827580329
30107,0.149958915365653
30109,0.0099304865938431
30111,0.00789924542393948
30999,0.00348732563371831
31001,0
31003,0.109769855595668
31005,0
31007,0
31009,0
31011,0.152114666397497
31013,0.0653437562637803
31015,0
31017,0.187455197132617
31019,0.0149528410397976
31021,0.0704895104895105
31023,0
31025,0.0119760479041916
31027,0
31029,0.181691125087352
31031,0.128606409028
31033,0
31035,0
31037,0
31039,0
31041,0.141303159505849
31043,0.00738427096121904
31045,0.0132830307317457
31047,0
31049,0
31051,0.0162428438290507
31053,0.0189792599163945
31055,0.0012001180347939
31057,0.109226313611916
31059,0.0615609348914858
31061,0
31063,0.110300820419325
31065,0
31067,0
31069,0.166582021330625
31071,0
31073,0.118008948545861
31075,0.460456942003515
31077,0.134831460674157
31079,0
31081,0.0332517723822072
31083,0
31085,0.289855072463768
31087,0.0396887159533074
31089,0.0894617563739377
31091,0.033718689788054
31093,0.0516149461684611
31095,0
31097,0.00334036568213783
31099,0
31101,0
31103,0.222614840989399
31105,0.0413621262458472
31107,0.0580762250453721
31109,0
31111,0.0287447613897526
31113,0.16289592760181
31115,0.128318584070796
31117,0
31119,0
31121,0
31123,0
31125,0
31127,0.011768661735037
31129,0.0265543011607569
31131,0.0272509960159363
31133,0
31135,0.0707138092061374
31137,0.0866178291374329
31139,0.0167569610684138
31141,0
31143,0
31145,0.0396542192290295
31147,0
31149,0.0668103448275862
31151,0.0141613421514778
31153,0.00127876058589367
31155,0
31157,0
31159,0.0268088665830197
31161,0
31163,0.0195005131713992
31165,0.390934844192635
31167,0
31169,0.0607865168539326
31171,0.0900523560209424
31173,0.025944404846757
31175,0
31177,0
31179,0.0296172448796799
31181,0.10583856710863
31183,0.122186495176849
31185,0
31999,0.00382847032787564
32001,0.0370213725821914
32003,0.00176931758573318
32005,7.21405297519568e-05
32007,0.00587415260430134
32009,0.112115732368897
32011,0.00716805734445876
32013,0.0438414029248936
32015,0.012073961639299
32017,0
32019,0.0224342632384005
32021,0
32023,0.0257989709399232
32027,0.0487312208054539
32029,0
32031,0.00139676947248794
32033,0.00956647398843931
32510,0
32999,0.000529419430507591
33001,0.00243299680070499
33003,0.00316275539249794
33005,0.00638267240413994
33007,0
33009,0.00617595275648315
33011,0.00116988250525335
33013,0.00320368343100006
33015,0.00182452850509031
33017,0
33019,0
33999,0
34001,0.00368379543036289
34003,0.00072490278172974
34005,0.00122306852223857
34007,0.00149952533011133
34009,0.00671427417773214
34011,0.0446976807651118
34013,0.000123392703661785
34015,0
34017,0.00085386193695366
34019,0.0181342632955536
34021,0.000614739481854392
34023,0.000776327315260879
34025,0.0027880847960474
34027,0.00201044802373706
34029,0.000995237909870632
34031,0
34033,0
34035,0.000896291982746379
34037,0.00351779190907861
34039,7.9973889605772e-05
34041,0.00706994272827087
34999,0.000183325975710362
35001,0.000821346087791334
35003,0.0179261862917399
35005,0.03969255477802
35006,0.00351651382472592
35007,0
35009,0.0405794737986519
35011,0.0886146943353898
35013,0.0299575404937883
35015,0.0108150700275784
35017,0.00241077511660814
35019,0.0010487676979549
35021,0.106606606606607
35023,0
35025,0.0120838798096052
35027,0.000291736561884618
35028,0
35029,0
35031,0
35033,0.0388930441286462
35035,0.00344449663378738
35037,0.017203875815701
35039,0.00754224188476094
35041,0
35043,0.00200878583145661
35045,0.00538611152670614
35047,0
35049,0.00394048180246824
35051,0
35053,0
35055,0.00310913279799584
35057,0
35059,0
35061,0.00771806367402531
35999,0.00127032279471015
36001,0.00127737303976462
36003,0.0111251164574999
36005,0
36007,0.00202105363864398
36009,0.0117548203702545
36011,0
36013,0.0129215017430372
36015,0.0012610712468381
36017,0.0128928974714484
36019,0.011881675747222
36021,0
36023,0.0163211678832117
36025,0.0112994350282486
36027,0.00766138857728673
36029,0.00197646753379414
36031,0.00807778860040977
36033,0.0204061402515011
36035,0.00251873694557071
36037,0.0379722311914756
36039,0
36041,0.0117067159581023
36043,0.00920308892604092
36045,0.0157140051070517
36047,0.000208140132291182
36049,0
36051,0
36053,0
36055,0.00157050510997751
36057,0.0142397913735008
36059,0.000327637541062597
36061,6.55891016341474e-05
36063,0.0101468974189375
36065,0.00362278425762021
36067,0.004130460707565
36069,0.0111520218518724
36071,0.00907997145522714
36073,0.0733076263924593
36075,0.00861499715904728
36077,0
36079,0
36081,9.57372119905539e-05
36083,0.00777997888104443
36085,0
36087,0
36089,0.0178642714570858
36091,0.00186294896535503
36093,0.000552465056585171
36095,0.0204495833205203
36097,0
36099,0
36101,0.0144801704900153
36103,0.00385694109071028
36105,0.017138305385386
36107,0
36109,0
36111,0.0172699422254042
36113,0.0055688735656952
36115,0.0282782364541899
36117,0.0302002541518777
36119,0.000961907427229424
36121,0
36123,0
36999,0.00100240888957961
37001,0
37003,0
37005,0
37007,0
37009,0
37011,0
37013,0
37015,0.052950221026331
37017,0.0404249422632794
37019,0.00257753688647998
37021,0.00223341051068105
37023,0
37025,0.0012322509021837
37027,0
37029,0.0205640423031727
37031,0
37033,0
37035,0
37037,0
37039,0
37041,0.0286288543556057
37043,0
37045,0
37047,0
37049,0
37051,0
37053,0.00154840447017638
37055,0
37057,0.00112503332444681
37059,0
37061,0.086480527138938
37063,0
37065,0
37067,0
37069,0.00607919184630649
37071,0.000698016626630278
37073,0.110895969019539
37075,0
37077,0.00803957187745483
37079,0.0428878953469117
37081,0.0011230011446807
37083,0.0183943472629801
37085,0
37087,0
37089,0
37091,0.020112771028309
37093,0
37095,0.0656108597285068
37097,0.00639398762374717
37099,0
37101,0
37103,0.0679785330948122
37105,0
37107,0
37109,0
37111,0.00130832969908417
37113,0.00296801809077693
37115,0.00401227283455275
37117,0.0431285367825384
37119,0.00113775032167218
37121,0.000972195216799533
37123,0
37125,0
37127,0
37129,0
37131,0
37133,0
37135,0
37137,0.0197819943480016
37139,0.0110023121925482
37141,0.0365783507596522
37143,0.0423378769103676
37145,0.010494026477236
37147,0
37149,0.0192589875275128
37151,0.00724188458070334
37153,0.0158904109589041
37155,0
37157,0
37159,0.00513213780084946
37161,0
37163,0
37165,0.0107551535110574
37167,0
37169,0.00672812550541808
37171,0
37173,0
37175,0
37177,0.110773130544994
37179,0.00500579529992777
37181,0
37183,0.00159096226222198
37185,0.0441960447119518
37187,0.0569203596660244
37189,0
37191,0
37193,0
37195,0
37197,0.00830942724305075
37199,0
37999,0.00120742416862424
38001,0
38003,0
38005,0
38007,0
38009,0.0253365003958828
38011,0.0357729512684797
38013,0
38015,0.00265246297067269
38017,0.0036923722035425
38019,0.0322190898107129
38021,0.0718865598027127
38023,0
38025,0.00720461095100865
38027,0.0195286195286195
38029,0.0290202342917998
38031,0.035426731078905
38033,0.0229750778816199
38035,0
38037,0
38039,0.0244437480413663
38041,0.0698354661791591
38043,0
38045,0.0718700335511213
38047,0.0670023237800155
38049,0.0769817073170732
38051,0.0580069410014874
38053,0.00357196977897084
38055,0
38057,0.00133689839572193
38059,0.00629298695012001
38061,0.0027776491829082
38063,0.0393512997853566
38065,0.00583991755410512
38067,0.0945205479452055
38069,0.00695732838589982
38071,0
38073,0
38075,0.0274725274725275
38077,0
38079,0.00425005379814934
38081,0.0327601809954751
38083,0.0263157894736842
38085,0.00442625688992818
38087,0
38089,0.00430864652575656
38091,0.111162790697674
38093,0.0147184396206912
38095,0.0888722927557879
38097,0
38099,0
38101,0.00559914861172883
38103,0
38105,0.00194459732159237
38999,0
39001,0
39003,0.00113830107311203
39005,0
39007,0.00483128769127391
39009,0.00104387848305477
39011,0
39013,0.00205858490451799
39015,0
39017,0
39019,0.00258726899383984
39021,0
39023,0.00841804658696162
39025,0
39027,0
39029,0.00811652506859346
39031,0.00744202585659496
39033,0
39035,0.000143874337460448
39037,0
39039,0
39041,0
39043,0
39045,0.00125798130999197
39047,0.0148614883215644
39049,0.000513898292936106
39051,0
39053,0
39055,0
39057,0.00137519912385504
39059,0.00294485250055644
39061,0.000958888211912844
39063,0.000255063000561139
39065,0
39067,0.00269276238013924
39069,0
39071,0.00593539033120384
39073,0
39075,0.0107485782457116
39077,0.0151022169354745
39079,0.0110224908352323
39081,0
39083,0.00440005333397981
39085,0.00611487224284778
39087,0
39089,0.0116366573693077
39091,0
39093,0
39095,0.00109465715235684
39097,0.00825243749601716
39099,0.00243156242517758
39101,0
39103,0
39105,0
39107,0
39109,0.00334592552617377
39111,0.00260439274242556
39113,0.000674627133782752
39115,0.000917201700992245
39117,0.025554593905161
39119,0.00354101141463759
39121,0
39123,0.00590881030073199
39125,0
39127,0.00223450546865812
39129,0.0152418203265661
39131,0
39133,0.00418981409639676
39135,0
39137,0.0104005090880165
39139,0
39141,0.00254105928291307
39143,0
39145,0
39147,0.00337015047195271
39149,0.0067886243659106
39151,0.00108627375043097
39153,0.0017448747894323
39155,0.00212958991158975
39157,0.00447936554560141
39159,0
39161,0.00626789277348833
39163,0
39165,0.00309835225119687
39167,0.00114748098248113
39169,0.017322972506733
39171,0.0049463885219208
39173,0.00529242619750968
39175,0.0156234742700908
39999,0.00066163385537343
40001,0
40003,0.0100947672023074
40005,0
40007,0.05309571927246
40009,0.00678541136556404
40011,0.020758046894697
40013,0.00920544301911018
40015,0.0187427608718543
40017,0.00334604409202253
40019,0.00441179597304021
40021,0.0290921690921691
40023,0.00132844709115896
40025,0
40027,0.00328094521692054
40029,0.0211310122761119
40031,0
40033,0
40035,0
40037,0.00298583170976332
40039,0.00594140946703792
40041,0
40043,0.00929013816102906
40045,0.02723046269648
40047,0.00670479617848039
40049,0.00948337231770569
40051,0.0274191768730001
40053,0.0358261550509006
40055,0
40057,0.085528827796869
40059,0
40061,0.0124178817497196
40063,0.0511151609823831
40065,0.00830089453739269
40067,0.0409494001043297
40069,0.00974120383832509
40071,0.00503752740153594
40073,0.0408412726945893
40075,0.0273093380317141
40077,0
40079,0.00908681768500461
40081,0.0098220781797738
40083,0.0209931034482759
40085,0.00759940290405754
40087,0.0131366168220567
40089,0.0168260352115566
40091,0
40093,0.0779676890657926
40095,0.00905389221556886
40097,0.0163937344250623
40099,0.00373325150864273
40101,0.00286279117477014
40103,0
40105,0.0110326566637246
40107,0.0303719825880491
40109,0.00122590082044156
40111,0.00444606413994169
40113,0.00861901367377357
40115,0.0111434015281279
40117,0
40119,0.0030066230800868
40121,0.000540357987166498
40123,0.0028544591775742
40125,0.00235995258344118
40127,0.01133365901319
40129,0.00888761467889908
40131,0.00621958476324005
40133,0.00325665188470067
40135,0.0229809758398407
40137,0.000678819185748108
40139,0.103482765695527
40141,0
40143,0.0015355420909449
40145,0.00702576112412178
40147,0.00290277668321643
40149,0.0333290272574603
40151,0.0145772594752187
40153,0.0184155771559889
40999,0.00146099965770865
41001,0.0124983350352973
41003,0.00539240192622408
41005,0.00894655705719204
41007,0.00175699244234869
41009,0.0140374331550802
41011,0.00568467111398035
41013,0.0225200013169591
41015,0.00229108123844966
41017,0.00454987995330294
41019,0.0111857758343515
41021,0.0293138760880696
41023,0.0919465762982159
41025,0.0496573689798282
41027,0.0553704360155973
41029,0.0135796905512994
41031,0.0157000585823081
41033,0.00772539654927016
41035,0.0160889157153115
41037,0.0918969416855148
41039,0.00548430560144253
41041,0.00110858821958061
41043,0.0169855948629932
41045,0.000376367775574649
41047,0.0208969009808681
41049,0.00255108038842256
41051,0.00134283937145133
41053,9.68010112858591e-05
41055,0.00152749490835031
41057,0.0244501227516409
41059,0.05598116311034
41061,0.0176287372132366
41063,0.0271089554824182
41065,0.00119611191572455
41067,0.00506873440831181
41069,0.0532703978422117
41071,0.046761366856193
41999,0.00261028525286963
42001,0
42003,0.000603691663739283
42005,0.00699725222058918
42007,0.000906964040937059
42009,0
42011,0.0141618468081321
42013,0.00526164326488186
42015,0.00884827061613495
42017,0.0020291965790962
42019,0.00339013594332504
42021,0.00189217238162129
42023,0.00830258302583026
42025,0
42027,0.00195282724375495
42029,0.0189195026930196
42031,0.00757253639474377
42033,0.00138443789257787
42035,0
42037,0
42039,0.00644060475161987
42041,0.00142508696289885
42043,0.000996722066275477
42045,0.000514252882717349
42047,0.0036745406824147
42049,0.00164836195985128
42051,0.00859849756727041
42053,0
42055,0.0254441223091896
42057,0
42059,0.00079188425648489
42061,0.0213349107759046
42063,0.00971387568391784
42065,0.0206444679412733
42067,0
42069,0.00189210205699609
42071,0.0132428742746844
42073,0.006463055650995
42075,0.00875298925030763
42077,0.000273200971602001
42079,0.000888203017832647
42081,0.00174938220241706
42083,0.00587108668802692
42085,0.00464276651210003
42087,0.0028815478028198
42089,0.00329690004061082
42091,0.000830890838948857
42093,0
42095,0.00265607807097436
42097,0.0155784841256634
42099,0
42101,0
42103,0.000844560627387895
42105,0.00751451077943615
42107,0.0154680763652743
42109,0
42111,0.00690026373862964
42113,0.0097640358014646
42115,0.00578115791541549
42117,0.00826062368718695
42119,0
42121,0.00335539479759889
42123,0.00366413391445212
42125,0.00144461822835205
42127,0.00134843581445523
42129,0.00227604577552402
42131,0.0126311338953043
42133,0.00452162319442433
42999,0
44001,0
44003,0.00129441141965801
44005,0.00248382893573456
44007,0.00128940607056521
44009,0.00144976866734743
44999,0
45001,0.00484758494191633
45003,0.00365806111293738
45005,0.0471353909870822
45007,0.00351055728389412
45009,0.0430484470307789
45011,0.0138227614805713
45013,0
45015,0.00078690179688283
45017,0.0489383881055577
45019,0.00105940253273196
45021,0
45023,0
45025,0.0189169139465875
45027,0.027741477803084
45029,0.0199282389449185
45031,0
45033,0.0101835126573994
45035,0.00277687423952197
45037,0
45039,0
45041,0.002362053537465
45043,0
45045,0.000687815598315691
45047,0
45049,0.0665374017756914
45051,0.0014477317146314
45053,0.00756302521008403
45055,0.0247066174073672
45057,0
45059,0.00180233562945955
45061,0
45063,0.00486744110058252
45065,0
45067,0
45069,0
45071,0.0317493472584856
45073,0
45075,0.0150592413873517
45077,0
45079,0.00335638842089812
45081,0.0866484727616249
45083,0.000822221370730835
45085,0
45087,0.00403999596000404
45089,0.016007236686856
45091,0.00317049252125563
45999,0.000939551379771646
46003,0.111451316595224
46005,0
46007,0.0348493797991731
46009,0
46011,0
46013,0.00824508320726173
46015,0
46017,0
46019,0
46021,0.193530079455165
46023,0
46025,0.146300565919095
46027,0.00415483977127813
46029,0.00641818966757807
46031,0.0196914998359042
46033,0.00295885344429034
46035,0
46037,0.0446611909650924
46039,0.047417992854823
46041,0
46043,0
46045,0.147028793138656
46047,0.0219302578287069
46049,0.10126582278481
46051,0
46053,0.00712184548691748
46055,0
46057,0
46059,0.119767640526226
46061,0
46063,0
46065,0.00415566525083228
46067,0
46069,0.109879963065559
46071,0
46073,0
46075,0
46077,0.0857142857142857
46079,0.0172143230776547
46081,0.00215856290930377
46083,0
46085,0.0102059413158374
46087,0.0815530373397734
46089,0.110722100656455
46091,0
46093,0
46095,0.0105501130369254
46097,0.0502496878901373
46099,0
46101,0.16130604288499
46102,0.0019657951641439
46103,0.00230552164428523
46105,0
46107,0.0853658536585366
46109,0
46111,0.0335907335907336
46115,0.0966630785791173
46117,0.0205799812909261
46119,0.252423698384201
46121,0.000973174240500973
46123,0
46125,0
46127,0.00927268959801077
46129,0
46135,0
46137,0
46999,0
47001,0
47003,0.00108412240977082
47005,0.000750057696745904
47007,0
47009,0
47011,0
47013,0
47015,0
47017,0.00465116279069768
47019,0
47021,0.00150571661902817
47023,0.0011257739696041
47025,0
47027,0
47029,0
47031,0.00339814459432894
47033,0.027213849794495
47035,0.0165518129709538
47037,0.000363580446993244
47039,0
47041,0
47043,0
47045,0.00328477367467484
47047,0
47049,0
47051,0.00894826123833757
47053,0
47055,0
47057,0
47059,0
47061,0
47063,0
47065,0.000869851685210716
47067,0
47069,0.00968977690978743
47071,0.0016656751933373
47073,0
47075,0.0222283289059876
47077,0
47079,0
47081,0
47083,0
47085,0.0010426658881428
47087,0
47089,0
47091,0
47093,0.000660963857729924
47095,0.0488934637159032
47097,0.0292134831460674
47099,0
47101,0.0107688831990361
47103,0
47105,0.00710897138111125
47107,0
47109,0
47111,0.0144035735448288
47113,0
47115,0
47117,0
47119,0.001000100010001
47121,0.00530906332954115
47123,0
47125,0.000562874205325715
47127,0
47129,0
47131,0.00411959048823266
47133,0.0286911809186363
47135,0
47137,0
47139,0
47141,0.00039496946823317
47143,0.00527943905959992
47145,0
47147,0
47149,0.000781638006606424
47151,0.00212197088655944
47153,0
47155,1.37740414414994e-05
47157,0.000199482072002147
47159,0.00651750972762646
47161,0.0016498927569708
47163,0.000382344194740643
47165,0.00103435887515446
47167,0.00800452611948117
47169,0
47171,0.00292006928977976
47173,0
47175,0
47177,0.0230253737327453
47179,0.000226677609723688
47181,0
47183,0.00612784921777076
47185,0
47187,0.00133302673718378
47189,0
47999,0.000632281482348809
48001,0.011137017561266
48003,0.00116595413913719
48005,0.0066190097961345
48007,0.00647430261369994
48009,0.0263776442935492
48011,0
48013,0.0286231947178621
48015,0.00963054742059022
48017,0
48019,0.0307162627421859
48021,0.00991559091859531
48023,0.0390127388535032
48025,0.00869590763535944
48027,0.00162281477607463
48029,0.0012558461109204
48031,0.0213657056145675
48033,0.049618320610687
48035,0
48037,0.00260153372238088
48039,0.00379544830810827
48041,0.00653262376567315
48043,0.0112888052681091
48045,0.166434540389972
48047,0.0363325740318907
48049,0.00658091534549806
48051,0.0370664969774101
48053,0.00863371788541246
48055,0.0166036098995108
48057,0.00517795921252607
48059,0.00287811796112455
48061,0.00254859350092748
48063,0
48065,0.0263396253758922
48067,0.0265384983872513
48069,0
48071,0.00492438755042708
48073,0.0402074792939011
48075,0.0189697180647407
48077,0.0452029520295203
48079,0.0759919300605245
48081,0.010107668644254
48083,0.00972095150960659
48085,0.000659209915247046
48087,0
48089,0.0322548432194927
48091,0.000742417088617899
48093,0
48095,0.0197807435653003
48097,0.00630524632696775
48099,0
48101,0.0375643744319903
48103,0
48105,0.0439624853458382
48107,0
48109,0.0109483175012075
48111,0.305195473251029
48113,0.000684167606565055
48115,0.0918102145663342
48117,0
48119,0.0585467851542081
48121,0.000832548499538669
48123,0.0212999963339077
48125,0
48127,0.0231568998109641
48129,0.0831978319783198
48131,0.0163945624701141
48133,0.0333218529361116
48135,0.00075131952456249
48137,0.0515645658880564
48139,0.00238207912956681
48141,0.00279468166327261
48143,0.0496750980076258
48145,0
48147,0.0171628320105441
48149,0.031401285680273
48151,0
48153,0.173846415801124
48155,0.0389202762084118
48157,0.00121643321228291
48159,0
48161,0.00901311458808041
48163,0.0372307692307692
48165,0.0910059519435667
48167,0.000687877927032182
48169,0.0357251908396947
48171,0.0078060887492244
48173,0.199511151848457
48175,0.0154260089686099
48177,0.109586192555625
48179,0.0343771839329096
48181,0.00491487588261782
48183,0.000479014826174169
48185,0.0457245215423777
48187,0.00432130800495332
48189,0.0317008831287992
48191,0.120678191489362
48193,0.0611178826397353
48195,0.225320886814469
48197,0
48199,0.00774702587792813
48201,0.000766795912962499
48203,0.0066682156133829
48205,0
48207,0.0704860531150827
48209,0.00195639584931057
48211,0.0549809471965161
48213,0.0123795014914291
48215,0.0075210925753623
48217,0.00322141266512442
48219,0.0322227524068824
48221,0.00691930163327701
48223,0.00642294205464709
48225,0.0111921981869948
48227,0.00974279033515199
48229,0
48231,0.00340278147003198
48233,0.00927503932878867
48235,0.0279631394979345
48237,0.0162954915806627
48239,0.0118862819887346
48241,0.00759986830553117
48243,0
48245,0.000964666113910326
48247,0.028719828903147
48249,0.0171342152496178
48251,0.00181230203925546
48253,0.0393354507696066
48255,0.0121070261108196
48257,0.00149253731343284
48259,0.00601943625199439
48261,0
48263,0
48265,0.007031719447179
48267,0
48269,0
48271,0
48273,0.0195807417645704
48275,0.093208430913349
48277,0.00530193101908695
48279,0
48281,0
48283,0.0325105839124531
48285,0.0131568294065258
48287,0
48289,0.0102773177050155
48291,0.00655275586657105
48293,0.00796287809349221
48295,0.101745936183022
48297,0.0237633041033536
48299,0.00828266807648251
48301,0
48303,0.00489572307393464
48305,0.133288903698767
48307,0.0397322392571799
48309,0.00162003723849713
48311,0.0996533795493934
48313,0.0968322116500348
48315,0
48317,0.05472
48319,0
48321,0.0412447022083426
48323,0.0102126393247484
48325,0.0225781951253193
48327,0.0223398001175779
48329,0.00172674065578195
48331,0.0318805822031095
48333,0.0404858299595142
48335,0.0291070547607301
48337,0.0101538305325684
48339,0.000741037058410771
48341,0.152626652626653
48343,0.00200103757503891
48345,0.0692746536267319
48347,0.0173942814229074
48349,0.0183787232103528
48351,0.0628355537880294
48353,0.0140404364569961
48355,0.00248896538407153
48357,0.13453730076965
48359,0
48361,0.000449263819967735
48363,0.00649234083293442
48365,0.00253139588401604
48367,0.0096943608436552
48369,0
48371,0.0305980528511822
48373,0.0143890487672085
48375,0.00365084100876138
48377,0.072786333012512
48379,0.0187893669264439
48381,0.0122964081544601
48383,0.017513388334057
48385,0.0238863783085862
48387,0
48389,0.00966873235780799
48391,0.0316266725644145
48393,0.107541899441341
48395,0.0510940364288779
48397,0.000742377163520544
48399,0.0446625766871166
48401,0.0075405590677127
48403,0.00489147049831856
48405,0.0178504556235177
48407,0
48409,0.0135684426892076
48411,0.105503863743889
48413,0.00846560846560847
48415,0.0113100113100113
48417,0.0279652844744455
48419,0.0507481547431
48421,0.450691851526466
48423,0.00530690579252944
48425,0.00308021121448328
48427,0.00499872481509819
48429,0.0205253886804013
48431,0.10140562248996
48433,0.0109489051094891
48435,0.0576131687242798
48437,0
48439,0.000566114450293253
48441,0.00146084034841042
48443,0
48445,0.0972355385107063
48447,0.0913915094339623
48449,0.00425458764880313
48451,0.00674059146456474
48453,0.000708358995013605
48455,0.00640621718126444
48457,0.0307570013452366
48459,0.00504953042583301
48461,0.00702087286527514
48463,0.0397969126621878
48465,0
48467,0.0337742316555958
48469,0.00562648486031376
48471,0.00390118266435626
48473,0.00638315742322014
48475,0
48477,0.0120458461307963
48479,0.00133014223004264
48481,0.0870451502981623
48483,0.0332124728063814
48485,0.00103709613083367
48487,0.0275947793660659
48489,0
48491,0.00086734546187486
48493,0.00748155678944762
48495,0.00457489156912839
48497,0.00509891662741404
48499,0.013630061335276
48501,0.0619585963881956
48503,0.00696344192986819
48505,0.00335481592654719
48507,0.0635636661882305
48999,0.00136140221032646
49001,0.0249403997799377
49003,0.00812860144369786
49005,0.00711981748092204
49007,0.000604716790969563
49009,0
49011,0.00333256246613074
49013,0.0054361392317293
49015,0.00740491417031303
49017,0
49019,0.000817429008067669
49021,0.0207421941477381
49023,0.0396126278929803
49025,0
49027,0
49029,0
49031,0
49033,0
49035,0.000664570856970697
49037,0.00333315413149831
49039,0.0136546823629229
49041,0.0108594788453339
49043,0.00206953323947346
49045,0
49047,0.00448276426222535
49049,0.00408030830873798
49051,0.00266595574513463
49053,0.000408696603213161
49055,0
49057,0.00331190814974731
50001,0.0451645290840783
50003,0
50005,0.0100056085249579
50007,0.0014485126189591
50009,0.0952380952380952
50011,0.0176127797750203
50013,0
50015,0.0203078025763036
50017,0.0386937691651124
50019,0
50021,0.00437154165764134
50023,0.00502987417873911
50025,0
50027,0.00937368687576094
50999,0
51001,0.0146991968480073
51003,0.0112164036061506
51005,0
51007,0
51009,0.00472402547926
51011,0
51013,0
51015,0.0165957446808511
51017,0.00537221795855718
51019,0
51021,0
51023,0
51025,0
51027,0
51029,0
51031,0
51033,0
51035,0
51036,0
51037,0
51041,0.00140679873046658
51043,0
51045,0.00561056105610561
51047,0.0168329651915607
51049,0.0311371064854636
51051,0
51053,0
51057,0.020617110799439
51059,9.97543305115246e-05
51061,0
51063,0
51065,0
51067,0
51069,0
51071,0
51073,0
51075,0.0037154277436489
51077,0.0109452015076834
51079,0
51081,0
51083,0
51085,0.00719433524846286
51087,0
51089,0
51091,0.0215447154471545
51093,0
51095,0
51097,0.0787731685789938
51099,0
51101,0.0128798670465337
51103,0.004114369043279
51105,0.00455082742316785
51107,0
51109,0
51111,0.0217757205975174
51113,0.02614590058102
51115,0.0195799778935733
51117,0
51119,0
51121,0.00136338899550311
51125,0
51127,0
51131,0.159580887596687
51133,0.0688507540301612
51135,0
51137,0
51139,0.00897609382047812
51141,0.0236024089056512
51143,0
51145,0
51147,0
51149,0
51153,0.000786863879481571
51155,0
51157,0.0493968046951418
51159,0.00804387568555759
51161,0.000246832867464092
51163,0
51165,0
51167,0.00646752091838797
51169,0.00385192596298149
51171,0
51173,0
51175,0
51177,0
51179,0
51181,0
51183,0.0451950895300649
51185,0.00215532855176411
51187,0
51191,0.0129187944083558
51193,0.0573292938708926
51195,0
51197,0.00485666394464263
51199,0.000517301485554918
51510,0
51520,0
51530,0
51540,0
51550,0.000722834656939809
51570,0
51580,0
51590,0
51595,0
51600,0
51610,0
51620,0.000314070351758794
51630,0
51640,0
51650,0
51660,0
51670,0
51678,0
51680,0
51683,0
51685,0
51690,0
51700,0
51710,0
51720,0
51730,0
51735,0
51740,0
51750,0
51760,0.000117376720584717
51770,0
51775,0
51790,0
51800,0
51810,0
51820,0
51830,0
51840,0
51999,0.000816169083210018
53001,0
53003,0.00601728602166223
53005,0.0700164205266657
53007,0
53009,0.00649304749113896
53011,0
53013,0.0821351842670633
53015,0
53017,0
53019,0.00558943089430894
53021,0
53023,0.0392231530845392
53025,0
53027,0
53029,0
53031,0
53033,0.00144292140843416
53035,0.00135969806978807
53037,0
53039,0
53041,0.0347075356825693
53043,0.075954126715548
53045,0
53047,0
53049,0
53051,0
53053,0.00320877223457735
53055,0.0137199492157104
53057,0.0437359229036665
53059,0
53061,0.0059014212589532
53063,0.00648429543032562
53065,0
53067,0
53069,0.078601108033241
53071,0
53073,0
53075,0
53077,0.25294215326447
53999,0.00147733218429719
54001,0
54003,0
54005,0
54007,0
54009,0
54011,6.69488080721134e-05
54013,0
54015,0
54017,0
54019,0.00474909742918757
54021,0
54023,0
54025,0.0113411939539704
54027,0
54029,0
54031,0.0263705759888966
54033,0.000234826831984756
54035,0
54037,0
54039,0.000264563724243195
54041,0.00455294423727344
54043,0
54045,0
54047,0.000752445447705041
54049,0
54051,0
54053,0
54055,0.000485536134110191
54057,0
54059,0.00488072115145177
54061,0.000259579314040729
54063,0.0199617499402343
54065,0
54067,0.00974325664079861
54069,0.000109945485363507
54071,0.00200836820083682
54073,0
54075,0
54077,0
54079,0.00437956204379562
54081,0.00178748149227854
54083,0.00291476101329415
54085,0
54087,0.00217296827466319
54089,0.00387023335230507
54091,0
54093,0.00628053035589672
54095,0
54097,0.0047677340377553
54099,0
54101,0
54103,0.00168444693992139
54105,0
54107,0.00027935887139016
54109,0.00432730133752951
54999,0.00114594792812615
55001,0.110922851010957
55003,0
55005,0.0168608889866108
55007,0.00926420808836629
55009,0.0029489607786642
55011,0.0702957268508899
55013,0
55015,0
55017,0
55019,0.0576130785413745
55021,0
55023,0
55025,0.00682074834582797
55027,0.0229400463010109
55029,0
55031,0
55033,0
55035,0
55037,0.00382262996941896
55039,0.0209045337469189
55041,0
55043,0
55045,0
55047,0.0242122579828743
55049,0
55051,0.00609031491384433
55053,0.051250525770861
55055,0
55057,0.0157620577042455
55059,0
55061,0
55063,0.000967526929499538
55065,0
55067,0
55069,0
55071,0.0329640859077602
55073,0
55075,0
55077,0
55078,0
55079,0.000130925510303465
55081,0.0217482419782983
55083,0
55085,0.00198478332782005
55087,0
55089,0
55091,0.0680967317616109
55093,0
55095,0.00894754673976653
55097,0
55099,0.0185204239119251
55101,0.00292891669221587
55103,0
55105,0
55107,0
55109,0
55111,0
55113,0
55115,0.0277862162545315
55117,0
55119,0.0371135987787813
55121,0
55123,0
55125,0.00345635970185141
55127,0
55129,0
55131,0.0082783012823251
55133,0.00125108025001507
55135,0.0200820384003848
55137,0.0686873832569197
55139,0
55141,0.014464735733766
55999,0.00194718791156729
56001,0.00252683395715305
56003,0.0181728308909049
56005,0.00334354134243687
56007,0.0143419142922619
56009,0.0240693322828442
56011,0.00944515422522358
56013,0.00292178842111967
56015,0
56017,0.00756987577639752
56019,0.021975599000441
56021,0.00670922557253091
56023,0.00567165186860673
56025,0.00246151928709416
56027,0.0231927710843374
56029,0.0248159541008537
56031,0.0573703400550636
56033,0.00893688165741666
56035,0.0148575088056356
56037,0.000193068829037552
56039,0
56041,0.00156197870856207
56043,0.0226717823508894
56045,0.00906129097943392
56999,0
72001,0
72003,0
72005,0
72007,0.0181014823261117
72009,0.0230539289955366
72011,0
72013,0
72015,0
72017,0
72019,0.0427815686575174
72021,0.00197658024417113
72023,0
72025,0
72027,0.0393763635396158
72029,0.0011906280562997
72031,0
72033,0
72035,0
72037,0.000507013689369613
72039,0
72041,0.00381282495667244
72043,0.0468246811799562
72045,0.0269251480883145
72047,0.0199462726662189
72049,0
72051,0
72053,0.00135794397223759
72054,0.00452781371280724
72055,0.0348725526413003
72057,0.000742789816095487
72059,0.0678115367679436
72061,0.000339032512788821
72063,0
72065,0.0354157280873004
72067,0.00961404486554271
72069,0
72071,0
72073,0.0481228125994273
72075,0
72077,0.00779094794919211
72079,0.0557733910221742
72081,0.139688923058726
72083,0.0592380952380952
72085,0.00613863357334838
72087,0
72089,0.00338427947598253
72091,0.00734531338888331
72093,0.0706669076450389
72095,0
72097,0.00788292744699206
72099,0.0274934871604019
72101,0.0320949231666991
72103,0.0194737452185001
72105,0.00691890544162563
72107,0.0127235213204952
72109,0.00259938837920489
72111,0
72113,0.00224608652453783
72115,0.0175678135809212
72117,0.000881747820123445
72119,0.00782247107744246
72121,0
72123,0.0364903906544404
72125,0
72127,0
72129,0
72131,0.0692424819185383
72133,0.0873878308280641
72135,0.00314222712238148
72137,0
72139,0
72141,0.0406165244426804
72143,0
72145,0
72147,0
72149,0
72151,0
72153,0.0302659737083461
72999,0
78010,0
78020,0
78030,0
